title,max_salary,med_salary,min_salary,formatted_work_type,applies,remote_allowed,formatted_experience_level,work_type
Worship Leader,,350.0,,Part-time,,,,PART_TIME
Administrative Coordinator,,25.0,,Full-time,,,,FULL_TIME
Administrative Assistant,,23.0,,Part-time,,,,PART_TIME
Med-RN ER,,56.41,,Full-time,,,,FULL_TIME
Digital Marketing Intern,,25.0,,Internship,3.0,,,INTERNSHIP
Events & Communications Assistant,,4200.0,,Internship,,,,INTERNSHIP
Marketing & Communications – Content Writer Internship,,17.0,,Part-time,,,,PART_TIME
Client Relationship Specialist,,45000.0,,Full-time,,1.0,,FULL_TIME
Clinical Trainee / Pre-Liscneded Therapist,,14000.0,,Full-time,,,,FULL_TIME
Private Fitness Instructor,,40.0,,Part-time,,,,PART_TIME
Drone-Car Engineer,,60000.0,,Full-time,,,,FULL_TIME
2L 2025 Summer Law Clerk,,36.0,,Temporary,,,,TEMPORARY
Medical Consultant,,300.0,,Contract,,,,CONTRACT
Experienced Growth Consultants with OD/OCM experience,,200000.0,,Contract,1.0,1.0,,CONTRACT
Research Technician,,31200.0,,Full-time,,,,FULL_TIME
Creative Development Intern,,18.0,,Internship,,,,INTERNSHIP
Receptionist/Data Entry,,22.0,,Full-time,1.0,,,FULL_TIME
Videographer Intern,,20.0,,Internship,11.0,,,INTERNSHIP
Marina Director,,70000.0,,Full-time,,,,FULL_TIME
Pool Design and Sales Representative,,52000.0,,Full-time,,,,FULL_TIME
Bilingual Counselor Advocate (Spanish-English),,24.3,,Full-time,,,,FULL_TIME
Instructional Coach - Elementary,,60000.0,,Full-time,,,,FULL_TIME
Stewardship Program Coordinator,,21.33,,Full-time,,,,FULL_TIME
Construction Project Manager,,35.0,,Full-time,,,,FULL_TIME
Senior Business Application Developer,,71288.0,,Full-time,,,,FULL_TIME
IT Support Specialist,,20.0,,Part-time,,1.0,,PART_TIME
Sales Account Executive,,100000.0,,Full-time,,,,FULL_TIME
Part-Time Medical Assistant/LPN,,25.0,,Part-time,1.0,1.0,,PART_TIME
Part Time Driver (Manheim),,15.91,,Part-time,,,Entry level,PART_TIME
Junior Engineer - [Full Remote],,85000.0,,Full-time,39.0,1.0,,FULL_TIME
Master Planner,,100000.0,,Full-time,,,,FULL_TIME
Community Support Specialist,,24.27,,Full-time,,,,FULL_TIME
Associate Director of Campus Safety,,75000.0,,Full-time,2.0,,,FULL_TIME
Shelter Team Member with emphasis in Customer Care,,15.0,,Full-time,,,,FULL_TIME
Hardware Design Engineer,,60.0,,Contract,,,,CONTRACT
Financial Operations & Decision Support Manager,,85000.0,,Full-time,,,Mid-Senior level,FULL_TIME
PRN Registered Nurse,,45.32,,Part-time,,,Mid-Senior level,PART_TIME
Product Marketing Specialist,,105000.0,,Full-time,1.0,,Associate,FULL_TIME
Public Relations Intern,,20.0,,Internship,3.0,,Internship,INTERNSHIP
Pool Remodel Salesman,,150000.0,,Full-time,,,,FULL_TIME
Administrative Assistant,,15.0,,Part-time,,,,PART_TIME
Store Experience Guide – Part Time – Carlsbad,,17.0,,Part-time,,,Entry level,PART_TIME
Sales Assistant (Full-Time),,23.0,,Full-time,,,Entry level,FULL_TIME
Risk Consultant,,48.43,,Contract,,,Mid-Senior level,CONTRACT
SBDC Business Consultant,,53000.0,,Full-time,,,,FULL_TIME
Cleaner,,40.0,,Full-time,,,,FULL_TIME
"Instructor, Computer Information Technology",,52900.0,,Full-time,,,,FULL_TIME
HRIS Analyst,,57.0,,Full-time,4.0,,Mid-Senior level,FULL_TIME
Manufacturing Associate,,22.0,,Full-time,4.0,,Associate,FULL_TIME
Human Resources Generalist,,112000.0,,Full-time,1.0,,Associate,FULL_TIME
Business Development Representative (BDR) - Lead Finder,,40000.0,,Full-time,8.0,,,FULL_TIME
Customer Service Representative,,42500.0,,Full-time,,,Entry level,FULL_TIME
"Senior Data Analyst - AI Training (Remote, Contract)",,55.0,,Contract,61.0,1.0,Mid-Senior level,CONTRACT
Commercial Helper II,,23.3,,Full-time,1.0,,,FULL_TIME
Sales Assistant (Full-Time),,23.0,,Full-time,,,Entry level,FULL_TIME
Performance Management Analyst,,85596.92,,Full-time,3.0,,Associate,FULL_TIME
CNC Maintenance Mechanic,,2000.0,,Full-time,,,Mid-Senior level,FULL_TIME
Driver - CDL (B),,32.15,,Full-time,3.0,,,FULL_TIME
Heavy Equipment Operator | Transfer Station,,27.25,,Full-time,,,,FULL_TIME
Senior Copywriter (Beauty) - 79231,,44.82,,Contract,145.0,1.0,Mid-Senior level,CONTRACT
Editorial Assistant,,18.0,,Full-time,,,,FULL_TIME
Anti-Money Laundering Analyst (AML),,70000.0,,Full-time,,,Associate,FULL_TIME
Corporate Receptionist,,55000.0,,Full-time,12.0,,Mid-Senior level,FULL_TIME
Insurance – Senior Claims Advocate - DC12727,,90000.0,,Full-time,1.0,,Mid-Senior level,FULL_TIME
Administrative Professional 2 - 20051120,,20.92,,Full-time,,,,FULL_TIME
Commercial Helper I,,22.0,,Full-time,,,,FULL_TIME
Seeking Hosts For Nonviolence Now Podcast,,800.0,,Contract,4.0,1.0,,CONTRACT
Warehouse Associate,,20.5,,Full-time,3.0,,Entry level,FULL_TIME
Dotnet Developer,,80.0,,Contract,,,Mid-Senior level,CONTRACT
HRIS Analyst | Remote,,57.0,,Full-time,22.0,1.0,Mid-Senior level,FULL_TIME
Technical Analyst,,60000.0,,Full-time,3.0,,Entry level,FULL_TIME
Executive Assistant,,29.0,,Full-time,1.0,,Mid-Senior level,FULL_TIME
Mechanical Engineer,,74173.0,,Full-time,8.0,,,FULL_TIME
Product Manager,,77.0,,Contract,5.0,,Mid-Senior level,CONTRACT
Administrative Assistant,,26.0,,Full-time,10.0,,Entry level,FULL_TIME
Lineman -Journeyman,,49.08,,Full-time,,,Entry level,FULL_TIME
Warehouse Coordinator,,26.98,,Full-time,,,Entry level,FULL_TIME
Customer Service Manager,,80000.0,,Full-time,1.0,,Mid-Senior level,FULL_TIME
Maintenance Shop Labor,,19.6,,Full-time,,,,FULL_TIME
Customer Service Representative,,42500.0,,Full-time,5.0,,Entry level,FULL_TIME
Pharmacy Service Technician,,19.0,,Full-time,,,Entry level,FULL_TIME
Office Manager,,50000.0,,Full-time,,,,FULL_TIME
High-End East Bank Club Seeks Talented Demi Chef!,,1100.0,,Temporary,,,Entry level,TEMPORARY
"Wind Technician I- Rankin, TX",,1000.0,,Full-time,2.0,1.0,Entry level,FULL_TIME
Surgical Technologist - Tech,,2328.0,,Contract,,,Mid-Senior level,CONTRACT
Diesel Mechanic | Entry Level Technician,,23.8,,Full-time,,,,FULL_TIME
Heavy Equipment Operator | Landfill | $3000 Bonus,,26.0,,Full-time,1.0,,,FULL_TIME
Benefits Coordinator,,30.0,,Full-time,8.0,,Associate,FULL_TIME
Field Application Engineer Intern,,25.0,,Internship,9.0,,Internship,INTERNSHIP
Senior Accountant,,69000.0,,Full-time,5.0,,Mid-Senior level,FULL_TIME
"Sales Associate, Part-Time - The Promenade at Westlake",,17.0,,Part-time,,,Entry level,PART_TIME
Part-Time Project Change Manager,,80.0,,Part-time,11.0,1.0,Mid-Senior level,PART_TIME
Summer Camp Director ,,7000.0,,Temporary,,,Director,TEMPORARY
Federal Tax Associate - Fall 2024,,64000.0,,Full-time,,,,FULL_TIME
Audit Associate - Winter 2026,,78000.0,,Full-time,,,,FULL_TIME
Business Tax Services Associate - Fall 2024,,72000.0,,Full-time,,,,FULL_TIME
Nurse - LPN - LTC,,19.0,,Contract,,,Entry level,CONTRACT
Ground Operations Crew,,19.95,,Temporary,10.0,,Entry level,TEMPORARY
Federal Tax Associate - Fall 2024,,64000.0,,Full-time,,,,FULL_TIME
Technical Medical Specialist - 20068644,,35.74,,Full-time,,,Entry level,FULL_TIME
Federal Tax Associate (Fall 2026/Winter 2027)​,,66000.0,,Full-time,,,,FULL_TIME
Systems Engineer,,70.0,,Contract,2.0,,Entry level,CONTRACT
Sr Professional Recruiter (Remote) - RPO Consultant,,70.0,,Contract,530.0,1.0,Mid-Senior level,CONTRACT
Accounts Payable Specialist,,30.0,,Full-time,4.0,,,FULL_TIME
Laborer II- Drill Operator,,28.0,,Full-time,,,Entry level,FULL_TIME
Cable Technician Data center technician,,30.45,,Contract,,,Entry level,CONTRACT
Community Associate,,36400.0,,Full-time,2.0,,Entry level,FULL_TIME
Account Executive,,100000.0,,Full-time,,,Mid-Senior level,FULL_TIME
Account Executive,,40000.0,,Full-time,1.0,,Associate,FULL_TIME
Recruiting Coordinator,,40000.0,,Full-time,1.0,,Entry level,FULL_TIME
Inside Sales Representative,,40000.0,,Full-time,,,Entry level,FULL_TIME
Production Worker,,15.0,,Contract,,,Entry level,CONTRACT
1st shift Injection / CNC Operator,,17.0,,Contract,,,Entry level,CONTRACT
Bilingual Temporary Case Aide,,19.0,,Contract,,,Entry level,CONTRACT
Office Manager for Prestigious Finance Firm,,60000.0,,Full-time,6.0,,,FULL_TIME
Customer Service Rep (Workplace Solutions Claims) – Remote,,18.72,,Full-time,26.0,1.0,Associate,FULL_TIME
CMM Operator 2nd Shift,,17.5,,Contract,,,Entry level,CONTRACT
Administrative Assistant Contract Support,,28.0,,Contract,1.0,,Mid-Senior level,CONTRACT
Quality Inspector,,14.0,,Contract,,,Mid-Senior level,CONTRACT
Voice Engineer,,60.0,,Contract,22.0,1.0,,CONTRACT
Sales Development Representative,,40000.0,,Full-time,2.0,,Entry level,FULL_TIME
Maintenance Technician,,15.0,,Contract,,,Entry level,CONTRACT
Dishwasher,,18.0,,Contract,,,Entry level,CONTRACT
Executive Assistant,,125000.0,,Full-time,14.0,,,FULL_TIME
Sales Development Representative,,40000.0,,Full-time,1.0,,Entry level,FULL_TIME
Data Privacy Officer,,55.0,,Temporary,,,Mid-Senior level,TEMPORARY
Truck Driver - CDL Class A - Penske Logistics,,65000.0,,Full-time,,,,FULL_TIME
Truck Driver - CDL Class B - Penske Logistics,,70000.0,,Full-time,,,,FULL_TIME
Truck Driver - Local Class B - Penske Logistics,,37000.0,,Part-time,,,,PART_TIME
Production Team Member,,21.08,,Full-time,,,Mid-Senior level,FULL_TIME
Medical Administrative Assistant,,27.0,,Full-time,,,Entry level,FULL_TIME
IT Buyer / Strategic  Sourcing Manager,,54.0,,Temporary,2.0,,Mid-Senior level,TEMPORARY
Sales and Operations Management Trainee,,25.0,,Full-time,1.0,,,FULL_TIME
Diesel Technician/Mechanic III - Entry Level,,36.45,,Full-time,,,,FULL_TIME
Shipping & Receiving Clerk - 1st Shift,,20.5,,Full-time,,,,FULL_TIME
Sales and Operations Management Trainee,,25.0,,Full-time,,,,FULL_TIME
Reporting Analyst - 79249,,30.0,,Contract,4.0,,Entry level,CONTRACT
Substitute - Program Aide - BASE,,15.62,,Part-time,,,Entry level,PART_TIME
Experiential Education Coach,,70000.0,,Full-time,,,,FULL_TIME
Haul Truck Driver,,23.0,,Full-time,1.0,,Entry level,FULL_TIME
Cloud Engineer,,65.0,,Contract,36.0,1.0,Mid-Senior level,CONTRACT
Diesel Technician/Mechanic III - Entry Level,,26.86,,Full-time,,,,FULL_TIME
Truck Driver - CDL Class A - Penske Logistics,,25.0,,Full-time,,,,FULL_TIME
Accountant,,32.95,,Full-time,4.0,,Mid-Senior level,FULL_TIME
Customer Service Representative Fueler/Washer,,24.25,,Full-time,,,,FULL_TIME
Truck Driver - Local Class B - Penske Logistics,,23.5,,Full-time,,,,FULL_TIME
Intake and Admissions Specialist,,22.91,,Part-time,,,Entry level,PART_TIME
Truck Driver - CDL Class A - $90000 Annually - Penske Logistics,,31.0,,Full-time,,,,FULL_TIME
Security Officer,,18.5,,Full-time,,,Entry level,FULL_TIME
Merchandiser,,20.0,,Full-time,,,Entry level,FULL_TIME
Full-Time Merchandiser,,20.0,,Full-time,,,Entry level,FULL_TIME
Accounting Manager (140219),,135000.0,,Full-time,,,Mid-Senior level,FULL_TIME
Material Handler - 1st Shift,,90.0,,Full-time,,,Entry level,FULL_TIME
Quality Technician I,,19.53,,Full-time,,,Entry level,FULL_TIME
Service Technician,,25.0,,Full-time,,,Entry level,FULL_TIME
CNC Work Group 2,,21.35,,Full-time,,,Entry level,FULL_TIME
CT Technologist - Radiology,,3682.0,,Contract,,,Mid-Senior level,CONTRACT
Maintenance Mechanic,,5000.0,,Full-time,,,Entry level,FULL_TIME
Mechanical Assembler,,20.0,,Full-time,,,Entry level,FULL_TIME
Account Executive (140198),,55.0,,Full-time,,,Mid-Senior level,FULL_TIME
Material Handler I,,90.0,,Full-time,,,Entry level,FULL_TIME
Production Scheduler - 1st Shift,,20.0,,Internship,,,Entry level,INTERNSHIP
HR Generalist,,90.0,,Full-time,,,Mid-Senior level,FULL_TIME
"Sales, Summer Intern",,20.0,,Internship,,,Internship,INTERNSHIP
Precision Assembler - 2nd Shift,,22.0,,Full-time,,,Entry level,FULL_TIME
Warehouse Clerk,,15.0,,Full-time,,,Entry level,FULL_TIME
CNC Maintenance Mechanic,,2000.0,,Full-time,,,Mid-Senior level,FULL_TIME
Landfill Grounds Crew | $2250 Bonus,,21.5,,Full-time,,,,FULL_TIME
Federal Tax Associate (Fall 2025/Winter 2026),,72000.0,,Full-time,,,,FULL_TIME
Package Handler - Part Time (Warehouse like),,17.85,,Part-time,2.0,,,PART_TIME
Payroll Coordinator,,22.5,,Contract,,,Entry level,CONTRACT
Test Associate,,19.0,,Contract,1.0,,Entry level,CONTRACT
Microbiology Tech I,,20.0,,Contract,,,Entry level,CONTRACT
Vocational Specialist I,,24.52,,Full-time,,,Entry level,FULL_TIME
2024 Summer Tax Associate (Temporary),,22.0,,Full-time,,,Entry level,FULL_TIME
Federal Tax Associate (Fall 2025/Winter 2026),,72000.0,,Full-time,,,,FULL_TIME
Entry Level Microbiology Technician - No experience needed!,,19.5,,Contract,1.0,,Entry level,CONTRACT
Maintenance Technician,,50.0,,Full-time,,,,FULL_TIME
IT Help Desk Support Specialist,,29.0,,Contract,1.0,,Entry level,CONTRACT
Chemist I,,21.5,,Full-time,,,Mid-Senior level,FULL_TIME
Speech Language Pathologist (SLP),,45.0,,Full-time,,,Entry level,FULL_TIME
Speech Language Pathologist (SLP),,50.0,,Full-time,,,Entry level,FULL_TIME
Data Reporting Team Lead,,65.0,,Full-time,,,Mid-Senior level,FULL_TIME
Network Engineer - Onsite,,165000.0,,Full-time,,,Entry level,FULL_TIME
LPN Licensed Practical Nurse,,34.0,,Full-time,,,Entry level,FULL_TIME
Certified Nursing Assistant (CNA) $3000 Sign On Bonus,,20.08,,Full-time,,,Entry level,FULL_TIME
Certified Nursing Assistant (CNA),,19.53,,Full-time,,,Entry level,FULL_TIME
Certified Nursing Assistant (CNA),,19.53,,Full-time,,,Entry level,FULL_TIME
LPN Licensed Practical Nurse,,4000.0,,Full-time,,,Entry level,FULL_TIME
Registered Nurse (RN) Infection Preventionist,,45.0,,Full-time,,,Mid-Senior level,FULL_TIME
Lead Development and Analytics Engineer,,150000.0,,Full-time,1.0,1.0,Mid-Senior level,FULL_TIME
Entry-Mid IT Support Specialist,,30.0,,Full-time,,,Entry level,FULL_TIME
Assistant Director of Rehabilitation Services (PT),,48.0,,Full-time,,,Director,FULL_TIME
Physical Therapist (PT),,50.0,,Part-time,,,Entry level,PART_TIME
Licensed Physical Therapist Assistant,,32.0,,Part-time,,,Entry level,PART_TIME
Certified Nursing Assistant (CNA),,17.5,,Part-time,,,Entry level,PART_TIME
Certified Nursing Assistant (CNA),,24.0,,Full-time,,,Entry level,FULL_TIME
LPN Licensed Practical Nurse,,34.13,,Full-time,,,Entry level,FULL_TIME
LPN Licensed Practical Nurse,,45.0,,Part-time,,,Entry level,PART_TIME
Cyber Security Analyst II,,130000.0,,Full-time,,1.0,Entry level,FULL_TIME
Laundry Assistant,,17.0,,Full-time,,,Entry level,FULL_TIME
LPN Licensed Practical Nurse,,34.13,,Full-time,,,Entry level,FULL_TIME
Controls Automation Engineer,,50.0,,Contract,,,Entry level,CONTRACT
HPC Systems Administrator,,60.0,,Full-time,,1.0,Mid-Senior level,FULL_TIME
Quality Control Translator (German),,14.0,,Full-time,1.0,1.0,Entry level,FULL_TIME
Cloud Systems Engineer (Security),,135000.0,,Full-time,2.0,1.0,Entry level,FULL_TIME
LPN Licensed Practical Nurse,,40.62,,Full-time,,,Entry level,FULL_TIME
RN Registered Nurse,,33.75,,Full-time,,,Mid-Senior level,FULL_TIME
Certified Nursing Assistant (CNA),,19.53,,Full-time,,,Entry level,FULL_TIME
LPN Licensed Practical Nurse,,4000.0,,Full-time,,,Entry level,FULL_TIME
Solution Architect - Enterprise Content Management Systems,,70.0,,Contract,,,,CONTRACT
Climate Sustainability Intern,,17.0,,Internship,1.0,,Internship,INTERNSHIP
Upper Midwest Contracting Intern,,17.0,,Full-time,,,Internship,FULL_TIME
Climate Sustainability Intern,,17.0,,Internship,1.0,,Internship,INTERNSHIP
Summer Intern 2024 - Planning and Evaluation,,20.0,,Internship,1.0,,Internship,INTERNSHIP
AP Specialist,,54000.0,,Full-time,,,Entry level,FULL_TIME
Summer Intern 2024 - Public and Patient Engagement,,20.0,,Internship,,,Internship,INTERNSHIP
Summer Intern 2024 - Public and Patient Engagement,,20.0,,Internship,1.0,,Internship,INTERNSHIP
Summer Intern 2024 - Planning and Evaluation,,20.0,,Internship,1.0,,Internship,INTERNSHIP
Scoring Assistant- Languages Other Than English (LOTEs),,17.5,,Full-time,1.0,,,FULL_TIME
Plant Engineer I - Plant Operations,,22.0,,Other,,,Entry level,OTHER
Part-Time Retail Sales Associate,,13.0,,Part-time,,,,PART_TIME
Scoring Assistant- Sciences,,17.5,,Full-time,,,,FULL_TIME
Production Technician,,24.48,,Full-time,1.0,,Associate,FULL_TIME
Full-Time Customer Service Supervisor,,17.25,,Full-time,,,,FULL_TIME
Part-Time Beauty Advisor - Sephora,,13.7,,Part-time,,,,PART_TIME
Branch Sales Associate (Part Time),,23.0,,Full-time,,,Entry level,FULL_TIME
Exam Scorer- Physical Education,,17.5,,Full-time,,,,FULL_TIME
Showroom Administrative Assistant,,19.0,,Full-time,,,,FULL_TIME
Retail Sales Associate - NEW STORE OPENING,,13.5,,Part-time,,,Entry level,PART_TIME
Driver,,16.0,,Full-time,,,,FULL_TIME
Weekends ONLY -Advanced Practice Provider #3888,,55.29,,Full-time,,,,FULL_TIME
Bilingual Spanish Medical Assistant San Marcos - #3966,,23.0,,Full-time,,,,FULL_TIME
Bilingual Spanish Medical Assistant Oceanside - #3988,,23.0,,Full-time,,,,FULL_TIME
Licensed Vocational NURSE- Primary Care -Community Clinic,,27.23,,Full-time,,,,FULL_TIME
Senior Client Solutions Associate - Philadelphia,,61000.0,,Full-time,,,Mid-Senior level,FULL_TIME
Registered Nurse Supervisor- Family Medicine,,42.17,,Full-time,,,,FULL_TIME
Bilingual Spanish Medical Assistant San Marcos - #3966,,23.0,,Full-time,,,,FULL_TIME
Medical Assistant Supervisor- Outpatient Pediatrics Clinic,,25.0,,Full-time,,,,FULL_TIME
Registered Dental Assistant Float,,27.23,,Full-time,,,,FULL_TIME
Mobile Registered Dental Assistant,,27.0,,Full-time,,,,FULL_TIME
Central Service Courier,,23.7,,Full-time,,,,FULL_TIME
General Dentist Part-Time,,75.0,,Part-time,,,Mid-Senior level,PART_TIME
Receiving Associate,,18.0,,Full-time,,,,FULL_TIME
"Travel Nurse RN - ER/Trauma - $2,281 per week in Elizabethtown, NY",,10.0,,Full-time,,,Mid-Senior level,FULL_TIME
Order Fulfillment Associate,,18.0,,Full-time,,,,FULL_TIME
Truck Driver CDL Class A,,21.5,,Full-time,,,,FULL_TIME
HR Representative,,50000.0,,Part-time,,,Entry level,PART_TIME
"Travel Nurse RN - Med/Surg - $2,249 per week in Hyannis, MA",,10.0,,Full-time,,,Mid-Senior level,FULL_TIME
Cashier,,11.0,,Part-time,,,Entry level,PART_TIME
"Travel Nurse RN - ICU/Critical Care - $2,436 per week in Perth Amboy, NJ",,10.0,,Full-time,,,Mid-Senior level,FULL_TIME
Nurse Practitioner,,5000.0,,Full-time,,,,FULL_TIME
Food Prep - Corporate Dining P/T,,18.0,,Full-time,,,,FULL_TIME
Registered Nurse (RN),,37.35,,Full-time,,,Entry level,FULL_TIME
Licensed Practical Nurse (LPN),,32.7,,Full-time,,,Entry level,FULL_TIME
Forklift Operator I,,20.03,,Full-time,,,,FULL_TIME
Seasonal Auto Glass Repair Service Specialist,,19.5,,Full-time,,,Entry level,FULL_TIME
Nursing Assistant,,14.28,,Full-time,1.0,,Entry level,FULL_TIME
Warehouse Worker-Parcel Manifest Specialist,,18.0,,Full-time,,,,FULL_TIME
Director Human Resources Labor Relations,,105000.0,,Contract,,,,CONTRACT
Seasonal Auto Glass Repair Service Specialist,,19.5,,Full-time,,,Entry level,FULL_TIME
Implementation Services Manager,,90000.0,,Full-time,,,Mid-Senior level,FULL_TIME
Bilingual Service Scheduler,,15.0,,Full-time,,,Entry level,FULL_TIME
Material Handler,,26.0,,Full-time,,,Entry level,FULL_TIME
Seasonal Auto Glass Repair Specialist l,,18.0,,Full-time,,,Entry level,FULL_TIME
Seasonal Auto Glass Repair Specialist 1,,19.5,,Full-time,,,Entry level,FULL_TIME
Picker/ Loader ,,19.24,,Full-time,,,Entry level,FULL_TIME
Extension Custodian - Boone County,,18.0,,Full-time,,,Entry level,FULL_TIME
Receptionist,,50000.0,,Full-time,3.0,,Entry level,FULL_TIME
Car Wash Site Manager - Shop#310 - 672 S. W. Temple,,55000.0,,Full-time,,,Mid-Senior level,FULL_TIME
Business Operations Analyst - Intern,,23.0,,Internship,26.0,,Internship,INTERNSHIP
Car Wash Site Manager - Shop#31 - 1603 Hartje Lane,,55000.0,,Full-time,,,Mid-Senior level,FULL_TIME
Attorney,,148.97,,Full-time,17.0,1.0,,FULL_TIME
Leave & Disability Examiner,,27.88,,Full-time,4.0,1.0,Entry level,FULL_TIME
Facilities Technician II,,22.5,,Full-time,,,Entry level,FULL_TIME
"Mental Health Provider, Access Specialist",,65000.0,,Full-time,,,Entry level,FULL_TIME
Licensed Practical Nurse - Full-Time All Shifts,,32.5,,Full-time,,,Entry level,FULL_TIME
NC Operator - 3rd Shift,,26.45,,Full-time,,,Entry level,FULL_TIME
Entry Level Digital Media Planner ,,19.24,,Full-time,3.0,,Entry level,FULL_TIME
Automotive Electrical Assembler - 1st Shift ($20.59+/hr),,20.59,,Full-time,,,Entry level,FULL_TIME
"Integrated Mental Health Provider, Disordered Eating Emphasis",,60000.0,,Full-time,,,Entry level,FULL_TIME
Travel & Procurement Coordinator II,,42367.0,,Full-time,,,Entry level,FULL_TIME
Licensed Practical Nurse - Full-Time All Shifts,,34.0,,Full-time,,,Entry level,FULL_TIME
PT SCHOOL SECURITY MONITOR_BENJAMIN FRANKLINK-8(1204100),,15.09,,Full-time,,,Entry level,FULL_TIME
Licensed Practical Nurse - Full-Time All Shifts,,39.5,,Full-time,,,Entry level,FULL_TIME
Automotive Electrical Assembler - 2nd shift ($22.59+/hr.),,20.59,,Full-time,,,Entry level,FULL_TIME
Pump Mechanic/Assembler - 1st shift ($19.91+/hr.),,19.91,,Full-time,,,Entry level,FULL_TIME
Office Assistant -NYU Langone Ambulatory Care Garden City - Cardio,,48308.0,,Full-time,2.0,,,FULL_TIME
Financial Analyst,,75000.0,,Full-time,31.0,,Associate,FULL_TIME
"Integrated Mental Health Provider, Disordered Eating Emphasis",,65000.0,,Full-time,,,Entry level,FULL_TIME
Pump Mechanic/Assembler - 2nd shift ($21.91+/hr.),,19.91,,Full-time,,,Entry level,FULL_TIME
"Integrated Mental Health Provider, Disordered Eating Emphasis",,60000.0,,Full-time,,,Entry level,FULL_TIME
FT-Temporary-CUSTODIAN 12 MONTH_SYLVANIA HEIGHTS ELE(1544100),,31304.0,,Temporary,,,Entry level,TEMPORARY
Homecare Aide  Spiro,,11.5,,Part-time,,,Entry level,PART_TIME
Document Specialist,,16.5,,Full-time,,,Entry level,FULL_TIME
Fair Lending Compliance Officer,,185000.0,,Full-time,18.0,1.0,Mid-Senior level,FULL_TIME
Hotel Housekeeper- TE,,15.87,,Temporary,,,Entry level,TEMPORARY
"Mental Health Provider, Generalist",,60000.0,,Full-time,,,Entry level,FULL_TIME
Certified Nursing Assistant (CNA) - Full-Time/Part-Time/Casual All Shifts,,25.5,,Part-time,,,Entry level,PART_TIME
Entry Level Digital Media Planner ,,19.24,,Full-time,,,Entry level,FULL_TIME
"Mental Health Provider, Access Specialist",,60000.0,,Full-time,,,Entry level,FULL_TIME
Certified Nursing Assistant (CNA) - Full-Time/Part-Time/Casual All Shifts,,25.5,,Part-time,,,Entry level,PART_TIME
Power BI Visual Creator Consultant ,,40.0,,Contract,58.0,1.0,Mid-Senior level,CONTRACT
Home Health Aide HHA Spencer,,20.0,,Part-time,,,Entry level,PART_TIME
Document Production Workflow Coordinator,,21.5,,Full-time,,,Associate,FULL_TIME
Automation Specialist,,35.0,,Temporary,1.0,,Entry level,TEMPORARY
PT CUSTODIAN 12 MONTH_VAN E. BLANTON ELEME(1040100),,31304.0,,Contract,,,Entry level,CONTRACT
Ambulatory Care Nurse - NYU Langone Ambulatory Care Garden City - Pulmonary,,106000.0,,Full-time,,,,FULL_TIME
Security Guard (Warehouse),,18.0,,Full-time,1.0,,Entry level,FULL_TIME
Host,,21.0,,Full-time,,,Mid-Senior level,FULL_TIME
Paralegal - Insurance Defense Litigation ,,40.0,,Contract,,,Associate,CONTRACT
Co-Founder,,15000.0,,Full-time,,,,FULL_TIME
Registered Dietitian,,48.0,,Contract,,1.0,Mid-Senior level,CONTRACT
Logistics Associate/Ground Shipping Processor,,21.65,,Full-time,,,Entry level,FULL_TIME
Account Manager,,66500.0,,Full-time,,,Entry level,FULL_TIME
Receiving & Inventory Clerk,,19.0,,Full-time,,,Entry level,FULL_TIME
Scooter Deployment Driver,,19.0,,Full-time,,,Entry level,FULL_TIME
Scooter Deployment Driver,,18.0,,Full-time,,,Entry level,FULL_TIME
Scanning Clerk,,20.0,,Full-time,,,Entry level,FULL_TIME
Scanning Clerk,,20.0,,Full-time,,,Entry level,FULL_TIME
Installation Technician,,20.0,,Full-time,,,Entry level,FULL_TIME
Production Manager,,46000.0,,Full-time,,,Mid-Senior level,FULL_TIME
Field Service Electrical Lead,,90000.0,,Full-time,,,Entry level,FULL_TIME
"Travel Nurse RN - PCU - $2,272 per week in Madison, WI",,10.0,,Full-time,,,Entry level,FULL_TIME
Checker,,78.0,,Full-time,,,,FULL_TIME
Grill Cook - Corporate Dining,,17.0,,Full-time,,,,FULL_TIME
Processing Technician (Ocular tissue- Eye Bank),,22.47,,Full-time,,,,FULL_TIME
Utility - Education Division,,16.0,,Full-time,,,,FULL_TIME
Commercial Roofer,,18.0,,Full-time,,,,FULL_TIME
Secret Shopper ,,600.0,,Part-time,,1.0,Internship,PART_TIME
GL Tub Operator,,18.7,,Full-time,,,,FULL_TIME
Commercial Roofing Service Estimator,,100000.0,,Full-time,,,,FULL_TIME
Cook - Lor,,17.6,,Full-time,,,,FULL_TIME
Senior Power Apps Developer,,73.0,,Contract,,1.0,Mid-Senior level,CONTRACT
Medical Practice Manager,,70000.0,,Full-time,,,Mid-Senior level,FULL_TIME
Oracle Data Integrator - C2C Contract Position,,53.0,,Contract,3.0,,Mid-Senior level,CONTRACT
Associate Chiropractor,,90000.0,,Full-time,,,,FULL_TIME
Senior MDM Architect,,87.75,,Contract,,,Mid-Senior level,CONTRACT
Director,,48000.0,,Full-time,,,,FULL_TIME
Marketing Manager,,60000.0,,Full-time,,,Mid-Senior level,FULL_TIME
Bartender,,15.0,,Part-time,,,Associate,PART_TIME
Customer Service Representative,,75000.0,,Full-time,,,,FULL_TIME
Enterprise Architect - C2C Contract,,58.0,,Contract,1.0,,Mid-Senior level,CONTRACT
Independent Sales Representative,,0.0,,Contract,1.0,1.0,,CONTRACT
Appointment Setter,,150000.0,,Full-time,6.0,1.0,,FULL_TIME
Industrial Maintenance Technician,,30.0,,Full-time,,,Entry level,FULL_TIME
Union Counter Sales Representative,,24.0,,Full-time,,,Entry level,FULL_TIME
HR Admin / Payroll,,25.0,,Contract,,,,CONTRACT
Registered Dietitian,,48.0,,Contract,,1.0,Mid-Senior level,CONTRACT
Security Training Manager,,80000.0,,Full-time,,,Mid-Senior level,FULL_TIME
Security Shelter Specialist Rego Park,,22.0,,Full-time,,,Entry level,FULL_TIME
"Community Engagement Coordinator, OSH - 23333",,67810.0,,Full-time,1.0,,Entry level,FULL_TIME
Senior Accountant,,75000.0,,Full-time,,,Mid-Senior level,FULL_TIME
Security Officer - Retail Plaza,,15.0,,Full-time,,,Entry level,FULL_TIME
"Regional Administrative Field Assistant, OSH - 23335",,67810.0,,Full-time,,,Entry level,FULL_TIME
Diesel Mechanic-Phenix City AL,,28.0,,Full-time,,,Associate,FULL_TIME
Security Guard - FLEX Officer,,17.0,,Full-time,,,Entry level,FULL_TIME
Unarmed Security - Building Post Commander,,25.0,,Full-time,1.0,,Mid-Senior level,FULL_TIME
Registered Nurse - Pediatrics,,15000.0,,Full-time,,,Mid-Senior level,FULL_TIME
Housekeeping Aide,,12.5,,Full-time,,,Entry level,FULL_TIME
Security Officer - Patrol Officer,,16.48,,Part-time,,,Entry level,PART_TIME
Security Officer - Temporary Officer,,16.48,,Part-time,,,Entry level,PART_TIME
Registered Dietitian,,50000.0,,Full-time,,1.0,Mid-Senior level,FULL_TIME
Security Officer - Guard Shack,,17.5,,Part-time,,,Entry level,PART_TIME
VA Security Guard – Driving patrol,,24.0,,Contract,,,Entry level,CONTRACT
Registered Dietitian,,48.0,,Contract,,1.0,Mid-Senior level,CONTRACT
Front Desk,,15.25,,Full-time,1.0,,Entry level,FULL_TIME
Branch Banker Teller-Battlefield,,16.5,,Full-time,,,Mid-Senior level,FULL_TIME
Forklift Operator I,,19.0,,Full-time,,,,FULL_TIME
Material Handler ,,24.92,,Full-time,,,Entry level,FULL_TIME
Service Technician,,120000.0,,Full-time,,,Entry level,FULL_TIME
Head Volley Ball Coach,,25000.0,,Full-time,,,Director,FULL_TIME
PM Cook - Lead Line - Chez Maggy Restaurant ,,24.0,,Part-time,,,Mid-Senior level,PART_TIME
AM Prep Cook - Thompson Denver ,,19.25,,Part-time,,,Entry level,PART_TIME
Banquet Cook 2 - Thompson Denver ,,20.5,,Part-time,,,Mid-Senior level,PART_TIME
Mechanic ,,29.09,,Full-time,,,Entry level,FULL_TIME
Line Cook ,,18.0,,Part-time,,,Entry level,PART_TIME
Spa Concierge - Part Time ,,17.0,,Part-time,,,Entry level,PART_TIME
Licensed Esthetician - Casual ,,14.0,,Full-time,,,Entry level,FULL_TIME
AM Line Cook 2 - Chez Maggy Restaurant ,,20.5,,Part-time,,,Entry level,PART_TIME
Storeroom Attendant ,,20.5,,Full-time,,,Entry level,FULL_TIME
Manufacturing Line ,,23.82,,Full-time,,,Entry level,FULL_TIME
Seasonal- General Labor Line ,,23.82,,Full-time,,,Entry level,FULL_TIME
Stewarding Supervisor ,,22.0,,Full-time,,,Mid-Senior level,FULL_TIME
Fabricator - 1st Shift,,20.0,,Full-time,,,Entry level,FULL_TIME
Cleaner,,21.0,,Full-time,,,Entry level,FULL_TIME
Electrical Controls Engineer,,80000.0,,Full-time,,,Internship,FULL_TIME
USA - Regional FP&P Analyst,,70000.0,,Full-time,,,Mid-Senior level,FULL_TIME
Medical Receptionist,,24.0,,Full-time,,,Entry level,FULL_TIME
Account Relationship Manager,,54000.0,,Full-time,,,Entry level,FULL_TIME
Medical Receptionist,,24.0,,Full-time,,,Entry level,FULL_TIME
Licensed Insurance Service Rep - P&C,,21.53,,Full-time,,1.0,Entry level,FULL_TIME
Customer Service Specialist,,16.0,,Full-time,,,Entry level,FULL_TIME
Medical Equipment Field Technician,,22.5,,Full-time,,,Entry level,FULL_TIME
Customer Service Representative,,19.0,,Full-time,,,Mid-Senior level,FULL_TIME
Administrative Assistant,,20.0,,Full-time,,,Entry level,FULL_TIME
Medical Receptionist,,24.0,,Full-time,,,Entry level,FULL_TIME
"Retail Ambassador - The Village (Corte Madera, CA)",,19.0,,Part-time,,,Mid-Senior level,PART_TIME
Retail Merchandiser - Electronics - Part Time,,22.0,,Part-time,,,Entry level,PART_TIME
Sales Advisor - Intel Computers,,17.0,,Full-time,,,Mid-Senior level,FULL_TIME
Call Center Administrator,,19.5,,Full-time,,,Mid-Senior level,FULL_TIME
Telemarketing Representative,,20.0,,Full-time,,,Entry level,FULL_TIME
Medical Equipment Field Technician,,20.0,,Full-time,,,Entry level,FULL_TIME
Corrections/Psych LVN/ $34 an hour/FULL TIME,,34.0,,Full-time,,,Entry level,FULL_TIME
Sales Advisor - Intel Computers,,18.0,,Full-time,,,Mid-Senior level,FULL_TIME
Sales Advisor - Intel Computers,,16.0,,Full-time,,,Mid-Senior level,FULL_TIME
Marketing Asset Management Intern,,19.5,,Full-time,1.0,1.0,Internship,FULL_TIME
Customer Operations Specialist - Banking,,19.0,,Full-time,,,Entry level,FULL_TIME
Corrections/Psych LVN/ $34 an hour/FULL TIME,,34.0,,Full-time,,,Entry level,FULL_TIME
Retail Merchandiser - Electronics - Part Time,,17.0,,Part-time,,,Entry level,PART_TIME
3rd Shift Loader-Forklift Operator,,18.0,,Full-time,,,Entry level,FULL_TIME
Jr. Engineering Technician,,22.92,,Full-time,,,Entry level,FULL_TIME
Speech Language Pathologist - School Based,,65.0,,Full-time,,,Entry level,FULL_TIME
DHS Credentialed/Experienced Background Investigator,,34.47,,Full-time,,,Entry level,FULL_TIME
Part time or Full time LPN LTC | $38 per hr,,38.0,,Part-time,,,Entry level,PART_TIME
Physical Therapist PRN,,65.88,,Part-time,,,Entry level,PART_TIME
Assembler I,,18.5,,Full-time,,,Entry level,FULL_TIME
Health Law Intern,,25.0,,Internship,1.0,,Internship,INTERNSHIP
"Roadside Technician Commercial Tires - Conley, GA",,18.0,,Full-time,,,Entry level,FULL_TIME
Leasing,,17.5,,Full-time,,,,FULL_TIME
"Product Experience Designer, EDU",,55.0,,Full-time,,,Entry level,FULL_TIME
Structural Welder,,24.0,,Full-time,,,Entry level,FULL_TIME
STAFF NURSE I/II,,57.35,,Full-time,,,Mid-Senior level,FULL_TIME
Part Time Hotel Maintenance 18hr,,18.0,,Part-time,,,Entry level,PART_TIME
Marine Shipfitter,,24.0,,Full-time,,,Entry level,FULL_TIME
Patient Care Coordinator - CritiCare,,21.55,,Full-time,,,Entry level,FULL_TIME
STAFF NURSE I/II,,57.35,,Full-time,,,Mid-Senior level,FULL_TIME
STAFF NURSE I/II,,57.35,,Full-time,,,Mid-Senior level,FULL_TIME
"Roadside Technician Commercial Tires - Conley, GA",,18.0,,Full-time,,,Entry level,FULL_TIME
STAFF NURSE I/II,,57.35,,Full-time,,,Mid-Senior level,FULL_TIME
PATIENT CARE COORDINATOR,,62.69,,Full-time,,,Entry level,FULL_TIME
Intern - Commercial Middle Market Banking,,20.0,,Internship,1.0,,Internship,INTERNSHIP
Retail Sales Associate,,16.0,,Part-time,,,Entry level,PART_TIME
ST Travel Surgical Technologist - Job Id: JO03715772,,2114.0,,Full-time,,,Mid-Senior level,FULL_TIME
Retail Sales Associate,,12.0,,Part-time,,,Entry level,PART_TIME
"Obstetrics & Gynecology Physician - $400,000/yearly",,400000.0,,Full-time,,,Mid-Senior level,FULL_TIME
Advanced Technology Organization Grid AI/ML Lead,,218000.0,,Full-time,,,Director,FULL_TIME
Stand Up Forklift Operator - 3rd Shift (11:00 PM - 7:00 AM; Sunday through Thursday) - University Park,,20.89,,Full-time,,,Entry level,FULL_TIME
NICU Travel RN - Job Id: JO03715751,,2170.0,,Full-time,,,Mid-Senior level,FULL_TIME
Travel RRT - Job Id: JO03715761,,2032.0,,Full-time,,,Entry level,FULL_TIME
X-Ray Travel Rad Technologist - Job Id: JO03715814,,2052.0,,Full-time,,,Mid-Senior level,FULL_TIME
ER Travel RN - Job Id: JO03715746,,2129.0,,Full-time,,,Mid-Senior level,FULL_TIME
Stand Up Forklift Operator -2nd shift (3pm - 11pm; M-F) - University Park,,20.19,,Full-time,,,Entry level,FULL_TIME
Club Server,,27.61,,Full-time,,,Entry level,FULL_TIME
Cashier Associate,,14.6,,Part-time,,,Entry level,PART_TIME
Travel RRT - Job Id: JO03715804,,2716.0,,Full-time,,,Entry level,FULL_TIME
Retail Sales Associate,,16.0,,Part-time,,,Entry level,PART_TIME
"Vending Merchandiser, Full-Time & Part-Time Openings! $18/hr!",,18.0,,Part-time,,,Entry level,PART_TIME
Psych Travel RN - Job Id: JO03715812,,2254.0,,Full-time,,,Mid-Senior level,FULL_TIME
Ultrasound Travel Ultrasound-Sonographer - Job Id: JO03715810,,2202.0,,Full-time,,,Entry level,FULL_TIME
CT Travel CT Technologist - Job Id: JO03715768,,2238.0,,Full-time,,,Mid-Senior level,FULL_TIME
RAD Travel Interventional Radiology Technologist - Job Id: JO03715815,,2392.0,,Full-time,,,Mid-Senior level,FULL_TIME
Full Time Nabisco Merchandiser/Order Writer,,17.0,,Full-time,,,Entry level,FULL_TIME
Part Time Nabisco Merchandiser,,17.0,,Part-time,,,Entry level,PART_TIME
"Locum Emergency Medicine Physician Assistant job in Chattanooga, TN - Make $95/hr - $105/hr",,95.0,,Full-time,,,Entry level,FULL_TIME
Project Coordinator Intern,,16.9,,Internship,,,Internship,INTERNSHIP
Part-time Nabisco Retail Merchandiser/Stocker,,15.0,,Part-time,,,Entry level,PART_TIME
Territory Sales Executive,,60000.0,,Full-time,,,Associate,FULL_TIME
Outside Sales Executive,,60000.0,,Full-time,,,Associate,FULL_TIME
Sales Director,,120000.0,,Full-time,,,Director,FULL_TIME
"Wind Turbine Technician II - Eden, TX",,3300.0,,Full-time,,,Entry level,FULL_TIME
Manual Machinist,,38.0,,Full-time,,,Entry level,FULL_TIME
Corporate Account Manager,,65000.0,,Full-time,,,Associate,FULL_TIME
Sales Development Representative,,50000.0,,Full-time,,,Associate,FULL_TIME
Utility Locator,,21.5,,Full-time,,,Entry level,FULL_TIME
Sales Executive,,125000.0,,Full-time,,,Associate,FULL_TIME
Part-time Nabisco Sales Service Representative/Merchandiser Order Writer,,17.0,,Part-time,,,Entry level,PART_TIME
"Locum Emergency Medicine Nurse Practitioner job in Chattanooga, TN - Make $95/hr - $105/hr",,95.0,,Full-time,,,Mid-Senior level,FULL_TIME
Sales Executive,,80000.0,,Full-time,,,Associate,FULL_TIME
Regional Sales Manager,,85000.0,,Full-time,1.0,,Associate,FULL_TIME
Sales Executive,,100000.0,,Full-time,,,Associate,FULL_TIME
Part-time On Call Field Service Technician,,40.0,,Part-time,,1.0,,PART_TIME
Driver CDL,,30.3,,Full-time,,1.0,Entry level,FULL_TIME
Account Executive,,85000.0,,Full-time,,,Associate,FULL_TIME
Business Development Representative,,65000.0,,Full-time,2.0,,Associate,FULL_TIME
CNC Machinist,,33.0,,Full-time,,,Entry level,FULL_TIME
Assembler - 3rd (11pm - 7am),,20.0,,Full-time,,,Entry level,FULL_TIME
Energy Sales Retail Associate,,16.0,,Full-time,,,Entry level,FULL_TIME
"Associate, Part Time Sales",,17.5,,Part-time,,,Entry level,PART_TIME
Full Time Nabisco Merchandiser/Order Writer,,19.0,,Full-time,,,Entry level,FULL_TIME
Sales Executive,,75000.0,,Full-time,,,Mid-Senior level,FULL_TIME
Inside Sales Specialist,,55000.0,,Full-time,,,Associate,FULL_TIME
Field Application Associate - Mountain Technical Region,,70000.0,,Full-time,,,Entry level,FULL_TIME
Field Sales Consultant,,20000.0,,Full-time,,,Mid-Senior level,FULL_TIME
Sales Executive,,50000.0,,Full-time,,,Associate,FULL_TIME
Full-Stack Engineer Intern (Unpaid),,0.0,,Internship,9.0,,,INTERNSHIP
Journeyman Service Electrician,,250000.0,,Full-time,,,Entry level,FULL_TIME
Territory Sales Representative,,60000.0,,Full-time,,,Associate,FULL_TIME
BioMedical Technician,,27.0,,Part-time,,,Entry level,PART_TIME
Director of Business Development,,120000.0,,Full-time,,,Director,FULL_TIME
Foster Parent Recruiter -Refugee Capacity Builder- Southeast Michigan 10627,,43848.0,,Full-time,,,Entry level,FULL_TIME
Teacher (English Literature background) [Urgent Search],,60000.0,,Full-time,,,Entry level,FULL_TIME
Microsoft Certified Professional,,50.0,,Other,,1.0,,OTHER
Sales Lead - Soma,,14.0,,Part-time,,,Mid-Senior level,PART_TIME
Project Manager,,80000.0,,Full-time,,,Associate,FULL_TIME
"Senior GEOINT System Engineer - Robins Air Force Base, GA",,5250.0,,Full-time,,,Mid-Senior level,FULL_TIME
Sr. Cybersecurity Manager,,90.0,,Contract,,,Mid-Senior level,CONTRACT
Strategic Partnership Operations Intern,,17.5,,Internship,,1.0,Internship,INTERNSHIP
Floor Tech,,16.0,,Full-time,,,Entry level,FULL_TIME
Screenwriting Assistant,,40.0,,Temporary,3.0,,,TEMPORARY
Class A Delivery Driver,,38.0,,Full-time,,,Entry level,FULL_TIME
Insurance Sales/Service Representative- Bilingual,,26.0,,Full-time,,1.0,Entry level,FULL_TIME
Microbiology Technician,,18.5,,Full-time,,,Entry level,FULL_TIME
Customer Support Intern,,17.5,,Internship,2.0,1.0,Internship,INTERNSHIP
LPN Licensed Practical Nurse Weekend Baylor,,37.14,,Full-time,,,Entry level,FULL_TIME
Floor Tech,,16.0,,Full-time,1.0,,Entry level,FULL_TIME
Business Development Intern,,17.5,,Internship,19.0,1.0,Internship,INTERNSHIP
"Entry Level Medical Customer Service, Bilingual Spanish",,16.0,,Part-time,,,Entry level,PART_TIME
Sales Coordinator,,27.68,,Full-time,,,Entry level,FULL_TIME
Registered Occupational Therapist (OT),,45.0,,Full-time,,,Entry level,FULL_TIME
Class A Delivery Driver,,90000.0,,Full-time,,,Entry level,FULL_TIME
Class A CDL Delivery Driver,,120000.0,,Full-time,,,Entry level,FULL_TIME
XPN Influencer Intern,,17.5,,Internship,,1.0,Internship,INTERNSHIP
Class A Delivery Driver,,38.0,,Full-time,,,Entry level,FULL_TIME
Class A Delivery Truck Driver,,29.7,,Full-time,,,Entry level,FULL_TIME
Warehouse Associate - Picker/Packer (2nd Shift),,18.0,,Full-time,,,Entry level,FULL_TIME
Construction Manager,,109307.0,,Full-time,,,Mid-Senior level,FULL_TIME
Part Time Phlebotomist / Medical Screener,,16.0,,Part-time,,,Mid-Senior level,PART_TIME
Inside Sales Associate,,17.5,,Full-time,,,Entry level,FULL_TIME
Director of Case Management and Resident Wellness Job,,110000.0,,Full-time,2.0,,,FULL_TIME
Administrative Assistant,,20.0,,Part-time,,,,PART_TIME
Production Worker,,21.91,,Full-time,,,Entry level,FULL_TIME
Hybrid Sr. Administrative Associate - Mon - Fri 9am-6pm,,25.0,,Full-time,,,Mid-Senior level,FULL_TIME
Account Manager,,65000.0,,Full-time,,,Entry level,FULL_TIME
Part-Time Retail Sales Associate,,13.0,,Part-time,1.0,,,PART_TIME
Part-Time Retail Sales Associate,,15.5,,Part-time,,,,PART_TIME
Part-Time Retail Sales Associate,,16.5,,Part-time,,,,PART_TIME
Domino's Customer Service Rep/Pizza Maker – (Kittery) - Starting at $15 per hour (3003),,15.0,,Full-time,,,Mid-Senior level,FULL_TIME
Domino's Customer Service Rep/Pizza Maker – (Rochester) - Starting at $14 per hour (3219),,14.0,,Full-time,,,Mid-Senior level,FULL_TIME
Part-Time Operations & Housekeeping Associate (Janitorial/Cleaning),,16.45,,Part-time,,,,PART_TIME
Part-Time Beauty Advisor - Sephora,,13.3,,Part-time,,,,PART_TIME
Cook I,,18.0,,Full-time,,,Mid-Senior level,FULL_TIME
Legal AI Tutor (JD Required),,90.0,,Full-time,7.0,1.0,,FULL_TIME
Data Analyst,,55000.0,,Part-time,3.0,1.0,,PART_TIME
Scrum Master,,52.0,,Contract,7.0,,Mid-Senior level,CONTRACT
Medical AI Tutor (MD Required),,90.0,,Full-time,3.0,1.0,,FULL_TIME
Python Developer,,70.0,,Contract,25.0,1.0,,CONTRACT
Sheet Metal Duct Fabricator,,15.0,,Full-time,,,Entry level,FULL_TIME
Associate,,25000.0,,Contract,,,,CONTRACT
Part-Time Merchandiser,,16.0,,Full-time,,,Entry level,FULL_TIME
Part-Time Armed Security Response Team Agent,,42.0,,Full-time,,,Entry level,FULL_TIME
Nurse - RN - Med Surg Tele,,3002.0,,Contract,,,Mid-Senior level,CONTRACT
Nurse - RN - ICU,,2734.0,,Contract,,,Mid-Senior level,CONTRACT
Merchandiser,,18.75,,Full-time,,,Entry level,FULL_TIME
Shipping/Receiving Clerk,,16.04,,Full-time,,,Entry level,FULL_TIME
Nurse - RN - ICU,,2428.0,,Contract,,,Mid-Senior level,CONTRACT
CT Technologist - Radiology,,2897.0,,Contract,,,Mid-Senior level,CONTRACT
Nurse - RN - Telemetry,,2244.0,,Contract,,,Mid-Senior level,CONTRACT
Human Resources Compliance Associate,,23.0,,Full-time,,,Entry level,FULL_TIME
Spa Experience Coordinator,,23.0,,Full-time,,,Mid-Senior level,FULL_TIME
Housekeeping Clerk (Full-time),,24.88,,Full-time,,,Entry level,FULL_TIME
Front Desk Supervisor,,24.04,,Part-time,,,Mid-Senior level,PART_TIME
Cook II,,22.5,,Full-time,,,Entry level,FULL_TIME
Public Area Attendant,,18.0,,Full-time,,,Entry level,FULL_TIME
Ferry Captain- NYC Ferry,,34.65,,Full-time,,,Mid-Senior level,FULL_TIME
Project Foreman - $40/hr,,40.0,,Full-time,,,Entry level,FULL_TIME
Front Desk Agent - Days Inn Encinitas,,17.0,,Full-time,,,Entry level,FULL_TIME
Data Assistant,,55000.0,,Part-time,,1.0,,PART_TIME
Technical Development Program - Liquid,,33.0,,Full-time,,,Entry level,FULL_TIME
Accounting Assistant,,55000.0,,Full-time,34.0,1.0,,FULL_TIME
Mig Welder,,20.0,,Full-time,4.0,,Associate,FULL_TIME
Traffic Coordinator,,16.5,,Full-time,,,Mid-Senior level,FULL_TIME
Shipping and Receiving Specialist,,19.5,,Full-time,,,Associate,FULL_TIME
Call Center Customer Service Representative,,21.0,,Contract,40.0,,Associate,CONTRACT
Payment Processing Administrator,,25.0,,Contract,1.0,,Associate,CONTRACT
Assembler,,18.0,,Full-time,,,Associate,FULL_TIME
Accounts Payable Specialist,,50000.0,,Full-time,35.0,1.0,,FULL_TIME
Employment Specialist,,18.0,,Full-time,2.0,,Associate,FULL_TIME
Controller/REMOTE (East Coast),,165000.0,,Full-time,18.0,1.0,Mid-Senior level,FULL_TIME
Asset Management Analyst,,80000.0,,Full-time,31.0,,Entry level,FULL_TIME
Field Service Specialist,,18.0,,Full-time,1.0,1.0,Entry level,FULL_TIME
Account Executive,,225000.0,,Full-time,41.0,,,FULL_TIME
Inventory Analyst,,24.04,,Contract,4.0,,Associate,CONTRACT
Document Automation Consultant,,50.0,,Part-time,7.0,1.0,,PART_TIME
Executive Administrative Assistant,,40.0,,Full-time,25.0,,Mid-Senior level,FULL_TIME
Senior SQL Developer,,120000.0,,Full-time,27.0,,Mid-Senior level,FULL_TIME
Law Enforcement Officer,,27.89,,Full-time,,,,FULL_TIME
Linux Systems Engineer,,65.0,,Contract,35.0,,Mid-Senior level,CONTRACT
Azure Active Directory Engineer ,,58.0,,Full-time,10.0,,Mid-Senior level,FULL_TIME
Research Assistant,,39.0,,Contract,4.0,,Entry level,CONTRACT
Customer Service Representative,,19.25,,Full-time,2.0,,Entry level,FULL_TIME
Technology Support Analyst,,75000.0,,Full-time,6.0,,,FULL_TIME
Mainframe Developer,,55.0,,Contract,1.0,,,CONTRACT
Quality Engineer,,38.17,,Full-time,9.0,,Associate,FULL_TIME
Claims Assistant,,19.25,,Full-time,,,Entry level,FULL_TIME
Human Resource Administrator,,25.0,,Contract,,,Associate,CONTRACT
Family Therapist  VPI,,56000.0,,Full-time,,,,FULL_TIME
BI Developer,,14.0,,Full-time,3.0,1.0,Mid-Senior level,FULL_TIME
Permanency Coordinator,,38500.0,,Full-time,,,,FULL_TIME
Truss Sawyer I,,18.0,,Full-time,,,Entry level,FULL_TIME
"Packaging Team Members - $20/hour, Great Benefits & Much More!",,20.0,,Full-time,,,,FULL_TIME
Administrative Assistant,,17.0,,Full-time,,,Entry level,FULL_TIME
Board Certified Behavior Analyst,,100000.0,,Full-time,,,,FULL_TIME
Social Media Marketing Specialist,,25.0,,Full-time,2.0,1.0,,FULL_TIME
Summer Intern - Financial PR,,20.0,,Internship,5.0,,,INTERNSHIP
Counter Sales Representative,,14.75,,Full-time,,,Entry level,FULL_TIME
AP Data Entry Associate,,20.0,,Full-time,4.0,,Associate,FULL_TIME
Accountant III,,35.0,,Contract,,,Mid-Senior level,CONTRACT
H&M Sales Associate,,15.25,,Part-time,,,Entry level,PART_TIME
Proposal Manager/ Writer (Mid-Level),,80.0,,Full-time,2.0,,,FULL_TIME
Water Treatment Service Representative,,42000.0,,Full-time,,,,FULL_TIME
Business Development Associate,,65.0,,Full-time,12.0,,,FULL_TIME
H&M Sales Associate - Store Volume,,11.0,,Part-time,,,Entry level,PART_TIME
Sous Chef,,75000.0,,Full-time,1.0,,Mid-Senior level,FULL_TIME
Warehouse Order Selector,,65000.0,,Full-time,1.0,,Entry level,FULL_TIME
Sr. Compliance Specialist,,43.54,,Full-time,,,Mid-Senior level,FULL_TIME
Rep II-Patient - Endocrinology,,21.16,,Full-time,,,Entry level,FULL_TIME
Marketing Intern,,15.0,,Part-time,1.0,,,PART_TIME
AC Mechanic,,35.25,,Full-time,,,,FULL_TIME
CDL A Local Delivery Truck Driver,,90000.0,,Full-time,,,Entry level,FULL_TIME
CDL A Local Delivery Truck Driver,,100000.0,,Full-time,,,Entry level,FULL_TIME
Program Management Coordinator,,25.86,,Full-time,,,Entry level,FULL_TIME
"New Graduate RN Residency, MICU A (Starting Date: August 2024)",,38.05,,Full-time,,,Entry level,FULL_TIME
Project Coordinator,,50.0,,Full-time,1.0,,Entry level,FULL_TIME
Store Director,,105000.0,,Full-time,27.0,,Mid-Senior level,FULL_TIME
Inside Sales Representative (Mortgages),,25.0,,Full-time,5.0,,,FULL_TIME
CDL A Local Delivery Truck Driver,,30.0,,Full-time,,,Entry level,FULL_TIME
Warehouse Order Selector,,70000.0,,Full-time,1.0,,Entry level,FULL_TIME
CDL A Local Delivery Truck Driver,,33.68,,Full-time,,,Entry level,FULL_TIME
Industrial Controls Electrician,,38.96,,Full-time,,,,FULL_TIME
Inventory Specialist,,18.5,,Full-time,,,Entry level,FULL_TIME
Data Management Specialist (REDCap Experience Required),,35.98,,Full-time,,,Mid-Senior level,FULL_TIME
"Dentist- 4 Days/Week, PPO/FFS Office",,350000.0,,Full-time,,,Mid-Senior level,FULL_TIME
Medical Assistant,,21.0,,Full-time,,,Entry level,FULL_TIME
Medical Assistant,,20.25,,Full-time,,,Entry level,FULL_TIME
Registered Veterinary Technician,,26.0,,Full-time,,,Entry level,FULL_TIME
Quotations Specialist,,23.17,,Full-time,,,Mid-Senior level,FULL_TIME
OCU-Technical-Mechanical Engineering Technical Support Specialist-2nd Shift,,31.5,,Full-time,,,Entry level,FULL_TIME
Telecom Technician,,25.0,,Contract,,,Entry level,CONTRACT
Employee Relations Manager,,50000.0,,Full-time,,,Associate,FULL_TIME
Construction Inspector,,43.47,,Full-time,,,Entry level,FULL_TIME
Sales Specialist,,60000.0,,Full-time,,,,FULL_TIME
Regional Superintendent of Instruction,,167000.0,,Full-time,,,Mid-Senior level,FULL_TIME
Registered Nurse (RN) - Long Term Acute Care - $49 per hour - 284914,,49.26,,Full-time,,,Mid-Senior level,FULL_TIME
Restaurant Manager - Lawrence,,20.0,,Full-time,,,Mid-Senior level,FULL_TIME
Rider Operations,,29.0,,Temporary,,,Entry level,TEMPORARY
Bilingual Portuguese Customer Service - At Home,,20.4,,Full-time,,1.0,Entry level,FULL_TIME
Full-Time EMT,,16.5,,Full-time,,,,FULL_TIME
Assistant General Manager,,55000.0,,Full-time,,,Mid-Senior level,FULL_TIME
Bilingual Portuguese Customer Service - At Home,,20.4,,Full-time,,1.0,Entry level,FULL_TIME
Bilingual Portuguese Customer Service - At Home,,20.4,,Full-time,,1.0,Entry level,FULL_TIME
Part Time Customer Service Associate,,13.0,,Part-time,,,Entry level,PART_TIME
"Director, Strategic Finance - Product",,313100.0,,Full-time,4.0,,,FULL_TIME
Assistant Media Planner - Honda Dealer Auto Association,,20.0,,Full-time,,,Entry level,FULL_TIME
"Crewmember – Cook, Cashier and Customer Service (7AM-4PM)",,13.5,,Full-time,,,Entry level,FULL_TIME
Physician Family Practice,,230000.0,,Full-time,,,Mid-Senior level,FULL_TIME
Sales Advisor - Computers,,17.0,,Full-time,,,Mid-Senior level,FULL_TIME
Bilingual Portuguese Customer Service - At Home,,20.4,,Full-time,,1.0,Entry level,FULL_TIME
"Late Night Restaurant Crewmember – Cook, Cashier and Customer Service",,13.5,,Full-time,,,Entry level,FULL_TIME
Helpdesk Analyst,,16.0,,Contract,,,Entry level,CONTRACT
Administrative Assistant,,20.0,,Full-time,,,Entry level,FULL_TIME
Seasonal Sales Advisor - Intel,,20.0,,Temporary,,,Entry level,TEMPORARY
Merchandiser (Union) - Seasonal,,18.26,,Temporary,,,Entry level,TEMPORARY
Delivery Driver,,17.25,,Full-time,,,Entry level,FULL_TIME
Retail Merchandiser - Electronics - Part Time,,20.0,,Part-time,,,Entry level,PART_TIME
Cannabis Production Support,,21.5,,Full-time,,,Entry level,FULL_TIME
Licensed Practical Nurse (LPN),,43.16,,Full-time,,,Entry level,FULL_TIME
Procurement Coordinator II,,72094.0,,Contract,,,Entry level,CONTRACT
Carpenter,,24.0,,Full-time,,,Entry level,FULL_TIME
Drywall Hanger,,25.0,,Full-time,,,Entry level,FULL_TIME
Public Service Assistant Specialist - Anthropology,,39000.0,,Contract,,,Entry level,CONTRACT
Administrative Assistant-AITS,,65000.0,,Full-time,1.0,,Entry level,FULL_TIME
Registered Nurse (RN) - Long Term Acute Care - $49 per hour - 284915,,49.26,,Full-time,,,Mid-Senior level,FULL_TIME
Registered Veterinary Technician,,25.0,,Full-time,,,Entry level,FULL_TIME
(Remote) Inside Sales Representative (Uncapped Commission + Base Pay & No Cold Calling),,85000.0,,Full-time,6.0,1.0,Entry level,FULL_TIME
Assistant Manager,,60000.0,,Full-time,2.0,,Entry level,FULL_TIME
"Technical Project Manager, US",,85000.0,,Part-time,,1.0,Mid-Senior level,PART_TIME
Career Foundation Program (CFP)  Hog Procurement,,26.45,,Full-time,1.0,,,FULL_TIME
Product Designer,,37.0,,Contract,22.0,,Associate,CONTRACT
Production Worker,,12.25,,Full-time,1.0,,Entry level,FULL_TIME
Food Service Worker,,18.0,,Full-time,,,Entry level,FULL_TIME
Barista,,18.0,,Part-time,,,Entry level,PART_TIME
Therapeutic Recreation Therapist,,80.0,,Part-time,,,,PART_TIME
Senior Piping Designer (DOE Project),,85.0,,Full-time,,,Mid-Senior level,FULL_TIME
Licensed Realtors for Vacation Sales $80k - $150k,,12700.0,,Full-time,1.0,,Entry level,FULL_TIME
"Senior Manager, LATAM and ROW Content Program",,91.2,,Contract,,,Mid-Senior level,CONTRACT
Cook - DoubleTree by Hilton San Diego Mission Valley,,20.34,,Full-time,1.0,,Entry level,FULL_TIME
Lead ICFR Analyst,,107.0,,Full-time,,,Mid-Senior level,FULL_TIME
Plumber,,27.49,,Full-time,1.0,,Entry level,FULL_TIME
Non-CDL Driver,,22.0,,Full-time,,,Entry level,FULL_TIME
NSPL Call Specialist-3848,,23.5,,Full-time,12.0,1.0,Associate,FULL_TIME
Junior Scrum Master,,60.58,,Contract,5.0,,Mid-Senior level,CONTRACT
Sr. Pipe Stress Engineer,,85.0,,Full-time,,,Mid-Senior level,FULL_TIME
Gastroenterologist,,350000.0,,Full-time,,,Mid-Senior level,FULL_TIME
Reservations Agent (On-Call) - Waldorf Astoria Monarch Beach Resort & Club,,20.0,,Part-time,1.0,,Entry level,PART_TIME
Health Club Representative (on call) - Hilton Anatole,,17.0,,Temporary,,,Entry level,TEMPORARY
Site and Beach Club Membership Sales Manager - Caribe Hilton,,32000.0,,Full-time,,,Mid-Senior level,FULL_TIME
"Associate Clinical Account Specialist - Anderson / Greenville, South Carolina - Biosense Webster, Inc",,70000.0,,Full-time,2.0,,,FULL_TIME
Radiologist,,20.0,,Part-time,,,Mid-Senior level,PART_TIME
"Male Spa Attendant (Full-Time) - Kilolani Spa at Grand Wailea, A Waldorf Astoria Resort",,21.24,,Full-time,,,Entry level,FULL_TIME
"Pre-Arrival Coordinator, Front Office - Signia by Hilton Orlando Bonnet Creek",,19.45,,Full-time,1.0,,Entry level,FULL_TIME
Warehouse Materials Handler,,18.5,,Full-time,,,Mid-Senior level,FULL_TIME
Art & Jewelry Design Director,,90000.0,,Full-time,7.0,,,FULL_TIME
Cook II - Hilton Seattle Airport & Conference Center,,24.62,,Full-time,1.0,,Entry level,FULL_TIME
"MHE2, General Forklift-101",,20.02,,Full-time,,,Mid-Senior level,FULL_TIME
Associate Faculty - Psychology Research and Ethics Graduate - Part-Time (Virtual),,6337.0,,Full-time,3.0,1.0,Mid-Senior level,FULL_TIME
Market Settlement Validation Analyst (Hybrid or Remote),,63.77,,Full-time,,1.0,Mid-Senior level,FULL_TIME
Remote Call Center Representative,,17.0,,Part-time,9.0,1.0,Entry level,PART_TIME
Domo Data Analyst (REMOTE),,100000.0,,Full-time,7.0,1.0,Entry level,FULL_TIME
Trust & Safety Specialist,,80.0,,Contract,39.0,1.0,Mid-Senior level,CONTRACT
"Energy Advisor - Tulsa, OK",,18.0,,Full-time,,1.0,,FULL_TIME
Legal Assistant (REMOTE),,40000.0,,Full-time,5.0,1.0,Entry level,FULL_TIME
Customer Service - Full Time - Work From Home,,21.0,,Full-time,7.0,1.0,Entry level,FULL_TIME
Operations Coordinator,,20.5,,Full-time,2.0,,Entry level,FULL_TIME
Tax Reporting Consultant,,38.0,,Contract,5.0,,Associate,CONTRACT
Licensed Psychologist,,132300.0,,Part-time,,,Mid-Senior level,PART_TIME
Clinical Social Worker,,118600.0,,Part-time,,,Entry level,PART_TIME
Licensed Psychologist,,132300.0,,Part-time,,,Mid-Senior level,PART_TIME
Part Time Licensed Talk Therapist,,60700.0,,Part-time,,,Entry level,PART_TIME
Licensed Talk Therapist,,111900.0,,Part-time,,,Entry level,PART_TIME
Clinical Social Worker,,105400.0,,Part-time,,,Entry level,PART_TIME
Registered Nurse - RN - LTAC,,2000.0,,Full-time,,,,FULL_TIME
Licensed Talk Therapist,,105400.0,,Part-time,,,Entry level,PART_TIME
Physician Assistant,,165000.0,,Full-time,,,Entry level,FULL_TIME
Registered Nurse - RN - Unit Manager,,2500.0,,Full-time,,,,FULL_TIME
Registered Nursing- RN - Long-term Acute Care (LTAC),,54.0,,Full-time,,,,FULL_TIME
REGISTERED NURSE - RN - SKILLED NURSING FACILITY,,51.0,,Full-time,,,,FULL_TIME
REGISTERED NURSE - RN - SKILLED NURSING FACILITY,,47.0,,Full-time,,,,FULL_TIME
Registered Nurse - RN - Medical Surgical,,57.0,,Full-time,,,,FULL_TIME
Licensed Psychologist,,127600.0,,Part-time,,,Mid-Senior level,PART_TIME
Licensed Psychologist,,127600.0,,Part-time,,,Mid-Senior level,PART_TIME
Licensed Psychologist,,138000.0,,Part-time,,,Mid-Senior level,PART_TIME
Part Time Licensed Talk Therapist,,57200.0,,Part-time,,,Entry level,PART_TIME
Part Time Licensed Talk Therapist,,64400.0,,Part-time,,,Entry level,PART_TIME
Licensed Talk Therapist,,105400.0,,Part-time,,,Entry level,PART_TIME
Clinical Social Worker,,112200.0,,Part-time,,,Entry level,PART_TIME
Clinical Social Worker,,111900.0,,Part-time,,,Entry level,PART_TIME
Remote Licensed Talk Therapist,,118600.0,,Part-time,,1.0,Entry level,PART_TIME
Social Media Graphic Designer,,50.0,,Part-time,53.0,1.0,,PART_TIME
Registered Nurse - RN - PICU - Pediatric Intensive Care Unit PED,,42.0,,Full-time,,,,FULL_TIME
REGISTERED NURSE - RN - SKILLED NURSING FACILITY,,38.0,,Full-time,,,,FULL_TIME
Registered Nurse - RN - Medical Surgical,,56.0,,Full-time,,,,FULL_TIME
REGISTERED NURSE - RN - SKILLED NURSING FACILITY,,46.0,,Full-time,,,,FULL_TIME
Registered Nurse - RN - Correctional Facility,,48.0,,Full-time,,,,FULL_TIME
Registered Nurse - RN - Unit Manager,,2500.0,,Full-time,,,,FULL_TIME
REGISTERED NURSE - RN - SKILLED NURSING FACILITY,,46.0,,Full-time,,,,FULL_TIME
REGISTERED NURSE - RN - SKILLED NURSING FACILITY,,35.0,,Full-time,,,,FULL_TIME
Registered Nurse - RN - Medical Surgical,,57.0,,Full-time,,,,FULL_TIME
Part Time Licensed Talk Therapist,,57200.0,,Part-time,,,Entry level,PART_TIME
Part Time Licensed Talk Therapist,,61600.0,,Part-time,,,Entry level,PART_TIME
Part Time Licensed Talk Therapist,,61600.0,,Part-time,,,Entry level,PART_TIME
Licensed Talk Therapist,,112200.0,,Part-time,,,Entry level,PART_TIME
Clinical Social Worker,,112200.0,,Part-time,,,Entry level,PART_TIME
Resgisten NURSE-RN- SKILLED NURSING FACILITY,,38.0,,Full-time,,,,FULL_TIME
Registered Nurse - RN - LTAC,,2000.0,,Full-time,,,,FULL_TIME
Registered Nurse - RN - Correctional Facility,,48.0,,Full-time,,,,FULL_TIME
REGISTERED NURSE - RN - SKILLED NURSING FACILITY,,46.0,,Full-time,,,,FULL_TIME
REGISTERED NURSE -RN - School Nursing,,32.0,,Full-time,,,,FULL_TIME
Registered Nurse - RN - Rehab,,52.75,,Full-time,,,,FULL_TIME
Registered Nurse - RN - Rehab,,47.75,,Full-time,,,,FULL_TIME
Licensed Psychologist,,127900.0,,Part-time,,,Mid-Senior level,PART_TIME
Licensed Psychologist,,132300.0,,Part-time,,,Mid-Senior level,PART_TIME
Licensed Talk Therapist,,112200.0,,Part-time,,,Entry level,PART_TIME
Licensed Talk Therapist,,118600.0,,Part-time,,,Entry level,PART_TIME
Clinical Social Worker,,105400.0,,Part-time,,,Entry level,PART_TIME
Administrative Assistant - Sales,,21.0,,Part-time,,,Entry level,PART_TIME
REGISTERED NURSE Med /Surg Unit,,27.0,,Full-time,,,,FULL_TIME
Registered Nurse - RN - Medical Surgical,,66.0,,Full-time,,,,FULL_TIME
REGISTERED NURSE Med /Surg Unit,,55.0,,Full-time,,,,FULL_TIME
Registered Nurse - RN - Medical Surgical,,66.0,,Full-time,,,,FULL_TIME
Registered Nurse - RN - Rehab,,52.75,,Full-time,,,,FULL_TIME
Registered Nurse - RN - Rehab,,47.75,,Full-time,,,,FULL_TIME
Registered Nurse - RN - Skilled Nursing Facility,,52.0,,Full-time,,,,FULL_TIME
Planning Analytics Manager,,61.81,,Contract,4.0,1.0,Mid-Senior level,CONTRACT
Construction Worker,,18.0,,Full-time,2.0,,,FULL_TIME
REGISTERED NURSE - RN - SKILLED NURSING FACILITY,,38.0,,Full-time,,,,FULL_TIME
Registered Nurse - RN - Medical Surgical,,56.0,,Full-time,,,,FULL_TIME
Registered Nursing- RN - Long Term Care/Skilled Nursing Facility,,2400.0,,Full-time,,,,FULL_TIME
Registered Nurse - RN - Psychiatric,,2000.0,,Full-time,,,,FULL_TIME
Registered Nurse - RN - Skilled Nursing Facility,,48.0,,Full-time,,,,FULL_TIME
REGISTERED NURSE Med /Surg Unit,,58.0,,Full-time,,,,FULL_TIME
Registered Nurse - RN - Unit Manager,,2500.0,,Full-time,,,,FULL_TIME
Registered Nurse - RN - Rehab,,47.75,,Full-time,,,,FULL_TIME
Registered NURSE - RN - SKILLED NURSING FACILITY,,38.0,,Full-time,,,,FULL_TIME
Registered Nursing- RN - Long Term Care/Skilled Nursing Facility,,20.38,,Full-time,,,,FULL_TIME
Registered Nurse - RN - Skilled Nursing Facility,,48.0,,Full-time,,,,FULL_TIME
Registered Nurse - RN - Rehab,,47.75,,Full-time,,,,FULL_TIME
Registered Nurse - RN - Rehab,,52.75,,Full-time,,,,FULL_TIME
REGISTERED NURSE Med /Surg Unit,,34.0,,Full-time,,,,FULL_TIME
REGISTERED NURSE Med /Surg Unit,,34.0,,Full-time,,,,FULL_TIME
Travel - Registered Nurse - Step Down,,2196.0,,Full-time,,,Mid-Senior level,FULL_TIME
Sales Broker,,73.0,,Full-time,,1.0,,FULL_TIME
Recruiting And Sales Specialist,,73.0,,Full-time,7.0,1.0,,FULL_TIME
Chart Retrieval Specialist,,18.0,,Contract,,,Entry level,CONTRACT
Maintenance Worker/Porter I (Castle Hill YMCA),,18.0,,Part-time,1.0,,Entry level,PART_TIME
Maintenance Worker/Porter II (Castle Hill YMCA),,18.0,,Part-time,,,Entry level,PART_TIME
Executive Director at Free Our Vote,,120000.0,,Full-time,1.0,1.0,,FULL_TIME
Retail Sales and Store Support,,18.94,,Part-time,,,Entry level,PART_TIME
03225 Inside Sales,,14.13,,Other,,,Entry level,OTHER
03817 Inside Sales,,13.0,,Other,,,Entry level,OTHER
"Visiting Research Partner, Project Development & Strategic Initiatives",,58689.0,,Full-time,,,Mid-Senior level,FULL_TIME
Managment Analyst 1 PS(T),,25.72,,Full-time,,,Mid-Senior level,FULL_TIME
Senior Associate of Advocacy and Administration,,59325.0,,Full-time,,,Entry level,FULL_TIME
Automotive ADAS Calibration Technician,,28.0,,Full-time,,,Entry level,FULL_TIME
Assistant Manager,,16.0,,Full-time,,,Mid-Senior level,FULL_TIME
Equipment Operator,,40.0,,Full-time,,,,FULL_TIME
Assistant Manager,,16.0,,Full-time,,,Mid-Senior level,FULL_TIME
General Manager,,105000.0,,Full-time,1.0,,Mid-Senior level,FULL_TIME
Maintenance,,16.0,,Full-time,,,Entry level,FULL_TIME
Assistant Manager,,16.0,,Full-time,,,Mid-Senior level,FULL_TIME
PT Assistant Manager/Sales Lead,,13.0,,Part-time,,,Entry level,PART_TIME
Accountant,,65000.0,,Full-time,1.0,1.0,Associate,FULL_TIME
Front Desk Agent (Full-Time) - Hilton Anatole,,16.0,,Full-time,,,Entry level,FULL_TIME
Overnight Guest Services Agent (Full Time) - Waldorf Astoria Park City,,20.0,,Full-time,,,Entry level,FULL_TIME
Server Assistant (Seasonal Part Time) - Aveo Table and Bar at Waldorf Astoria Monarch Beach Resort and Club,,16.0,,Part-time,,,Mid-Senior level,PART_TIME
Compliance Auditor - Delegation Oversight / Job Req 688178310,,80040.08,,Full-time,,,Mid-Senior level,FULL_TIME
Restaurant Host - Hostess,,15.0,,Full-time,,,Mid-Senior level,FULL_TIME
Bartender (Part Time) - Waldorf Astoria Monarch Beach Resort and Club,,16.0,,Part-time,,,Mid-Senior level,PART_TIME
Warehouse Production Associate Break Pack Part Time 1st Shift,,19.7,,Part-time,,,Entry level,PART_TIME
Full-Time EMT Basic,,19.43,,Full-time,,,,FULL_TIME
King Tide Server-King Tide Fish & Shell,,15.45,,Full-time,,,Entry level,FULL_TIME
Seasonal Housekeeping Supervisor,,23.0,,Temporary,,,Mid-Senior level,TEMPORARY
Advanced Technology Organization Grid AI/ML Lead,,218000.0,,Full-time,1.0,,Director,FULL_TIME
Production Worker - Stitching,,18.0,,Full-time,,,Associate,FULL_TIME
Machine Operator - Press Assistant,,15.0,,Full-time,,,Entry level,FULL_TIME
Cocktail Server (Part Time) - Waldorf Astoria Monarch Beach Resort and Club,,16.0,,Part-time,,,Mid-Senior level,PART_TIME
Hotel Front Desk Agent - Full Time - Hilton Des Moines Downtown,,17.0,,Full-time,,,Entry level,FULL_TIME
Food Runner (Seasonal Part Time) Aveo Table and Bar at Waldorf Astoria Monarch Beach Resort and Club,,16.0,,Part-time,,,Entry level,PART_TIME
Intake Coordinator,,21.0,,Full-time,,,Entry level,FULL_TIME
2024 Chicago IP 1L Summer Associate,,4134.61,,Full-time,2.0,,Associate,FULL_TIME
Lobby Greeter Concierge - Hilton Hawaiian Village Waikiki Beach,,20.0,,Full-time,,,Entry level,FULL_TIME
Maintenance Runner,,22.0,,Full-time,,,Entry level,FULL_TIME
Sr Front Desk Specialist,,19.0,,Full-time,,,Mid-Senior level,FULL_TIME
Ramp & Customer Service Agent,,16.28,,Part-time,,,Mid-Senior level,PART_TIME
Contact Center Agent Tier 2,,20.7,,Full-time,,,Entry level,FULL_TIME
Customer Service Representative,,16.0,,Part-time,,,Mid-Senior level,PART_TIME
Senior Sourcing Analyst,,85000.0,,Full-time,3.0,,Associate,FULL_TIME
"Room Attendant - The Duniway Portland, a Hilton Hotel",,18.45,,Full-time,2.0,,Entry level,FULL_TIME
Sales Manager - Hilton Vancouver,,28.0,,Full-time,,,Entry level,FULL_TIME
Barista (Seasonal Part Time) - Waldorf Astoria Monarch Beach Resort and Club,,18.0,,Part-time,,,Mid-Senior level,PART_TIME
Seasonal Lead Housekeeper,,23.0,,Temporary,,,Mid-Senior level,TEMPORARY
Seasonal Property Caretaker,,24.0,,Temporary,,,Mid-Senior level,TEMPORARY
Production Worker - Lasting,,18.0,,Full-time,,,Associate,FULL_TIME
Seasonal Linen Specialist,,21.0,,Temporary,,,Mid-Senior level,TEMPORARY
Contact Center Agent Tier 2,,20.7,,Full-time,,,Entry level,FULL_TIME
CDL Truck Driver Residential,,35.02,,Full-time,,,Entry level,FULL_TIME
Event Houseperson,,25.5,,Full-time,,,Associate,FULL_TIME
Seasonal Property Caretaker,,18.0,,Temporary,,,Mid-Senior level,TEMPORARY
Seasonal Property Caretaker,,18.0,,Temporary,,,Mid-Senior level,TEMPORARY
Grower Relations Harvest Intern,,18.0,,Full-time,,,Entry level,FULL_TIME
PROGRAM ANALYST with Security Clearance,,125000.0,,Part-time,,,Mid-Senior level,PART_TIME
Blow Molder,,26.9,,Full-time,1.0,,,FULL_TIME
Delivery Driver / CDL A required / Seasonal,,25.75,,Full-time,,,,FULL_TIME
Field Service Technician Trainee (MEM) / Rotating Shifts,,24.58,,Full-time,,,Entry level,FULL_TIME
Cook 1 - Toro Latin Restaurant,,20.5,,Full-time,1.0,,Associate,FULL_TIME
"Developmental Specialist, Early Intervention",,32.5,,Contract,,,Entry level,CONTRACT
Merchandiser * PART TIME * SEASONAL,,21.05,,Part-time,,,,PART_TIME
Marketing and Sales Executive and Event Assistant,,70.0,,Full-time,1.0,,Mid-Senior level,FULL_TIME
Area Coach/Hair Stylist Educator,,65000.0,,Full-time,,,Mid-Senior level,FULL_TIME
PT Clerk - Dairy - 2591,,15.0,,Full-time,,,Entry level,FULL_TIME
Lab Operations Specialist (Contract),,34.0,,Contract,,,Entry level,CONTRACT
SAP Coordinator,,30.0,,Contract,,,Mid-Senior level,CONTRACT
OAK Pipeline Operator,,24.0,,Full-time,,,,FULL_TIME
Leasing,,20.0,,Full-time,,,,FULL_TIME
Engineer-Preventative Maintenance,,21.0,,Full-time,,,Entry level,FULL_TIME
Housekeeper,,15.0,,Full-time,,,Entry level,FULL_TIME
"Driver, Logistics",,23.0,,Full-time,,,,FULL_TIME
Breakfast Attendant,,15.0,,Full-time,,,Entry level,FULL_TIME
Front Desk Supervisor,,17.0,,Full-time,,,Mid-Senior level,FULL_TIME
Travel RRT - Job Id: JO03716405,,3522.0,,Full-time,,,Entry level,FULL_TIME
Travel RRT - Job Id: JO03716487,,3522.0,,Full-time,,,Entry level,FULL_TIME
PICU Travel RN - Job Id: JO03716482,,2027.0,,Full-time,,,Mid-Senior level,FULL_TIME
RAD Travel Rad Technologist - Job Id: JO03716490,,2197.0,,Full-time,,,Mid-Senior level,FULL_TIME
Cath Lab Travel RN - Job Id: JO03716489,,2818.0,,Full-time,,,Mid-Senior level,FULL_TIME
Travel RRT - Job Id: JO03716404,,3522.0,,Full-time,,,Entry level,FULL_TIME
Wraparound Program Assistant,,16.0,,Full-time,,,Entry level,FULL_TIME
House Attendant,,15.0,,Full-time,,,Entry level,FULL_TIME
Part-Time Tasting Room Representative,,23.0,,Full-time,,,,FULL_TIME
Customer Logistics Manager,,68500.0,,Full-time,,,Mid-Senior level,FULL_TIME
Travel PT - Job Id: JO03716483,,2020.0,,Full-time,,,Entry level,FULL_TIME
Medical Assistant -New Britain (FT)--$500 Sign On Bonus!,,21.0,,Full-time,,,Entry level,FULL_TIME
Travel RRT - Job Id: JO03716488,,3522.0,,Full-time,,,Entry level,FULL_TIME
Quality Control Final Inspector - B Shift,,50000.0,,Full-time,,,,FULL_TIME
Travel RRT - Job Id: JO03716476,,2716.0,,Full-time,,,Entry level,FULL_TIME
Solution Planner - AI Infrastructure Optical Interconnect,,122240.0,,Full-time,,,Mid-Senior level,FULL_TIME
X-Ray Travel Rad Technologist - Job Id: JO03716481,,2008.0,,Full-time,,,Mid-Senior level,FULL_TIME
X-Ray Travel Rad Technologist - Job Id: JO03716472,,2061.0,,Full-time,,,Mid-Senior level,FULL_TIME
Ultrasound Travel Ultrasound-Sonographer - Job Id: JO03716453,,2111.0,,Full-time,,,Entry level,FULL_TIME
CT Travel CT Technologist - Job Id: JO03716409,,2110.0,,Full-time,,,Mid-Senior level,FULL_TIME
"Branch Intern (Decatur, IL)",,18.0,,Part-time,,,,PART_TIME
Structural Welder,,22.0,,Full-time,,,Entry level,FULL_TIME
Sales Representative,,15.0,,Full-time,,,Entry level,FULL_TIME
Field Technician,,21.75,,Full-time,,,Entry level,FULL_TIME
Instrument Technician,,44.54,,Full-time,1.0,,Entry level,FULL_TIME
Sales Representative,,19.0,,Full-time,,,Entry level,FULL_TIME
"Keyholder - The Cosmetics Company Store - 20hrs - Florida Keys - Florida City, FL",,15.59,,Part-time,,,,PART_TIME
"Sales Associate - The Cosmetics Company Store - 18 Hrs - The Citadel Outlets - Los Angeles, CA",,16.78,,Part-time,,,,PART_TIME
"Keyholder - Le Labo - 40 Hrs - Berkeley, CA",,17.82,,Full-time,,,,FULL_TIME
"Keyholder - The Cosmetics Company Store - 20 Hrs - Merrimack, NH",,15.59,,Part-time,,,,PART_TIME
"Stylist - Jo Malone London - 15 Hrs - Berkeley,CA",,17.07,,Part-time,,,,PART_TIME
"MAC Freelancer - San Jose, CA",,17.01,,Full-time,,,,FULL_TIME
"Keyholder - Aveda - 18hrs - Garden State Plaza - Paramus, NJ",,17.82,,Part-time,,,,PART_TIME
"Beauty Advisor - Aveda - 18hrs - Manhattan - New York, NY",,17.07,,Part-time,,,,PART_TIME
"Sales Associate - The Cosmetics Company Store - 20hrs - The Citadel Outlets - Los Angeles, CA",,16.78,,Part-time,,,,PART_TIME
Production Operator,,21.0,,Full-time,,,Mid-Senior level,FULL_TIME
Lab Technician,,19.0,,Full-time,,,Mid-Senior level,FULL_TIME
Machine Operator,,25.14,,Full-time,,,Entry level,FULL_TIME
Grand Club Attendant - Part Time ,,27.0,,Part-time,,,Entry level,PART_TIME
Server Assistant (Busser) Tidepools - Part Time Temporary (90 days) ,,14.0,,Part-time,,,Entry level,PART_TIME
Faculty Group Practice Sec I,,51206.48,,Full-time,,,,FULL_TIME
Faculty Group Practice Sec I-Intake/Sched (35),,51206.48,,Full-time,,,,FULL_TIME
Faculty Group Practice Sec I,,51206.48,,Full-time,,,,FULL_TIME
Faculty Group Practice Medical Assistant (35),,55616.08,,Full-time,,,,FULL_TIME
General Manager,,60000.0,,Full-time,,,Executive,FULL_TIME
Patient Care Assistant (40),,52308.88,,Full-time,,,,FULL_TIME
Medical Records Clerk / Chart Organizer,,16.0,,Full-time,,,Entry level,FULL_TIME
Senior Account Executive,,110000.0,,Full-time,,,Mid-Senior level,FULL_TIME
Education Manager,,25.0,,Full-time,,,Mid-Senior level,FULL_TIME
Patient Registration Specialist,,23.0,,Part-time,,,Entry level,PART_TIME
Underwriting Associate,,21.5,,Full-time,,,Entry level,FULL_TIME
Business Development Representative,,22.0,,Full-time,,1.0,Entry level,FULL_TIME
Registered Nurse - RN for Overnight Shifts,,35.0,,Full-time,,,Mid-Senior level,FULL_TIME
Registered Nurse - RN for Day Shifts,,32.0,,Full-time,,,Mid-Senior level,FULL_TIME
Restaurant Manager,,70000.0,,Full-time,,,Mid-Senior level,FULL_TIME
Restaurant Assistant General Manager,,70000.0,,Full-time,,,Mid-Senior level,FULL_TIME
Day Shift - Registered Nurse (RN),,32.0,,Full-time,,,Mid-Senior level,FULL_TIME
LPN for 1:1 School Days,,29.0,,Full-time,,,Entry level,FULL_TIME
LPN - Nurse Residency Program,,29.0,,Full-time,,,Entry level,FULL_TIME
RN - Nurse Residency Program,,32.0,,Full-time,,,Mid-Senior level,FULL_TIME
Licensed Practical Nurse - Home Care,,1000.0,,Full-time,,,Entry level,FULL_TIME
Licensed Practical Nurse - Home Care,,1000.0,,Full-time,,,Entry level,FULL_TIME
Licensed Practical Nurse - Home Care,,1000.0,,Full-time,,,Entry level,FULL_TIME
Patient Access Representative | Eating Disorders | 40 Hrs/Week,,23.0,,Full-time,,,Entry level,FULL_TIME
Patient Access Representative | SP Clinic OB Scheduling | 36 Hrs/Week,,23.0,,Full-time,,,Entry level,FULL_TIME
Registered Nurse (RN) - 1:1 School Days,,33.0,,Full-time,,,Mid-Senior level,FULL_TIME
Registered Nurse - RN for Evening Shifts,,32.0,,Full-time,,,Mid-Senior level,FULL_TIME
Restaurant Manager - 4 Day Work Week,,60000.0,,Full-time,,,Mid-Senior level,FULL_TIME
Infant Licensed Practical Nurse (LPN) for Nights,,30.0,,Full-time,,,Entry level,FULL_TIME
Overnight LPN,,34.0,,Full-time,,,Entry level,FULL_TIME
"LPN New Grad, Residency",,24.0,,Full-time,,,Entry level,FULL_TIME
Patient Access Representative - Broadway Pulmonary (24 hrs/wk) Pul,,23.0,,Part-time,,,Entry level,PART_TIME
RN Nurse Residency,,25.0,,Full-time,,,Mid-Senior level,FULL_TIME
Inside Sales Representative,,29.58,,Full-time,,,Entry level,FULL_TIME
Licensed Practical Nurse (LPN) - Evening Shift,,29.0,,Full-time,,,Entry level,FULL_TIME
Day Shift RN,,40.0,,Full-time,,,Mid-Senior level,FULL_TIME
New Grad RN. Residency,,25.0,,Full-time,,,Entry level,FULL_TIME
Branch Sales Manager,,75000.0,,Full-time,,,Mid-Senior level,FULL_TIME
Supply Chain Specialist,,34.0,,Contract,4.0,,Mid-Senior level,CONTRACT
Editorial Intern,,20.0,,Full-time,2.0,,Internship,FULL_TIME
Remote Licensed Marriage and Family Therapist,,84.0,,Full-time,,1.0,Mid-Senior level,FULL_TIME
Outside Sales Representative / Restaurant Specialist,,40000.0,,Full-time,,,Entry level,FULL_TIME
Data Entry Specialist - AP and AR,,17.0,,Contract,,,Entry level,CONTRACT
Remote Licensed Professional Counselor,,86.0,,Full-time,,1.0,Mid-Senior level,FULL_TIME
2nd Shift Production Associates,,22.09,,Full-time,,,,FULL_TIME
Lead Mechanic,,38.0,,Full-time,,,Mid-Senior level,FULL_TIME
Operations Associate,,21.63,,Contract,,,Entry level,CONTRACT
Remote Licensed Clinical Psychologist,,84.0,,Full-time,,1.0,Mid-Senior level,FULL_TIME
Part Time School Bus Driver,,20.0,,Part-time,,,Entry level,PART_TIME
Maintenance Technician,,30.5,,Full-time,,,Entry level,FULL_TIME
Cable Field Technician,,21.75,,Full-time,,,Entry level,FULL_TIME
Site Coordinator,,14.0,,Full-time,,,,FULL_TIME
Operations Coordinator,,45000.0,,Full-time,,,,FULL_TIME
Bus Monitor,,13.0,,Full-time,,,Entry level,FULL_TIME
Fitness Coach,,55.0,,Full-time,,,Entry level,FULL_TIME
Remote Licensed Mental Health Counselor,,84.0,,Full-time,,1.0,Mid-Senior level,FULL_TIME
Graphic Design Intern,,14.0,,Part-time,1.0,,,PART_TIME
Healthcare Sales Trainee,,73.0,,Full-time,2.0,1.0,,FULL_TIME
Remote Licensed Clinical Psychologist,,95.0,,Full-time,,1.0,Mid-Senior level,FULL_TIME
FT Customer Support Specialist (Work From Home),,17.0,,Full-time,,1.0,Entry level,FULL_TIME
Healthcare Sales Trainee,,73.0,,Full-time,3.0,1.0,,FULL_TIME
FT Customer Support Specialist (Work From Home),,17.0,,Full-time,,1.0,Entry level,FULL_TIME
System Administrator,,55000.0,,Full-time,,1.0,,FULL_TIME
Senior Director Clinical Programs,,85.0,,Full-time,,,Director,FULL_TIME
"REMOTE Coordinator, Operations & Special Projects, Charter Oak Recruitment",,17.0,,Part-time,,1.0,Entry level,PART_TIME
HD Technician,,35.0,,Full-time,,,Entry level,FULL_TIME
Program Manager,,27.0,,Part-time,,,,PART_TIME
Teller,,17.0,,Full-time,,,,FULL_TIME
FT Customer Support Specialist (Work From Home),,17.0,,Full-time,,1.0,Entry level,FULL_TIME
Sales Consultant (B2B),,0.0,,Contract,1.0,1.0,,CONTRACT
Summer Camp Counselor,,18.0,,Part-time,,,,PART_TIME
Support Specialist (Remote),,45000.0,,Full-time,1.0,1.0,Entry level,FULL_TIME
Student Radiologic Technologist - PRN,,15.0,,Internship,,,,INTERNSHIP
"Thrive Scholar Summer Academy Web Lead Instructor [Full Time, Summer Contract]",,75.0,,Full-time,,,Mid-Senior level,FULL_TIME
Income Tax and Audit Representative,,75000.0,,Full-time,,,Mid-Senior level,FULL_TIME
Income Tax and Audit Representative,,75000.0,,Full-time,,,Mid-Senior level,FULL_TIME
Income Tax and Audit Representative,,75000.0,,Full-time,,,Mid-Senior level,FULL_TIME
"Assistant Kitchen Manager, Town & Gown",,66560.0,,Full-time,,,Mid-Senior level,FULL_TIME
"RN, CVICU- SEASONAL AGREEMENT",,65.0,,Full-time,,,,FULL_TIME
Nurse Practitioner - Psychiatry Inpatient Detox & Rehab 5R RV - Mount Sinai Beth Israel - Part Time nights,,64.35,,Part-time,,,Mid-Senior level,PART_TIME
Pier Utility Attendant - City Cruises DC,,17.0,,Part-time,,,Entry level,PART_TIME
"Medical Science Liaison, Pulmonology - Southeast",,169181.0,,Full-time,,,Mid-Senior level,FULL_TIME
F&B and Sales Cast Member Roles at the Morocco Pavilion at EPCOT,,17.0,,Part-time,,,Mid-Senior level,PART_TIME
Sales Enablement Specialist,,60000.0,,Full-time,2.0,1.0,,FULL_TIME
Maintenance Craft Technician (Electrical),,39310.0,,Full-time,,,Entry level,FULL_TIME
QA Test Leads Manual,,60.0,,Contract,67.0,,Mid-Senior level,CONTRACT
Power Design Engineer,,132500.0,,Full-time,,,Entry level,FULL_TIME
"Business Consultant-Sales - Santa Barbara, CA",,150000.0,,Full-time,,,Mid-Senior level,FULL_TIME
Customer Service Representative,,13.5,,Full-time,,,Entry level,FULL_TIME
Legal Administrative Assistant,,36.0,,Contract,1.0,,,CONTRACT
Infrastructure as Code (IaC) Engineer,,160000.0,,Full-time,6.0,,Mid-Senior level,FULL_TIME
Administrative Assistant,,29.55,,Full-time,,,Associate,FULL_TIME
Utility Driver,,25.44,,Full-time,,,Entry level,FULL_TIME
Plumber,,37.55,,Full-time,1.0,,Associate,FULL_TIME
Access Control Personnel,,21.93,,Full-time,,,Entry level,FULL_TIME
General Maintenance Worker,,22.41,,Full-time,,,Entry level,FULL_TIME
Delivery Specialist,,12.5,,Full-time,,,Entry level,FULL_TIME
Analyst,,90000.0,,Full-time,1.0,,Entry level,FULL_TIME
Assistant Store Manager,,51000.0,,Full-time,,,,FULL_TIME
Part-Time Project Support Specialist (Scheduling Coordinator),,24.0,,Full-time,,,,FULL_TIME
Carts & Carryout,,14.25,,Full-time,,,,FULL_TIME
Sales Associate,,15.0,,Full-time,,,,FULL_TIME
Warehouse Operator,,20.55,,Full-time,,,Entry level,FULL_TIME
Warehouse Person (Loader) - Nitro (FT/Eve),,25.32,,Full-time,,,,FULL_TIME
"Hiring Event - Friday, April 12th - Nordstrom Thousand Oaks",,17.2,,Part-time,,,Entry level,PART_TIME
Merchandiser,,19.25,,Full-time,,,,FULL_TIME
Warehouse Person (Loader),,25.49,,Full-time,,,,FULL_TIME
General Labor - Inventory Counter,,21.65,,Full-time,,,,FULL_TIME
Cook II,,22.5,,Full-time,,,Entry level,FULL_TIME
Material Handler (2nd and 3rd shift) Starting at $22.50,,22.5,,Full-time,,,Entry level,FULL_TIME
Housekeeping Clerk (Full-time),,24.88,,Full-time,,,Entry level,FULL_TIME
Sales Rep - Large Grocery / Mass Merchant / Large Format-Belleview/Summerfield,,54800.05,,Full-time,,,,FULL_TIME
Retail Sales - Kids' Apparel & Shoes - Cherry Creek Shopping Center,,18.55,,Part-time,,,Entry level,PART_TIME
"Merchandiser * Bullhead City/Fort Mohave, AZ",,19.0,,Full-time,,,,FULL_TIME
Retail Sales - Men's Apparel - Westfarms,,15.95,,Part-time,,,Entry level,PART_TIME
Local CDL Beer Delivery Driver,,85000.0,,Full-time,,,,FULL_TIME
.Net Developer,,18.0,,Full-time,1.0,,Entry level,FULL_TIME
Nuclear Medicine Technologist,,59.0,,Full-time,,,Mid-Senior level,FULL_TIME
Merchandiser Seasonal,,17.35,,Full-time,,,,FULL_TIME
Warehouse Order Selector,,25.0,,Full-time,,,,FULL_TIME
"Occupational Therapist, Per Diem",,65.03,,Full-time,,,Entry level,FULL_TIME
Merchandiser,,19.0,,Full-time,,,,FULL_TIME
Public Area Attendant,,18.0,,Full-time,,,Associate,FULL_TIME
Spa Experience Coordinator,,23.0,,Full-time,,,Entry level,FULL_TIME
Rating & Ratemaking Insights Analyst II,,56000.0,,Full-time,11.0,1.0,,FULL_TIME
Account Executive,,75000.0,,Full-time,,1.0,,FULL_TIME
"Assembler Technician, 2nd shift",,31.28,,Full-time,,,Entry level,FULL_TIME
Market Development Manager,,90000.0,,Full-time,,,Mid-Senior level,FULL_TIME
Custom Trade Agent - 2nd Shift,,15.0,,Full-time,,,,FULL_TIME
Relief Veterinarian,,70.0,,Full-time,,,Entry level,FULL_TIME
Palletizer,,26.52,,Full-time,,,,FULL_TIME
Mortgage Loan Officer,,100000.0,,Full-time,,,Entry level,FULL_TIME
LGA Fueling Supervisor,,32.0,,Full-time,1.0,,,FULL_TIME
Entry Level Automotive Technician,,22.0,,Part-time,,,Entry level,PART_TIME
Marketing Content Specialist,,38000.0,,Full-time,,,Entry level,FULL_TIME
Dental Hygienist,,85.0,,Full-time,,,Entry level,FULL_TIME
"Stanford Cardiology, Electrophysiology",,525000.0,,Full-time,,,Executive,FULL_TIME
"Physician (Internal Medicine) - Los Benos, CA",,10000.0,,Full-time,,,Mid-Senior level,FULL_TIME
Dental Hygienist,,65.0,,Full-time,,,Entry level,FULL_TIME
Maintenance Technician II,,34.0,,Full-time,,,Entry level,FULL_TIME
"Server Attendant, Pavilion",,16.5,,Full-time,,,Entry level,FULL_TIME
Maintenance Technician II **$5K SIGN ON BONUS**,,5000.0,,Full-time,,,Entry level,FULL_TIME
Warehouse Specialist,,23.4,,Full-time,,,Entry level,FULL_TIME
Material Handler,,17.34,,Full-time,,,Entry level,FULL_TIME
Machine Operator - Biesse (Swing),,19.5,,Full-time,,,,FULL_TIME
Key Holder (FT),,10.75,,Full-time,,,Mid-Senior level,FULL_TIME
Environmental Laboratory Assessment Technician,,20.0,,Contract,,,Entry level,CONTRACT
Key Holder (FT),,15.25,,Full-time,,,Mid-Senior level,FULL_TIME
Operations Associate,,21.63,,Contract,,,Entry level,CONTRACT
Lead Teacher,,12.0,,Full-time,,,Mid-Senior level,FULL_TIME
Program Coordinator,,16.0,,Contract,,,Entry level,CONTRACT
Data Entry Specialist - AP and AR,,17.0,,Contract,,,Entry level,CONTRACT
Technical Manager,,140000.0,,Full-time,,,Mid-Senior level,FULL_TIME
Infant Assistant Teacher SIGN ON BONUS,,17.0,,Full-time,,,Entry level,FULL_TIME
Academic Program Manager,,90.0,,Internship,3.0,,Mid-Senior level,INTERNSHIP
Night Auditor  ,,32.22,,Full-time,,,Entry level,FULL_TIME
Front Desk Agent  ,,15.0,,Full-time,,,Entry level,FULL_TIME
Assistant Teacher,,11.0,,Full-time,,,Entry level,FULL_TIME
Systems Engineer,,75000.0,,Full-time,1.0,,Entry level,FULL_TIME
Business Intelligence Specialist,,95000.0,,Contract,,1.0,Entry level,CONTRACT
Eyewear dispenser /Optical Sales,,50.0,,Full-time,,,Entry level,FULL_TIME
Temporary Employee - Non-Exempt,,27.0,,Part-time,,,Entry level,PART_TIME
Equipment Operator - Pet Food 1st Shift,,21.35,,Full-time,,,Entry level,FULL_TIME
Guest Services Agent  ,,31.22,,Full-time,,,Entry level,FULL_TIME
Machine Operator - Pet Food 2nd Shift,,21.35,,Full-time,,,Entry level,FULL_TIME
General Production - Pet Food 2nd Shift,,21.1,,Full-time,,,Mid-Senior level,FULL_TIME
"Store Associate, PT - Northfield",,18.5,,Part-time,,,Entry level,PART_TIME
"Store Associate, PTU - Lehi",,15.5,,Part-time,,,Entry level,PART_TIME
General Production - Treats Raw 1st Shift,,20.1,,Full-time,1.0,,Mid-Senior level,FULL_TIME
Physician - General Surgery,,425000.0,,Full-time,,,,FULL_TIME
"Store Associate, FT - Grand Prairie, TX",,15.5,,Full-time,,,Entry level,FULL_TIME
"Account Manager, Field Sales (Western Pennsylvania)",,150000.0,,Full-time,,,Mid-Senior level,FULL_TIME
"Store Associate, SEA - Tucson",,15.0,,Full-time,,,Entry level,FULL_TIME
Equipment Operator / Forklift Driver 2nd Shift,,21.35,,Full-time,,,Entry level,FULL_TIME
"Store Associate, Seas - Foxwoods",,16.0,,Full-time,,,Entry level,FULL_TIME
"Store Associate, FT - Vineland",,16.0,,Full-time,,,Entry level,FULL_TIME
"Store Associate, PT - Finger Lakes",,16.5,,Part-time,,,Entry level,PART_TIME
Site Supervisor,,21.0,,Full-time,,,Mid-Senior level,FULL_TIME
Seasonal QA Process Lab Tech (Crew C),,19.82,,Temporary,,,Entry level,TEMPORARY
Experienced Overnight Security Patrol Officer,,21.0,,Full-time,,,Entry level,FULL_TIME
Overnight Mobile Security Officer,,21.0,,Full-time,,,Entry level,FULL_TIME
"Part-Time Field Service Technician – Durango, CO",,22.0,,Part-time,,,Entry level,PART_TIME
Donation Center Attendant (RDC) 025,,14.5,,Full-time,,,Entry level,FULL_TIME
Data Analyst,,68.0,,Full-time,,,,FULL_TIME
New Healthcare Business Development,,73.0,,Full-time,,1.0,,FULL_TIME
Construction Security Officer - Weekly Pay,,19.0,,Full-time,,,Entry level,FULL_TIME
Security Officer Level 2,,18.0,,Full-time,,,Entry level,FULL_TIME
Full Time 2nd Shift Security Officer,,19.0,,Full-time,,,Mid-Senior level,FULL_TIME
Overnight Warehouse Security Officer,,18.0,,Full-time,,,Entry level,FULL_TIME
"Security Supervisor's: $26.00/hour (Cambridge, MA)",,26.0,,Full-time,,,Mid-Senior level,FULL_TIME
Local Route Driver,,19.5,,Full-time,,,Entry level,FULL_TIME
Coordinator - Housekeeping (Full Time),,23.5,,Full-time,,,Mid-Senior level,FULL_TIME
Cook II - In-Room Dining (Full Time),,23.75,,Full-time,,,Entry level,FULL_TIME
Inventory Control Clerk,,19.5,,Full-time,,,Entry level,FULL_TIME
Graphic Designer,,90000.0,,Full-time,39.0,,Associate,FULL_TIME
Showroom Administrative Assistant,,19.0,,Full-time,,,,FULL_TIME
Licensed Vocational NURSE- Primary Care -Community Clinic,,27.23,,Full-time,,,,FULL_TIME
Weekends ONLY -Advanced Practice Provider #3888,,55.29,,Full-time,,,,FULL_TIME
Registered Nurse Supervisor- Family Medicine,,42.17,,Full-time,,,,FULL_TIME
Bilingual Spanish Medical Assistant San Marcos - #3966,,23.0,,Full-time,,,,FULL_TIME
Registered Dental Assistant Float,,27.23,,Full-time,,,,FULL_TIME
Grant Writer,,25.04,,Full-time,,,,FULL_TIME
Automotive Production,,17.0,,Full-time,,,Entry level,FULL_TIME
Sales Representative $80K+,,80000.0,,Full-time,,,,FULL_TIME
Janitor,,20.0,,Full-time,,,Entry level,FULL_TIME
Student Support Assistant,,20782.0,,Part-time,,,Internship,PART_TIME
Central Service Courier,,23.7,,Full-time,,,,FULL_TIME
Receiving Associate,,18.0,,Full-time,,,,FULL_TIME
"Senior Account Executive, ShowingTime",,40.0,,Full-time,,1.0,Mid-Senior level,FULL_TIME
"2024 Global Safety Operations Analyst Intern, US",,30.0,,Internship,3.0,,,INTERNSHIP
Truck Driver CDL Class A,,21.5,,Full-time,,,,FULL_TIME
Nurse Practitioner,,5000.0,,Full-time,,,,FULL_TIME
Grill Cook - Corporate Dining,,17.0,,Full-time,,,,FULL_TIME
Licensed Practical Nurse (LPN) Unit Manager,,4500.0,,Full-time,,,Entry level,FULL_TIME
03225 Inside Sales,,14.13,,Other,,,Entry level,OTHER
Lead Cook - Summer Camp,,20.0,,Full-time,,,,FULL_TIME
Summer Intern - Software Developer,,30.0,,Full-time,,,,FULL_TIME
Inside Sales Associate 10805,,16.78,,Other,,,Entry level,OTHER
Purchasing and Supply Continuity Specialist - Senior,,129600.0,,Full-time,,,Entry level,FULL_TIME
Corrections Counselor 1 - SCI Albion,,50637.0,,Full-time,,,Mid-Senior level,FULL_TIME
Registered Nurse - SCI Mahanoy,,84499.0,,Full-time,,,Mid-Senior level,FULL_TIME
Registered Nurse - SCI Dallas,,84499.0,,Full-time,,,Mid-Senior level,FULL_TIME
Corrections Food Service Instructor - SCI Smithfield,,44753.0,,Full-time,,,Mid-Senior level,FULL_TIME
Production Operator,,24.0,,Full-time,,,Entry level,FULL_TIME
Accounts Payable Representative (100% Remote) - (Job Number: FIN0100IS),,27.75,,Full-time,,1.0,Entry level,FULL_TIME
Senior Software Engineer - Remote,,150000.0,,Full-time,,1.0,Mid-Senior level,FULL_TIME
Technology Specialist III - Senior Cloud Database Architect & Engineer - Digital and Technology Partners - Remote,,202155.0,,Full-time,,1.0,Mid-Senior level,FULL_TIME
Legal Assistant (REMOTE),,40000.0,,Full-time,,1.0,Entry level,FULL_TIME
Senior Systems Software Engineer-REMOTE,,179000.0,,Full-time,,1.0,Mid-Senior level,FULL_TIME
"Technical Support Specialist, Imaging - Remote",,37.0,,Full-time,,1.0,Entry level,FULL_TIME
Business Systems Consultant - Workplace Solutions Consulting Team - Remote,,125000.0,,Full-time,,1.0,Mid-Senior level,FULL_TIME
Workforce Planning Consultant-Remote,,110520.0,,Full-time,,1.0,Mid-Senior level,FULL_TIME
Medical Assistant Career Connection - Virtual Chat with a Recruiter - 4/08/2024,,18.0,,Full-time,,1.0,Entry level,FULL_TIME
Compensation Analyst - Remote,,68841.68,,Full-time,,1.0,Mid-Senior level,FULL_TIME
Customer Service Representative- Work From Home,,19.57,,Full-time,,1.0,Mid-Senior level,FULL_TIME
"EverHealth - Account Executive (Remote, US)",,28.0,,Full-time,,1.0,Mid-Senior level,FULL_TIME
Customer Service Agent - Starting at $17.00/hour - Remote,,17.0,,Full-time,,1.0,Mid-Senior level,FULL_TIME
Virtual Administration Specialist,,60000.0,,Full-time,,1.0,Mid-Senior level,FULL_TIME
Utilization Review Clinical Specialist - Behavioral Health (Remote),,80000.0,,Full-time,,1.0,Entry level,FULL_TIME
Remote Sales Development Representative (SDR) - B2B Outbound,,55000.0,,Full-time,,1.0,Entry level,FULL_TIME
Sr. Customer Service Specialist - Virtual,,23.11,,Full-time,,1.0,Mid-Senior level,FULL_TIME
Clinical Sales Specialist - Remote (San Francisco),,75000.0,,Full-time,,1.0,Entry level,FULL_TIME
Data Analyst -AITS (Hybrid/Remote),,80000.0,,Full-time,,1.0,Entry level,FULL_TIME
Security Officer - Armed Secret Clearance with Security Clearance,,29.0,,Full-time,,,Entry level,FULL_TIME
Security Office - Secret Clearance with Security Clearance,,25.0,,Full-time,,,Entry level,FULL_TIME
Security Officer - Government Clearance with Security Clearance,,30.84,,Full-time,,,Entry level,FULL_TIME
Long Term Disability Claims Specialist - National Remote,,94500.0,,Full-time,,1.0,Entry level,FULL_TIME
Virtual Financial Consultant,,109000.0,,Full-time,,1.0,Mid-Senior level,FULL_TIME
"Account Executive - Remote in Miami, FL",,120000.0,,Full-time,,1.0,Mid-Senior level,FULL_TIME
Enablement Delivery Project Manager - Remote / Telecommute,,63.0,,Full-time,,1.0,Entry level,FULL_TIME
"Senior Manager, Sales Business Development (Remote)",,246000.0,,Full-time,,1.0,Mid-Senior level,FULL_TIME
Sales Support Coordinator - Remote US,,17.74,,Full-time,,1.0,Entry level,FULL_TIME
Cleared Security Officer - DOD Site with Security Clearance,,26.0,,Full-time,,,Entry level,FULL_TIME
TechOps Administrator with Security Clearance,,130000.0,,Full-time,,,Entry level,FULL_TIME
Provider Enrollment Specialist (Credentialing) - Remote Position,,67332.0,,Full-time,,1.0,Entry level,FULL_TIME
Retention Specialist - Remote Optional,,22.0,,Full-time,,1.0,Entry level,FULL_TIME
DIGITAL PROGRAMMATIC MEDIA SPECIALIST (REMOTE/USA) - GDM (Gray Media Group),,55000.0,,Full-time,,1.0,Entry level,FULL_TIME
Assistant Professor - School Counseling Program - CSOE (Remote/San Diego),,72203.0,,Full-time,,1.0,Mid-Senior level,FULL_TIME
"Sr Specialist, Quality Interventions/QI Compliance/Member Intervention - (Remote in New Mexico)",,97362.61,,Full-time,,1.0,Mid-Senior level,FULL_TIME
Senior Project Manager - Electrical Products (Remote),,149200.0,,Full-time,,1.0,Mid-Senior level,FULL_TIME
Executive Assistant - REMOTE,,90000.0,,Full-time,,1.0,Mid-Senior level,FULL_TIME
Call Center Representative (REMOTE),,19.0,,Full-time,,1.0,Entry level,FULL_TIME
Senior Financial Analyst - Fully Remote!!!,,122730.0,,Full-time,,1.0,Mid-Senior level,FULL_TIME
Assembler/Sequencer 1st shift,,15.0,,Full-time,,,Entry level,FULL_TIME
Inbound Sales Advisor - Remote Optional,,19.25,,Full-time,,1.0,Mid-Senior level,FULL_TIME
Business Development Senior Associate- Remote/South Africa,,60.0,,Full-time,,1.0,Mid-Senior level,FULL_TIME
Customer Service ( Remote work ),,50000.0,,Full-time,,1.0,Entry level,FULL_TIME
Scheduling Specialist - FT Remote,,60000.0,,Full-time,,1.0,Entry level,FULL_TIME
Data Analyst - Remote,,137800.0,,Full-time,,1.0,Entry level,FULL_TIME
Patient Care Customer Service Coordinator (WFH),,15.0,,Full-time,1.0,1.0,Entry level,FULL_TIME
IT Scrum Master Manager (Remote),,162000.0,,Full-time,,1.0,Mid-Senior level,FULL_TIME
Patient Registration Specialist *Remote*,,18.0,,Full-time,,1.0,Entry level,FULL_TIME
Cyber Security Specialist - Data Engineer L4 (Remote),,100000.0,,Full-time,,1.0,Entry level,FULL_TIME
Customer Service Representative- Work From Home,,19.57,,Full-time,,1.0,Mid-Senior level,FULL_TIME
Senior Pre-Service Specialist *Remote*,,37.84,,Full-time,,1.0,Mid-Senior level,FULL_TIME
Employer Engagement Coordinator III (Employer Relations Coordinator),,18.56,,Full-time,,,Mid-Senior level,FULL_TIME
Software Engineer - Warehouse Control System- Remote - (Job Number: 00058568641),,120000.0,,Full-time,,1.0,Entry level,FULL_TIME
Inbound Customer Service Representative (WFH),,15.5,,Full-time,,1.0,Mid-Senior level,FULL_TIME
Area Coach/Hair Stylist Educator,,65000.0,,Full-time,,,Mid-Senior level,FULL_TIME
"Financial Institution Specialist (Compliance), CG-0570A-7",,58000.0,,Full-time,,,Entry level,FULL_TIME
Sales Rep - Small Format - North Idaho,,71990.0,,Full-time,,,,FULL_TIME
"Financial Institution Specialist (Risk Management), CG-0570A-7",,58000.0,,Full-time,,,Entry level,FULL_TIME
Front Desk Associate (On-Call)- San Francisco,,24.0,,Full-time,,,Entry level,FULL_TIME
CDL Class A Driver,,28.0,,Full-time,,,,FULL_TIME
Customer Growth Representative,,20.91,,Full-time,,,,FULL_TIME
Property Maintenance | Mental Health,,22.0,,Full-time,,,,FULL_TIME
Market Development Manager,,90000.0,,Full-time,,,Mid-Senior level,FULL_TIME
Office Manager,,46000.0,,Full-time,,,Mid-Senior level,FULL_TIME
Entry Level Life Insurance Agent,,100000.0,,Full-time,,1.0,Entry level,FULL_TIME
Financial Service Professional,,75824.0,,Full-time,,,Entry level,FULL_TIME
CUA 2 Educational Liaison,,46350.0,,Full-time,,,,FULL_TIME
Full Time - Receiver/Stocker - Overnight,,14.35,,Full-time,,,Entry level,FULL_TIME
Real Estate Sales Agent,,94000.0,,Full-time,,,Entry level,FULL_TIME
Production Operator - 1872963,,20.63,,Full-time,,,Associate,FULL_TIME
Welder/ Fabricator,,45.0,,Full-time,,,Entry level,FULL_TIME
"Apprentice Jeweler - Signet Jewelers - Frisco Village - Frisco, TX",,15.0,,Full-time,,,Internship,FULL_TIME
Restaurant General Manager,,10000.0,,Full-time,,,Mid-Senior level,FULL_TIME
Restaurant General Manager,,80000.0,,Full-time,,,Mid-Senior level,FULL_TIME
Failure Analysis Engineer - Onsite/RELO Assistance - Sponsorship not available,,130000.0,,Full-time,,,Mid-Senior level,FULL_TIME
Creative Executive Chef  Farm to Table,,75000.0,,Full-time,,,Mid-Senior level,FULL_TIME
Fine Dining Assistant General Manager,,78000.0,,Full-time,,,Mid-Senior level,FULL_TIME
Restaurant General Manager,,80000.0,,Full-time,,,Mid-Senior level,FULL_TIME
Salesperson,,15.0,,Full-time,,,,FULL_TIME
Sales Consultant - Mobility / Vans,,25000.0,,Full-time,,,Mid-Senior level,FULL_TIME
Part Time Evening Floor Tech,,17.0,,Full-time,,,,FULL_TIME
"Store Associate, SEAS - Tejon Ranch",,17.5,,Full-time,,,Entry level,FULL_TIME
"Materials Handler Operator (Handpack Supply - Douglas) 1st Shift Full Time - Newbern, TN 38059",,21.65,,Full-time,,,,FULL_TIME
Senior Tax Associate,,10000.0,,Full-time,,,Mid-Senior level,FULL_TIME
"Store Associate, Seas- Louisville",,15.0,,Full-time,,,Entry level,FULL_TIME
"Warehouse Associate - 2nd Shift, Picking",,18.25,,Full-time,,,,FULL_TIME
Apartment Leasing Manager,,20.0,,Full-time,,,Mid-Senior level,FULL_TIME
Licensed Journeyman Electricians - Long Term Work!,,57.0,,Full-time,,,Entry level,FULL_TIME
Housekeeper,,17.0,,Full-time,,,,FULL_TIME
Office Assistant,,22.0,,Full-time,10.0,,Entry level,FULL_TIME
Investigative Associate,,60000.0,,Full-time,11.0,,,FULL_TIME
Senior ABA Therapist,,65000.0,,Full-time,2.0,,,FULL_TIME
Operating Room - Registered Nurse,,85.0,,Full-time,,,Mid-Senior level,FULL_TIME
Board Certified Behavior Analyst,,100000.0,,Full-time,2.0,,,FULL_TIME
Local Delivery Driver,,22.0,,Temporary,,,Entry level,TEMPORARY
Production Supervisor Material,,35.0,,Full-time,,,Mid-Senior level,FULL_TIME
CNA Student Observation,,18.29,,Full-time,1.0,,Internship,FULL_TIME
Quality Assurance Supervisor,,52000.0,,Full-time,,,,FULL_TIME
Quality Assurance Engineer,,60.0,,Contract,36.0,,Mid-Senior level,CONTRACT
Licensed Psychologist,,121400.0,,Part-time,,,Mid-Senior level,PART_TIME
Aviation Ground School Instructor,,60000.0,,Full-time,,,Mid-Senior level,FULL_TIME
Mental Health Clinician,,29.0,,Full-time,1.0,,,FULL_TIME
Account Manager,,55556.8,,Full-time,,,Entry level,FULL_TIME
Senior Mechanical Engineer,,140000.0,,Full-time,8.0,1.0,Mid-Senior level,FULL_TIME
"Entry Level Administrative Assistant // On-site Bethesda, MD",,24.0,,Full-time,6.0,,Entry level,FULL_TIME
Universal Banker Trainee,,17.0,,Full-time,1.0,,,FULL_TIME
Human Resources Generalist,,50000.0,,Full-time,1.0,,,FULL_TIME
Real Estate Salesperson,,150000.0,,Full-time,4.0,1.0,,FULL_TIME
Commercial Solar Sales Representative,,250000.0,,Contract,,,,CONTRACT
Manager- Section 3 Resident Resource Center,,72700.0,,Full-time,2.0,,Mid-Senior level,FULL_TIME
Junior Interior Designer,,54680.0,,Full-time,2.0,,,FULL_TIME
ETL Developer (Charlotte NC or Plano TX),,65.0,,Contract,46.0,,,CONTRACT
Senior Staff Software Engineer,,125000.0,,Full-time,,,Mid-Senior level,FULL_TIME
Data Analyst/Engineer Techno Functional Analyst (Jersey City) x2,,65.0,,Contract,39.0,,,CONTRACT
"Director, Young Adult Programs",,78000.0,,Full-time,7.0,1.0,,FULL_TIME
Branch Manager,,60000.0,,Full-time,2.0,,,FULL_TIME
Environment Specialist,,21.02,,Full-time,1.0,,Associate,FULL_TIME
Senior Staff Software Engineer,,125000.0,,Full-time,,,Mid-Senior level,FULL_TIME
Technical Business Analyst (Jersey City and Charlotte) x4,,68.0,,Contract,1.0,,,CONTRACT
"Sr. Java Developer (Addison, Chandler, Seattle)",,67.0,,Contract,48.0,,,CONTRACT
"Risk Analyst / IT Auditor (Chicago, Richmond, ATL Chandler)",,45.0,,Contract,2.0,,,CONTRACT
Senior DevOps Engineer (CLT),,72.0,,Contract,51.0,,,CONTRACT
IT Project Manager V (Chicago IL),,65.0,,Contract,3.0,,,CONTRACT
Software Engineer,,68.0,,Contract,54.0,,Mid-Senior level,CONTRACT
Assistant City Attorney,,92637.0,,Full-time,,,,FULL_TIME
SANITATION TEAMMATE,,17.25,,Full-time,,,Entry level,FULL_TIME
Senior Associate Attorney,,150000.0,,Full-time,,,,FULL_TIME
Customer Service Representative,,20.13,,Full-time,3.0,,Entry level,FULL_TIME
Office Assistant,,20.0,,Contract,1.0,,Associate,CONTRACT
Operations Technician,,21.5,,Full-time,,,Associate,FULL_TIME
Production and Operations Associate,,13.0,,Full-time,,,,FULL_TIME
Intermediate CNC Machinist (2nd shift),,26.68,,Full-time,,,,FULL_TIME
Business Analyst,,49.0,,Contract,10.0,,Associate,CONTRACT
Racker/Metal Parts 1st shift $1500 Signing Bonus,,21.0,,Full-time,,,,FULL_TIME
Instructional Coach (Summer Session 2024),,2500.0,,Full-time,,,,FULL_TIME
Reasonable Accommodations Specialist ,,50.0,,Full-time,1.0,,Associate,FULL_TIME
Truck Driver,,70000.0,,Full-time,,,,FULL_TIME
Site Reliability Engineer,,89.96,,Contract,1.0,1.0,Mid-Senior level,CONTRACT
Laboratory Assistant,,20.0,,Internship,,,Internship,INTERNSHIP
Bilingual Payments Project Analyst,,40.0,,Contract,,,Associate,CONTRACT
Onsite General Foreman,,54080.0,,Full-time,,,Mid-Senior level,FULL_TIME
Inside Sales Representative,,21.63,,Full-time,,,,FULL_TIME
Policy Specialist,,19.25,,Full-time,,,Entry level,FULL_TIME
Claims Service Representative,,19.25,,Full-time,,,Entry level,FULL_TIME
HR and Operations Coordinator,,25.0,,Full-time,,,Associate,FULL_TIME
Training Specialist,,66.0,,Contract,,,,CONTRACT
Firewall Engineer,,135000.0,,Full-time,,,Associate,FULL_TIME
Assistant Project Manager,,16.0,,Part-time,,,,PART_TIME
Administrative Assistant,,30.0,,Part-time,,,,PART_TIME
Microbiology Lab Technician ,,21.0,,Contract,,,Entry level,CONTRACT
Onsite Medical Device Validation Engineer,,38.68,,Contract,,,Associate,CONTRACT
Executive Assistant,,50.0,,Contract,,,Associate,CONTRACT
Marketing Analyst,,50.0,,Full-time,,,Associate,FULL_TIME
Lead Development Representative ,,22.02,,Contract,,1.0,Associate,CONTRACT
Territory Sales Manager,,50000.0,,Full-time,,1.0,Mid-Senior level,FULL_TIME
Brand Associate ,,75000.0,,Full-time,,1.0,Associate,FULL_TIME
Client Relationship Manager 1,,75000.0,,Full-time,,,Mid-Senior level,FULL_TIME
User Experience Researcher,,55.0,,Contract,,1.0,Mid-Senior level,CONTRACT
SUPPORT SERVICE AIDE OPS - 60957164,,15.75,,Full-time,,,Entry level,FULL_TIME
Corporate Hospitality Associate,,27.0,,Full-time,,,Associate,FULL_TIME
Video Editor,,45.0,,Contract,,,Associate,CONTRACT
Housing Support and Logistics Coordinator,,43000.0,,Full-time,,,,FULL_TIME
Enterprise Consulting Sales,,125000.0,,Full-time,2.0,,Mid-Senior level,FULL_TIME
IT Architect/Automation-78646,,160000.0,,Full-time,,,Mid-Senior level,FULL_TIME
Quality Technician,,18.0,,Contract,,,Entry level,CONTRACT
Quality Inspector,,15.75,,Contract,,,Mid-Senior level,CONTRACT
Compensation and Benefits Manager,,140000.0,,Full-time,,1.0,Mid-Senior level,FULL_TIME
Assembly,,14.0,,Contract,,,Entry level,CONTRACT
Packing Team Operator (#2820) 2ND Shift,,17.5,,Contract,,,Entry level,CONTRACT
Professional Excellence Coordinator,,37.0,,Contract,,,Entry level,CONTRACT
Forklift/Jockey Driver-2nd Shift,,17.0,,Contract,,,Entry level,CONTRACT
Enterprise Consulting Sales,,125000.0,,Full-time,,,Mid-Senior level,FULL_TIME
Quality Control Inspector,,12.42,,Contract,,,Mid-Senior level,CONTRACT
Communications Manager,,54.5,,Temporary,2.0,1.0,Mid-Senior level,TEMPORARY
Peer Recovery Specialist (PRN),,20.0,,Full-time,,,Entry level,FULL_TIME
1st - Forklift / Turret Operator,,15.5,,Contract,,,Mid-Senior level,CONTRACT
2nd shift Utility Worker,,15.5,,Contract,,,Entry level,CONTRACT
Emergency Room Nurse,,48.0,,Contract,,,Mid-Senior level,CONTRACT
Powder Coater,,21.0,,Full-time,,,,FULL_TIME
"Full-Time Store Manager Trainee,",,26.25,,Full-time,,,Internship,FULL_TIME
Production Worker,,19.69,,Full-time,,,Entry level,FULL_TIME
"Full-Time Store Manager Trainee,",,27.5,,Full-time,,,Internship,FULL_TIME
"Merchandising Data Entry Assistant,",,20.0,,Full-time,,,Entry level,FULL_TIME
"Full-Time Assistant Store Manager,",,25.0,,Full-time,,,Entry level,FULL_TIME
"Full-Time Store Manager Trainee,",,27.5,,Full-time,,,Internship,FULL_TIME
Peer Recovery Specialist (Part-Time Weekends),,20.0,,Part-time,,,Entry level,PART_TIME
Executive Chef,,100000.0,,Full-time,,,Mid-Senior level,FULL_TIME
Caregiver,,13.5,,Full-time,,,,FULL_TIME
"Sr. Manager, Outsourcing and Contracts",,100.0,,Contract,,1.0,Mid-Senior level,CONTRACT
Domino's Customer Service Rep/Pizza Maker – (Fitchburg) - Competitive Pay - (3732),,14.0,,Full-time,,,,FULL_TIME
Customer Service Representative,,23.0,,Full-time,,,Entry level,FULL_TIME
Digital Media Coordinator - The Frye Company,,75000.0,,Full-time,,1.0,,FULL_TIME
Maintenance Coordinator,,23.0,,Full-time,,,,FULL_TIME
Recreation Rehabilitation Specialist,,40054.0,,Full-time,,,Entry level,FULL_TIME
Customer Service Representative,,600.0,,Part-time,,,,PART_TIME
Destop/Tech Support,,24.25,,Contract,,,Entry level,CONTRACT
Job Coach,,18.85,,Part-time,,,Entry level,PART_TIME
Software Engineer III,,53.0,,Contract,2.0,1.0,Mid-Senior level,CONTRACT
Project Manager,,69.0,,Contract,,,Mid-Senior level,CONTRACT
Business Analyst,,55.0,,Contract,,,,CONTRACT
Food Service Technician I,,31200.0,,Full-time,,,Entry level,FULL_TIME
Sales Account Executive,,50000.0,,Full-time,,,Entry level,FULL_TIME
Caregiver,,13.5,,Full-time,,,,FULL_TIME
Event Staff,,20.0,,Temporary,,,,TEMPORARY
Print Services Support,,20.0,,Full-time,,,Associate,FULL_TIME
Dental Hygienist,,23.62,,Contract,,,,CONTRACT
Associate Executive Director,,80000.0,,Full-time,,,Associate,FULL_TIME
Real Estate Agent Recruiter,,500.0,,Contract,,1.0,,CONTRACT
Operations Intern (Summer 2024),,15.0,,Internship,,,,INTERNSHIP
Datacenter Technician,,25.66,,Contract,1.0,,Entry level,CONTRACT
Analog Design Engineer Internship,,23.0,,Internship,,,Internship,INTERNSHIP
Dialysis Technician,,29.93,,Full-time,,,,FULL_TIME
"Bureau Director, Technology Support Bureau ",,14242.0,,Full-time,,,Director,FULL_TIME
Warehouse Worker-Loader - 2nd Shift,,20.22,,Full-time,,,,FULL_TIME
Accounts Payable Specialist (Temporary),,17.5,,Temporary,,,Entry level,TEMPORARY
Customer Service Representative,,16.0,,Full-time,,,Entry level,FULL_TIME
Communications Specialist,,42145.13,,Full-time,,,Entry level,FULL_TIME
Truck Driver - Local Class A - Penske Logistics,,25.0,,Full-time,,,,FULL_TIME
Food Service Technician I,,31200.0,,Full-time,,,Entry level,FULL_TIME
Manufacturing Inspector,,23.9,,Full-time,,,Mid-Senior level,FULL_TIME
Program Manager,,35.0,,Contract,,,Entry level,CONTRACT
Wellness Rehabilitation Specialist - Part-Time/Wage,,22.81,,Part-time,,,Entry level,PART_TIME
Accounts Receivable Manager,,74000.0,,Full-time,,,,FULL_TIME
Marketing Specialist,,0.0,,Full-time,,,,FULL_TIME
Conservation Campaign Manager,,55000.0,,Full-time,,1.0,,FULL_TIME
Sr. Coach - EFFC,,60.0,,Full-time,,,Mid-Senior level,FULL_TIME
Supervisor,,55000.0,,Full-time,,,Mid-Senior level,FULL_TIME
Paralegal,,65000.0,,Full-time,,,Associate,FULL_TIME
Inventory Clerk - 1st Shift,,20.0,,Full-time,,,,FULL_TIME
Communications Specialist,,20.0,,Full-time,,,Entry level,FULL_TIME
Administrative Assistant/Engagement Coordinator,,24.0,,Part-time,,,,PART_TIME
Enterprise Consulting Sales,,125000.0,,Full-time,,,Mid-Senior level,FULL_TIME
Quality Engineer,,60.71,,Full-time,,,Associate,FULL_TIME
Product Engineering Intern,,23.0,,Temporary,,,Internship,TEMPORARY
Class A Driver w/ Hazmat and Tanker Endorsement - Home Daily,,35.0,,Full-time,,,Entry level,FULL_TIME
"Microbulk Driver-Lubbock, TX",,26.0,,Full-time,,,Entry level,FULL_TIME
Proposal Manager,,85000.0,,Full-time,,1.0,Associate,FULL_TIME
Project Manager,,69.0,,Contract,,,Mid-Senior level,CONTRACT
Environmental Services Specialist,,50229.66,,Full-time,,,Entry level,FULL_TIME
Customer Service Representative-Temporary/Seasonal,,17.0,,Full-time,,,Entry level,FULL_TIME
"Class A Route Delivery Truck Driver + $2,000 Sign-On Bonus!!",,32.0,,Full-time,,,Entry level,FULL_TIME
GoLang Developer,,58.0,,Contract,,,,CONTRACT
Identity and Access Management Program Manager,,65.0,,Contract,,1.0,Mid-Senior level,CONTRACT
Client Account Manager,,60000.0,,Full-time,,,Associate,FULL_TIME
"Class A Route Delivery Driver + $2,500 Sign-On Bonus!!",,27.0,,Full-time,,,Entry level,FULL_TIME
Warehouse Associate,,18.5,,Full-time,,,Entry level,FULL_TIME
Wireless Engineer IV (Team Lead),,82.0,,Contract,,,Mid-Senior level,CONTRACT
Warehouse Associate - 2nd Shift Pick to Pallet Using EPJ,,22.25,,Full-time,,,Entry level,FULL_TIME
Process Risk and Controls Consulting Intern - Summer 2025,,36.0,,Full-time,,,,FULL_TIME
Sign Language Interpreter - Community - Tucson,,25.0,,Part-time,,,Entry level,PART_TIME
Title I,,15.1,,Part-time,,,Entry level,PART_TIME
Infectious Disease Scientist - II (Associate),,47.0,,Contract,,,Mid-Senior level,CONTRACT
Lead Creative Production Designer,,75.0,,Contract,,1.0,Entry level,CONTRACT
International Tax Transfer Pricing Intern - Summer 2024,,33.0,,Full-time,,,,FULL_TIME
Lead Android Engineer,,80.0,,Contract,,,Mid-Senior level,CONTRACT
"Partnership Private Equity Portfolio Company, Senior Associate 2",,33.0,,Full-time,,,,FULL_TIME
Business Tax Services Associate - Winter 2025,,68000.0,,Full-time,,,,FULL_TIME
Senior Production Designer,,55.0,,Contract,,1.0,Mid-Senior level,CONTRACT
Senior IT Business Analyst,,55.0,,Contract,1.0,,Mid-Senior level,CONTRACT
Bilingual File Clerk,,19.0,,Contract,,,Entry level,CONTRACT
Order Selector/Forklift,,16.5,,Contract,,,Entry level,CONTRACT
Cherry Picker- 1st Shift,,17.0,,Contract,,,Entry level,CONTRACT
Office Coordinator,,18.0,,Contract,,,Entry level,CONTRACT
Mixer Associate,,16.5,,Contract,,,Entry level,CONTRACT
Bilingual Job Developer,,17.0,,Contract,,,Entry level,CONTRACT
Lapping Machine Operator,,20.0,,Full-time,,,Entry level,FULL_TIME
Packer,,14.0,,Contract,,,Entry level,CONTRACT
Hospitality $21.53,,21.53,,Full-time,,,Entry level,FULL_TIME
Industrial Warehouse Worker - $20/hr,,20.0,,Full-time,,,,FULL_TIME
Production,,19.0,,Full-time,,,,FULL_TIME
Lead,,19.0,,Full-time,,,,FULL_TIME
Customer Service Representative Fueler/Washer,,22.0,,Full-time,,,,FULL_TIME
Analyst,,48056.98,,Full-time,,,Entry level,FULL_TIME
Customer Service Representative Fueler/Washer,,30.65,,Full-time,,,,FULL_TIME
Administrative Assistant,,20.0,,Full-time,,,,FULL_TIME
Caseworker,,18.59,,Full-time,,,,FULL_TIME
Truck Driver - Class A Hazmat - Penske Logistics,,85800.0,,Full-time,,,,FULL_TIME
Personal Assistant,,800.0,,Part-time,3.0,1.0,,PART_TIME
Environmental Services Specialist,,50229.66,,Full-time,,,Entry level,FULL_TIME
"Copywriter, Retail and Paid Ads",,40.0,,Contract,,,Mid-Senior level,CONTRACT
"Certified Anesthesiologist Assistant - $15,000 SIGN ON BONUS!",,190000.0,,Full-time,,,,FULL_TIME
Public Relations Summer Intern,,20.0,,Internship,,1.0,,INTERNSHIP
Senior Community Manager,,75000.0,,Full-time,,,Mid-Senior level,FULL_TIME
Administrative Specialist,,26.0,,Full-time,,,Entry level,FULL_TIME
Digital Media Associate,,48000.0,,Full-time,,,,FULL_TIME
Customer Service Representative,,20.0,,Full-time,,,Entry level,FULL_TIME
Grocery Delivery Driver,,25.0,,Full-time,,,,FULL_TIME
Pool Sales and Design Professional,,52000.0,,Full-time,,,,FULL_TIME
Truck Driver - Local Class A - Penske Logistics,,88000.0,,Full-time,,,,FULL_TIME
Direct Support Professional,,17.0,,Part-time,,,,PART_TIME
"Licensed Clinical Social Worker , LCSW - Indianapolis - $50/hr",,50.0,,Full-time,,,,FULL_TIME
CDL B Truck Driver,,22.5,,Part-time,,,,PART_TIME
Operations Coordinator,,23.0,,Full-time,,,,FULL_TIME
Truck Driver - Local Class B Hazmat - Penske Logistics,,62920.0,,Full-time,,,,FULL_TIME
Account Manager,,45000.0,,Full-time,,,,FULL_TIME
CDL Float Driver + $2500 Sign-On Bonus!,,32.0,,Full-time,,,Entry level,FULL_TIME
Machine Operator III,,23.5,,Full-time,,,Entry level,FULL_TIME
Tax & Estate Planning Attorney,,100000.0,,Full-time,1.0,,,FULL_TIME
Merchandiser,,15.0,,Full-time,,,Entry level,FULL_TIME
Forklift Operator II - 2nd Shift,,20.5,,Full-time,,,Entry level,FULL_TIME
Line Attendant,,17.25,,Full-time,,,Entry level,FULL_TIME
Heavy Assembler,,18.5,,Full-time,,,Entry level,FULL_TIME
Small Parts Machining,,20.67,,Full-time,,,,FULL_TIME
"MD/AUTO FIELD CLAIMS REPRESENTATIVE I, II, SR.",,58500.0,,Full-time,,,Mid-Senior level,FULL_TIME
Merchandiser,,17.0,,Full-time,,,Entry level,FULL_TIME
CNC Machine Operator,,25.75,,Part-time,,,Entry level,PART_TIME
Line Attendant - 2nd Shift,,17.25,,Full-time,,,Entry level,FULL_TIME
Line Attendant,,17.25,,Full-time,,,Entry level,FULL_TIME
Full-Time Merchandiser,,18.0,,Full-time,,,Entry level,FULL_TIME
Merchandiser,,15.0,,Full-time,,,Entry level,FULL_TIME
Service Technician,,25.0,,Full-time,,,Entry level,FULL_TIME
Sales Specialist,,35000.0,,Full-time,,,,FULL_TIME
Business Development Coordinator or Assistant,,55000.0,,Full-time,1.0,,Mid-Senior level,FULL_TIME
Summer 2026 -Tax Associate I (New York),,75000.0,,Full-time,,,Associate,FULL_TIME
Package Handler (Warehouse like),,18.1,,Full-time,,,,FULL_TIME
Solar Sales Representative,,60.0,,Full-time,,,Entry level,FULL_TIME
Cash Applications Specialist,,18.0,,Contract,,,Entry level,CONTRACT
CNC Machinist - 2nd Shift,,22.03,,Full-time,,,Entry level,FULL_TIME
"Wind Technician III - Rankin, TX",,1000.0,,Full-time,,,Mid-Senior level,FULL_TIME
Nurse - CNA - Med Surg,,88.0,,Contract,,,Entry level,CONTRACT
Custodian,,15.5,,Full-time,,,Entry level,FULL_TIME
Data Scientist III,,60.0,,Full-time,,,,FULL_TIME
Installer/Trainer Part Time,,12.22,,Part-time,,1.0,Entry level,PART_TIME
Data Analyst,,42.0,,Contract,,,Entry level,CONTRACT
Assembler - 1st Shift,,23.0,,Full-time,,,Entry level,FULL_TIME
Industrial Electrician,,30.6,,Full-time,,,Entry level,FULL_TIME
Sonographer,,2738.0,,Contract,,,Entry level,CONTRACT
Warehouse partner - Pick to Pallet - 2nd shift,,22.75,,Full-time,,,Mid-Senior level,FULL_TIME
Temporary Supervisor - Risk Technology Consulting (Global Banks),,85.0,,Full-time,,,,FULL_TIME
Monitoring Center Agent - Multiple Shifts,,18.0,,Full-time,,,Entry level,FULL_TIME
Account Manager,,40000.0,,Full-time,,,Entry level,FULL_TIME
Future Advisor Training Program (Onsite),,20.0,,Full-time,,,Mid-Senior level,FULL_TIME
Irrigation Technician,,70.0,,Full-time,,,Mid-Senior level,FULL_TIME
SPEN Producer Assistant,,55000.0,,Full-time,,,Mid-Senior level,FULL_TIME
Business Development Representative,,60000.0,,Full-time,,,Entry level,FULL_TIME
Business Tax Services Associate – Fall 2024,,65000.0,,Full-time,,,,FULL_TIME
Child Welfare Associate Attorney,,40.0,,Full-time,,1.0,Entry level,FULL_TIME
SharePoint Online Developer (SME),,58.0,,Contract,,,Entry level,CONTRACT
Connect Ambassador,,21.0,,Contract,,,Mid-Senior level,CONTRACT
Fund Accounting Manager,,150000.0,,Full-time,,,Mid-Senior level,FULL_TIME
2024 Summer Intern - Investments,,22.0,,Full-time,2.0,,Internship,FULL_TIME
Procurement Operations Associate,,40000.0,,Full-time,,,Entry level,FULL_TIME
Housekeeping Coordinator,,25.0,,Full-time,,,Mid-Senior level,FULL_TIME
LPN Licensed Practical Nurse $3000 Sign On,,31.0,,Full-time,,,Entry level,FULL_TIME
Part Time Driver (Manheim),,13.6,,Part-time,,,Entry level,PART_TIME
Housekeeping Manager,,56000.0,,Full-time,,,Mid-Senior level,FULL_TIME
GEDSI MERLA Specialist (Remote),,105120.07,,Full-time,,1.0,Mid-Senior level,FULL_TIME
Server | AMA Bar & Grill | Full-time,,14.73,,Full-time,,,Entry level,FULL_TIME
LPN Licensed Practical Nurse $3000 Sign On,,31.0,,Full-time,,,Entry level,FULL_TIME
Order Selector,,20.0,,Full-time,,,Entry level,FULL_TIME
Restaurant Bartender Part-Time,,18.38,,Part-time,,,Mid-Senior level,PART_TIME
LPN Licensed Practical Nurse $3000 Sign On,,31.0,,Full-time,,,Entry level,FULL_TIME
LPN Licensed Practical Nurse $3000 Sign On,,31.0,,Full-time,,,Entry level,FULL_TIME
Limewood Restaurant & Bar Manager,,80000.0,,Full-time,,,Mid-Senior level,FULL_TIME
"Probate Litigation Attorney in Arlington, TX",,150000.0,,Full-time,,,Associate,FULL_TIME
Fulfillment Lead,,21.25,,Full-time,,,Mid-Senior level,FULL_TIME
Warehouse Associate,,17.5,,Full-time,,,Entry level,FULL_TIME
"Director, On Premise Field Marketing",,151000.0,,Full-time,,,Director,FULL_TIME
Emergency Services Specialist,,57420.37,,Full-time,,,Entry level,FULL_TIME
Respite Mental Health Specialist II,,1500.0,,Full-time,,,Entry level,FULL_TIME
"Local CDL A Truck Driver Job (Phila, PA)",,26.0,,Full-time,,,Entry level,FULL_TIME
Public Safety Officer,,25.0,,Full-time,,,Mid-Senior level,FULL_TIME
Facilities Maintenance Mechanic,,20.37,,Full-time,,,Entry level,FULL_TIME
Restaurant Business Consulting - Operations Associate (Sept 2024 Start),,75000.0,,Full-time,,,Mid-Senior level,FULL_TIME
Governmental Accountant,,60236.8,,Full-time,1.0,,Associate,FULL_TIME
Restaurant Business Consulting - Operations Associate (Sept 2024 Start),,75000.0,,Full-time,,,Mid-Senior level,FULL_TIME
Environmental Specialist,,30.0,,Full-time,,,Entry level,FULL_TIME
SHUTTLE DRIVER / CDL A Driver,,23.0,,Full-time,,,Entry level,FULL_TIME
Restaurant Business Consulting - Operations Associate (Sept 2024 Start),,75000.0,,Full-time,,,Mid-Senior level,FULL_TIME
Restaurant Business Consulting - Operations Associate (Sept 2024 Start),,75000.0,,Full-time,,,Mid-Senior level,FULL_TIME
Yard Spotter / CDL A Driver,,22.0,,Full-time,,,Entry level,FULL_TIME
IT Specialist (Cloud Engineer),,150000.0,,Full-time,,,Entry level,FULL_TIME
PM Lobby Attendant,,20.0,,Full-time,,,Entry level,FULL_TIME
Senior Project Manager - Electric Transmission & Substation,,147500.0,,Full-time,,,Mid-Senior level,FULL_TIME
Forklift Operator,,19.5,,Full-time,,,Entry level,FULL_TIME
Hospitality Associate - Mon - Fri 10:30am - 7:30pm,,19.0,,Full-time,,,,FULL_TIME
Mechanical Assemblers,,25.0,,Full-time,,,,FULL_TIME
Registered Dental Hygienist - $58/hour,,58.0,,Full-time,,,,FULL_TIME
Machine Operator 1st & 2nd Shifts (A1735),,19.0,,Full-time,,,,FULL_TIME
Office Services Associate - Mon - Fri 11am-8pm,,18.0,,Full-time,,,,FULL_TIME
Document Production Associate - Mon - Fri 6am-3pm,,16.5,,Full-time,,,,FULL_TIME
"Senior Accountant - $90,000 /year",,90000.0,,Full-time,,,,FULL_TIME
Account Manager - Mon - Fri 8am-5pm,,71000.0,,Full-time,,,,FULL_TIME
Lab Technician- Media Tech 3rd Shift,,23.0,,Full-time,,,,FULL_TIME
Plumber II - Weekend Night Shift,,1500.0,,Full-time,,,,FULL_TIME
Office Services Associate - Mon - Fri 8am-5pm,,23.0,,Full-time,,,,FULL_TIME
Controls Engineer,,80100.0,,Full-time,,,,FULL_TIME
Maintenance Technician,,20.5,,Full-time,,,,FULL_TIME
Sorter - General Labor,,16.0,,Full-time,,,,FULL_TIME
Restaurant Supervisor - Baltimore,,18.0,,Part-time,,,,PART_TIME
Registered Dental Hygienist - $53/hour,,53.0,,Full-time,,,,FULL_TIME
Administrative Assistant (REMOTE),,40000.0,,Full-time,21.0,1.0,Entry level,FULL_TIME
STAMPING OPERATOR II Swing Shift,,18.0,,Full-time,,,Associate,FULL_TIME
Architectural Specification Writer,,90000.0,,Full-time,,,Mid-Senior level,FULL_TIME
Assistant Community Association Manager,,25.0,,Full-time,,,Mid-Senior level,FULL_TIME
Backgrounds Legal Assistant,,21.63,,Full-time,1.0,,Entry level,FULL_TIME
Treatment Coordinator,,2500.0,,Full-time,,,Entry level,FULL_TIME
Dental Assistant,,23.0,,Part-time,,,Entry level,PART_TIME
Regional Alumni Coordinator,,108000.0,,Full-time,,,Entry level,FULL_TIME
"MAC Keyholder - Full Time - Los Cerritos Center - Cerritos, CA",,17.92,,Full-time,,,,FULL_TIME
Dental Assistant,,2500.0,,Full-time,,,Entry level,FULL_TIME
"Keyholder - Le Labo Fragances - 40hrs - West Hollywood - Los Angeles, CA",,17.82,,Full-time,,,,FULL_TIME
Recruitment Sourcing & Attraction Internship 2024,,18.0,,Internship,,,Internship,INTERNSHIP
Business System Analyst,,95.0,,Full-time,,,Mid-Senior level,FULL_TIME
Senior Wealth Advisor - Brentwood/Pacific Palisades,,70000.0,,Full-time,,,,FULL_TIME
Dental Assistant,,20.0,,Full-time,,,Entry level,FULL_TIME
"Keyholder - The Cosmetics Company Store - 40hrs - Westgate - Glendale, AZ",,15.59,,Full-time,,,,FULL_TIME
Guard II,,24.15,,Part-time,,,Entry level,PART_TIME
Teacher,,36.0,,Full-time,,,Entry level,FULL_TIME
Operations Support Assistant,,30984.0,,Full-time,,,Entry level,FULL_TIME
Operations Support Assistant,,15492.0,,Part-time,,,Entry level,PART_TIME
Laser Machine Operator,,18.0,,Full-time,,,Entry level,FULL_TIME
Senior Accountant,,30.0,,Full-time,,,Mid-Senior level,FULL_TIME
Administrative Assistant,,17.0,,Full-time,,,Entry level,FULL_TIME
Accountant,,25.0,,Full-time,,,Mid-Senior level,FULL_TIME
Sales Consultant,,60000.0,,Full-time,,,Mid-Senior level,FULL_TIME
Accountant,,54080.0,,Full-time,,,Mid-Senior level,FULL_TIME
Customer Service Representative,,17.0,,Full-time,,,Mid-Senior level,FULL_TIME
Medical Case Worker - HNPS- $28.71/hr,,28.71,,Contract,,,Entry level,CONTRACT
Desktop Support Administrator - Wi-Fi Protected Setup (WPS),,25.0,,Contract,,,Entry level,CONTRACT
Weld Engineer,,83200.0,,Full-time,,,Entry level,FULL_TIME
Showroom Customer Service Representative,,21.0,,Full-time,,,Mid-Senior level,FULL_TIME
Division Sales Manager,,80000.0,,Full-time,,,Director,FULL_TIME
Patient Care Technician (PCT),,18.0,,Full-time,,,Entry level,FULL_TIME
A/R Collections Associate I,,18.0,,Full-time,,,Entry level,FULL_TIME
Diesel Mechanic,,25.0,,Full-time,,,Associate,FULL_TIME
Patient Care Technician (PCT),,18.0,,Full-time,,,Entry level,FULL_TIME
Newborn Hearing Screening Technician - Castle Rock,,18.0,,Part-time,,,Entry level,PART_TIME
Route Sales Professional Express Route,,52000.0,,Full-time,,,Entry level,FULL_TIME
Business Reporting Analyst,,100000.0,,Full-time,,,Associate,FULL_TIME
Retail Outlet Associate,,18.96,,Full-time,,,Entry level,FULL_TIME
Radiologic Technologist (X-Ray),,30.0,,Full-time,,,Mid-Senior level,FULL_TIME
Fiber Project Manager,,40.0,,Contract,,,Mid-Senior level,CONTRACT
Sanitation Associate,,22.26,,Full-time,,,Entry level,FULL_TIME
Diesel Mechanic,,25.0,,Full-time,,,Associate,FULL_TIME
Mechanical Engineering Intern,,19.0,,Internship,,,Internship,INTERNSHIP
Licensed Practical Nurse (LPN),,25.0,,Full-time,,,Entry level,FULL_TIME
Patient Care Technician (PCT),,18.0,,Full-time,,,Entry level,FULL_TIME
Associate Packer,,15.0,,Part-time,,,,PART_TIME
Group Leader Sanitation,,24.0,,Full-time,,,Mid-Senior level,FULL_TIME
Shift Leader,,14.0,,Full-time,,,Mid-Senior level,FULL_TIME
"CIM / MEDICAL SCRIBE - MORRISTOWN, NJ",,17.5,,Full-time,,,Entry level,FULL_TIME
Sanitation Lead,,23.0,,Full-time,,,Mid-Senior level,FULL_TIME
Registered Nurse (RN),,35.0,,Part-time,,,Entry level,PART_TIME
Licensed Practical Nurse (LPN),,31.85,,Full-time,,,Entry level,FULL_TIME
Entry Level Recruiter,,52000.0,,Full-time,,,Entry level,FULL_TIME
Physical Therapist,,9000.0,,Temporary,,,,TEMPORARY
"Recreation Operations Assistant, PT- Playmobile",,17.2,,Part-time,,,Entry level,PART_TIME
Housekeeping Aide,,15.0,,Full-time,,,Entry level,FULL_TIME
Lead,,20.0,,Full-time,,,,FULL_TIME
Custodial Supervisor,,19.0,,Full-time,,,Mid-Senior level,FULL_TIME
Registered Nurse (RN),,36.0,,Full-time,,,Entry level,FULL_TIME
Entry Level Recruitment Consultant,,52000.0,,Full-time,,,Entry level,FULL_TIME
Seasonal Repair Specialist II,,17.25,,Full-time,,,Entry level,FULL_TIME
Warehouse Delivery Driver | Part-Time Evenings,,18.0,,Part-time,,,Entry level,PART_TIME
Warehouse Delivery Driver,,19.35,,Full-time,,,Entry level,FULL_TIME
Seasonal Repair Specialist II,,17.25,,Full-time,,,Entry level,FULL_TIME
Seasonal Repair Specialist,,19.0,,Full-time,,,Entry level,FULL_TIME
Warehouse Delivery Driver - DOT (Night Shift),,22.0,,Full-time,,,Entry level,FULL_TIME
Warehouse Worker,,19.0,,Full-time,,,,FULL_TIME
Forklift Operator I,,18.25,,Full-time,,,,FULL_TIME
Warehouse Associate I,,21.42,,Full-time,,,Entry level,FULL_TIME
Warehouse Worker,,19.0,,Full-time,,,,FULL_TIME
Inventory Control Clerk,,17.75,,Full-time,,,,FULL_TIME
"Equity, Access, and Belonging Manager",,89544.0,,Full-time,,,Mid-Senior level,FULL_TIME
Licensed Practical Nurse (LPN),,32.7,,Full-time,,,Entry level,FULL_TIME
Certified Nursing Assistant (CNA),,25.2,,Full-time,,,Entry level,FULL_TIME
Seasonal Auto Glass Repair Specialist II,,25.0,,Full-time,,,Entry level,FULL_TIME
Service Technician (Sales),,120000.0,,Full-time,,,Entry level,FULL_TIME
Warehouse Associate III,,20.66,,Full-time,,,Mid-Senior level,FULL_TIME
Teller,,18.65,,Full-time,,,Entry level,FULL_TIME
Aquatics Facility Assistant,,31200.0,,Full-time,,,Entry level,FULL_TIME
Forklift Operator I,,20.5,,Full-time,,,,FULL_TIME
"Maintenance Tech - A, Second Shift",,42.35,,Full-time,,,Entry level,FULL_TIME
Corrections Concessions Food Service Supervisor,,54525.0,,Full-time,,,Mid-Senior level,FULL_TIME
"Recreation Operations Assistant, PT - Movies In The Park",,17.2,,Part-time,,,Entry level,PART_TIME
IT Support Specialist,,30.5,,Full-time,,,Entry level,FULL_TIME
"Manager, Recruitment",,123576.0,,Full-time,,1.0,Mid-Senior level,FULL_TIME
"FULL-TIME MEDICAL SCRIBE - CHANDLER, AZ",,15.0,,Full-time,,,Entry level,FULL_TIME
Overnight Cleaner,,16.0,,Part-time,,,Entry level,PART_TIME
Branch Banker Teller-Joplin,,16.5,,Part-time,,,Mid-Senior level,PART_TIME
Warehouse Associate II,,18.0,,Full-time,,,Entry level,FULL_TIME
Assembler,,15.25,,Full-time,,,,FULL_TIME
Network Admin,,50.0,,Full-time,,,Entry level,FULL_TIME
"Data Manager and Analytical Support Specialist, Foster Care - 23340",,92301.0,,Full-time,,,Mid-Senior level,FULL_TIME
Certified Nursing Assistant (CNA),,25.2,,Part-time,,,Entry level,PART_TIME
Forklift Operator II,,20.5,,Full-time,,,,FULL_TIME
CNA Training Provided,,16.0,,Full-time,,,Entry level,FULL_TIME
Front Office Agent - (Full-Time) ,,24.0,,Full-time,,,Entry level,FULL_TIME
Forklift Operator I,,18.25,,Full-time,,,,FULL_TIME
Forklift Operator I,,18.25,,Full-time,,,,FULL_TIME
Assembler,,15.25,,Full-time,,,,FULL_TIME
Assembler,,15.25,,Full-time,,,,FULL_TIME
Press Operator Assistant,,18.0,,Full-time,,,Entry level,FULL_TIME
Welcome Center Clerk,,15.25,,Full-time,,,,FULL_TIME
Forklift Operator I,,18.25,,Full-time,,,,FULL_TIME
Laborer,,24.25,,Full-time,,,Entry level,FULL_TIME
Front Office Host Flex Shifts ,,20.0,,Full-time,,,Mid-Senior level,FULL_TIME
Seasonal Front Desk Agent - (Full-Time) ,,24.0,,Full-time,,,Entry level,FULL_TIME
Relief Lobby Porter ,,29.76,,Full-time,,,Mid-Senior level,FULL_TIME
Waithelp- Japengo- Part Time ,,14.0,,Part-time,,,,PART_TIME
"Physician Assistant, Per Diem - Internal Medicine",,88.0,,Temporary,,,,TEMPORARY
Contract Lecturer- Sociology and Criminology,,50000.0,,Contract,,,Mid-Senior level,CONTRACT
Financial Specialist,,39400.0,,Part-time,,,Entry level,PART_TIME
"Lead Dishwasher, Immigrant Restaurant",,17.45,,Full-time,,,Entry level,FULL_TIME
PT AFTER-SCH CARE ACT LEAD I_CORAL REEF ELEMENTAR(1104100),,15.0,,Full-time,,,Entry level,FULL_TIME
Cook-Full Time,,10500.0,,Full-time,,,Entry level,FULL_TIME
Part-Time Sales Associate - Arden Fair 2594,,16.5,,Part-time,,,Entry level,PART_TIME
FT PARA I-THERAPEU(P)_CORAL REEF ELEMENTAR(1104100),,20959.0,,Full-time,,,Entry level,FULL_TIME
PT CUSTODIAN 12 MONTH_ARVIDA MIDDLE(1602100),,31304.0,,Contract,,,Entry level,CONTRACT
"Occupational Therapist, Per Diem - Occupational Therapy / Hospital",,60.0,,Temporary,,,,TEMPORARY
Per diem Physician Assistant - SICU,,98.0,,Full-time,,,,FULL_TIME
Bottle Service Server- City Cruises- New York,,16.0,,Part-time,,,Entry level,PART_TIME
Restaurant Manager,,18.0,,Full-time,,,Mid-Senior level,FULL_TIME
Med Aide-Full Time,,10500.0,,Full-time,,,Entry level,FULL_TIME
Data Specialist,,65000.0,,Full-time,,,Entry level,FULL_TIME
Graduate Program Manager,,53700.0,,Full-time,,,Entry level,FULL_TIME
Registered Nurse (RN) - Full-Time/Part-Time 1st Shift,,45.0,,Part-time,,,Mid-Senior level,PART_TIME
Certified Home Health Aide CHHA Bergen County,,18.0,,Part-time,,,Entry level,PART_TIME
Production Operator I - 2nd Shift,,19.0,,Full-time,,,Entry level,FULL_TIME
Groundskeeper II/Landscaper,,16.5,,Full-time,,,Entry level,FULL_TIME
PT AFTER-SCH CARE PROGRAM_PHYLLIS RUTH MILLER(1343100),,15.0,,Full-time,,,,FULL_TIME
FT PARA I-THERAPEU(P)_CORAL REEF ELEMENTAR(1104100),,20959.0,,Full-time,,,Entry level,FULL_TIME
General Manager,,60000.0,,Full-time,,,Executive,FULL_TIME
"Physician Assistant, Per Diem - Surgical Services",,88.0,,Temporary,,,,TEMPORARY
Warehouse Associate (2nd Shift),,22.1,,Full-time,,,Entry level,FULL_TIME
RN/LPN 3p -11p Part Time,,39.5,,Part-time,,,Mid-Senior level,PART_TIME
Institutional Property Manager,,70000.0,,Full-time,,1.0,Mid-Senior level,FULL_TIME
Insurance Verification Specialist,,22.0,,Full-time,,,Entry level,FULL_TIME
Medical Receptionist,,20.0,,Full-time,,,Entry level,FULL_TIME
Medical Biller,,22.0,,Full-time,,,Entry level,FULL_TIME
Engineering Technician III,,28.79,,Full-time,,,Entry level,FULL_TIME
Nursing Station Technician - Lakes Float Pool - 12hr Shifts,,22.0,,Part-time,,,Entry level,PART_TIME
Retail Merchandiser - Electronics - Part Time,,20.0,,Part-time,,,Entry level,PART_TIME
Urgently Hiring Behavioral Classroom Aides! Up to $27/hour,,27.0,,Full-time,,,Entry level,FULL_TIME
"RN - $87,000 Per Year",,45.0,,Full-time,,,Mid-Senior level,FULL_TIME
RN - Float Pool - Local PRN,,60.0,,Full-time,,,Mid-Senior level,FULL_TIME
CNAs $22/hr,,22.0,,Full-time,,,Entry level,FULL_TIME
Credentialed Background Investigator,,28.5,,Full-time,,,Mid-Senior level,FULL_TIME
Member Advocate - Work From Home,,24.25,,Full-time,,1.0,Mid-Senior level,FULL_TIME
"Market Area Manager - Clearwater South, FL",,107640.0,,Full-time,,1.0,Mid-Senior level,FULL_TIME
Credentialed Background Investigator,,28.5,,Full-time,,,Mid-Senior level,FULL_TIME
Background Investigator I,,23.3,,Part-time,,,Mid-Senior level,PART_TIME
Engineering Technician II,,25.72,,Full-time,,,Entry level,FULL_TIME
CNC Machinist,,30.29,,Full-time,,,Entry level,FULL_TIME
Cannabis Sales Support,,22.98,,Full-time,,,Entry level,FULL_TIME
Cannabis Sales Delivery Driver,,22.98,,Full-time,,,Entry level,FULL_TIME
Welder,,35.0,,Full-time,,,Entry level,FULL_TIME
"Coordinator, Hope Lodge - Daytime (Sun - Wed) - Philadelphia, PA",,18.0,,Part-time,,,Entry level,PART_TIME
CNC Machinist,,34.0,,Full-time,,,Entry level,FULL_TIME
Talent Acquisition Coordinator,,38.0,,Full-time,,,Entry level,FULL_TIME
Machinist,,21.75,,Full-time,,,Entry level,FULL_TIME
Technical CSR I - Bilingual,,18.38,,Full-time,,,Entry level,FULL_TIME
Electrician,,34.0,,Full-time,,,Entry level,FULL_TIME
Custom Home Sales Representative – Solutions Advisor,,150000.0,,Full-time,,,,FULL_TIME
Business Sales Representative - Solutions Advisor,,150000.0,,Full-time,,,,FULL_TIME
Housekeeper $15hr,,15.0,,Full-time,,,Entry level,FULL_TIME
Aerosol Cloud Interaction - Postdoctoral Researcher,,113760.0,,Full-time,,,Entry level,FULL_TIME
Bistro Attendant $14hr,,14.0,,Full-time,,,Entry level,FULL_TIME
"Psychiatric-Mental Health Physician - $200,000/yearly",,200000.0,,Full-time,,,Mid-Senior level,FULL_TIME
"Psychiatric-Mental Health Physician - $312,000/yearly",,312000.0,,Full-time,,,Mid-Senior level,FULL_TIME
"Family Practice-Without OB Physician - $225,000/yearly - $250/yearly",,225000.0,,Full-time,,,Mid-Senior level,FULL_TIME
Ultrasound Travel Ultrasound-Sonographer - Job Id: JO03718166,,2118.0,,Full-time,,,Entry level,FULL_TIME
CT Travel CT Technologist - Job Id: JO03718169,,2270.0,,Full-time,,,Mid-Senior level,FULL_TIME
TELE Travel RN - Job Id: JO03718150,,2351.0,,Full-time,,,Mid-Senior level,FULL_TIME
Order Puller,,16.0,,Full-time,,,Entry level,FULL_TIME
Motion Design Artist/Editor,,22.0,,Full-time,,,Entry level,FULL_TIME
ICU Travel RN - Job Id: JO03717382,,2407.0,,Full-time,,,Mid-Senior level,FULL_TIME
Sales Associate - PT,,17.0,,Part-time,,,Entry level,PART_TIME
CT Travel CT Technologist - Job Id: JO03718164,,2118.0,,Full-time,,,Mid-Senior level,FULL_TIME
MRI Travel MRI Technologist - Job Id: JO03718171,,2389.0,,Full-time,,,Mid-Senior level,FULL_TIME
Field Property Claims Adjuster - Wilsonville/Salem OR,,26.3,,Full-time,,1.0,,FULL_TIME
RAD Travel Interventional Radiology Technologist - Job Id: JO03718142,,2510.0,,Full-time,,,Mid-Senior level,FULL_TIME
Personal Account Representative - Float - Hadlock Branch,,20.0,,Full-time,,,Entry level,FULL_TIME
TELE Travel RN - Job Id: JO03718232,,2341.0,,Full-time,,,Mid-Senior level,FULL_TIME
TELE Travel RN - Job Id: JO03718148,,2351.0,,Full-time,,,Mid-Senior level,FULL_TIME
Finance Intern,,20.0,,Internship,,,Internship,INTERNSHIP
MRI Travel MRI Technologist - Job Id: JO03718178,,2369.0,,Full-time,,,Mid-Senior level,FULL_TIME
ICU Travel RN - Job Id: JO03718133,,2059.0,,Full-time,,,Mid-Senior level,FULL_TIME
TELE Travel RN - Job Id: JO03718149,,2351.0,,Full-time,,,Mid-Senior level,FULL_TIME
TELE Travel RN - Job Id: JO03718168,,2394.0,,Full-time,,,Mid-Senior level,FULL_TIME
Part-time Retail Merchandiser,,17.0,,Part-time,,,Entry level,PART_TIME
Full-time Service Representative/Merchandiser Order Writer,,18.5,,Full-time,,,Entry level,FULL_TIME
Ultrasound Travel Ultrasound-Sonographer - Job Id: JO03718179,,2026.0,,Full-time,,,Entry level,FULL_TIME
Full-time Service Representative/Merchandiser Order Writer,,18.0,,Full-time,,,Entry level,FULL_TIME
Customer Service Representative,,16.28,,Part-time,,,Mid-Senior level,PART_TIME
Staked Forming Operator- B Shift/Operador de formación estacado - Cambio B,,50000.0,,Full-time,,,,FULL_TIME
Customer Service Representative,,16.28,,Part-time,,,Mid-Senior level,PART_TIME
"Associate, Part Time Sales",,15.0,,Part-time,,,Entry level,PART_TIME
"Associate, Part Time Sales",,15.0,,Part-time,,,Entry level,PART_TIME
Sales Representative,,15.0,,Full-time,,,Entry level,FULL_TIME
"MAC Keyholder - Part Time - Los Cerritos Center - Los Cerritos, CA",,17.82,,Part-time,,,,PART_TIME
"Beauty Advisor - Military Multibrand - 15 Hrs - South Liberty Exchange - Fayetteville, NC",,13.36,,Part-time,,,,PART_TIME
"Keyholder - The Cosmetics Company Store - 20 Hrs - Tanger Outlets at Foxwood - Mashantucket, CT",,17.82,,Part-time,,,,PART_TIME
"Stock Associate - The Cosmetics Company Store - 20 Hrs - Williamsburg Premium Outlets - Williamsburg, VA",,12.26,,Part-time,,,,PART_TIME
"Keyholder - The Cosmetics Company Store - 20hrs - Seattle Premium Outlets - Tulalip, WA",,17.82,,Part-time,,,,PART_TIME
Clinical Nurse RN - Neuroscience PCU 5E - Sharp Grossmont Hospital - Day - Part Time Eligible for up to $6K in New Hire Incentives,,15000.0,,Part-time,,,Mid-Senior level,PART_TIME
Accountant,,54080.0,,Full-time,,,Mid-Senior level,FULL_TIME
Family Partner $24.70/hr,,24.7,,Contract,,,Mid-Senior level,CONTRACT
Diesel Mechanic-Phenix City AL,,28.0,,Full-time,,,Associate,FULL_TIME
Receptionist,,17.0,,Full-time,,,Entry level,FULL_TIME
Store Manager,,45000.0,,Full-time,,,Mid-Senior level,FULL_TIME
Assistant Manager,,15.3,,Full-time,,,Mid-Senior level,FULL_TIME
Assistant Manager,,18.0,,Full-time,,,Mid-Senior level,FULL_TIME
Assistant Manager- Bilingual Preferred,,15.5,,Full-time,,,Mid-Senior level,FULL_TIME
Assistant Manager,,15.0,,Full-time,,,Mid-Senior level,FULL_TIME
Assistant Manager,,16.15,,Full-time,,,Mid-Senior level,FULL_TIME
Assistant Manager Part Time,,14.45,,Part-time,,,Mid-Senior level,PART_TIME
Todd Snyder - Sales Leader - US,,50.0,,Part-time,,,Mid-Senior level,PART_TIME
"Labor 4 (Rock Springs, WY)",,31.99,,Full-time,,,Mid-Senior level,FULL_TIME
Maintenance Worker,,17.5,,Full-time,,,Entry level,FULL_TIME
Storeroom Attendant,,17.0,,Temporary,,,Entry level,TEMPORARY
"Case Manager, Digital Literacy Learning",,41808.0,,Full-time,,,Mid-Senior level,FULL_TIME
Customer Service Representative,,17.0,,Full-time,,,Mid-Senior level,FULL_TIME
Shipping Associate- Seasonal Temporary,,17.0,,Full-time,,,,FULL_TIME
3rd Grade Teacher: Uplift White Rock Hills Primary (24-25),,60000.0,,Full-time,,,Entry level,FULL_TIME
Storeroom Attendant,,17.75,,Full-time,,,Entry level,FULL_TIME
Correctional Officer,,39127.68,,Full-time,,,Mid-Senior level,FULL_TIME
"Logistics Specialist (Material Handler/Delivery Driver) Portland, OR",,20.25,,Full-time,,,Entry level,FULL_TIME
Nurse Aide State Registered I,,17.95,,Full-time,,,Entry level,FULL_TIME
Registered Nurse,,28.92,,Full-time,,,Mid-Senior level,FULL_TIME
Warehouse Sorter,,15.0,,Full-time,,,Entry level,FULL_TIME
Line Cook,,17.75,,Full-time,,,Entry level,FULL_TIME
Special Events Attendant,,13.0,,Part-time,,,Entry level,PART_TIME
Packager,,25.81,,Full-time,,,Entry level,FULL_TIME
Remote Sales Representative in UK - Bilingual Spanish,,32505.51,,Full-time,,1.0,Entry level,FULL_TIME
Government Affairs Intern Position – Summer 2024,,20.0,,Internship,2.0,,,INTERNSHIP
Engineer,,17.0,,Full-time,,,Entry level,FULL_TIME
Mortgage Loan Officer - Woodinville,,16.28,,Full-time,,,Entry level,FULL_TIME
Part Time Territory Supervisor - Killeen TX 76549,,16.5,,Part-time,,,Mid-Senior level,PART_TIME
"Community Development Loan Officer - Albany, NY",,15.0,,Full-time,,,Mid-Senior level,FULL_TIME
Jewish Life Events Manager,,62500.0,,Full-time,,,,FULL_TIME
CMT Operations Leader,,2500.0,,Full-time,,,Mid-Senior level,FULL_TIME
"QA Engineer - Remote, Contract ($55/hr)",,55.0,,Contract,9.0,1.0,,CONTRACT
RN Supervisor,,95000.0,,Full-time,,,,FULL_TIME
Quality Assurance Specialist,,57.0,,Contract,,,Associate,CONTRACT
Quality Control Sample Management,,45.52,,Contract,,,Associate,CONTRACT
Material Handler,,20.29,,Full-time,,,Entry level,FULL_TIME
Retail Sales Associate,,20.29,,Part-time,,,Entry level,PART_TIME
Performance Manager,,65000.0,,Full-time,,,,FULL_TIME
Production Associate,,20.29,,Full-time,,,Entry level,FULL_TIME
Power BI Developer/Admin,,60.0,,Contract,,,Mid-Senior level,CONTRACT
IP Docketing Specialist,,40.0,,Contract,,1.0,Associate,CONTRACT
Production Technician,,21.35,,Full-time,,,Entry level,FULL_TIME
Horticulture Tech,,24.56,,Full-time,,,Entry level,FULL_TIME
Loan Processor Assistant,,16.39,,Full-time,,,Entry level,FULL_TIME
Licensed Talk Therapist,,116400.0,,Part-time,,,Entry level,PART_TIME
Digital Analytics Manager,,140000.0,,Full-time,,1.0,Associate,FULL_TIME
Clinical Social Worker,,116400.0,,Part-time,,,Entry level,PART_TIME
Entry Level Inside Sales Representative,,60000.0,,Full-time,,,Entry level,FULL_TIME
Summer Internship,,20.0,,Internship,,,Internship,INTERNSHIP
Litigation Paralegal (Municipal Governance),,30.0,,Contract,,,,CONTRACT
Procurement and Supply Chain Specialist  ,,45.0,,Contract,,,Mid-Senior level,CONTRACT
Back End Developer,,58.62,,Contract,3.0,1.0,Mid-Senior level,CONTRACT
ASRS Maintenance Technician II - 3rd shift - $2000 signing bonus,,27.0,,Full-time,,,Entry level,FULL_TIME
ASRS Maintenance Technician III - 3rd shift - $5K signing bonus,,30.0,,Full-time,,,Entry level,FULL_TIME
Clerical Assistant,,25.0,,Contract,,,,CONTRACT
Receptionist,,24.0,,Temporary,,,,TEMPORARY
Hospitality Aide,,12.8,,Full-time,,,,FULL_TIME
Outside Sales Representative,,65000.0,,Full-time,,,Associate,FULL_TIME
Hospitality Aide,,12.8,,Full-time,,,,FULL_TIME
Hospitality Aide,,12.8,,Full-time,,,,FULL_TIME
Library Outreach Assistant - Part Time,,21.98,,Part-time,,,,PART_TIME
Interior Designer,,18.0,,Full-time,,,Entry level,FULL_TIME
Client Solutions Specialist,,18.0,,Full-time,,,Entry level,FULL_TIME
Client Solutions Specialist,,18.0,,Full-time,,,Entry level,FULL_TIME
Box Office Associate,,20.0,,Part-time,,,,PART_TIME
"Senior Associate, Planning",,66560.0,,Full-time,,,Mid-Senior level,FULL_TIME
Operations Analyst,,30.0,,Contract,,,Associate,CONTRACT
Store Sales Associate,,17.0,,Full-time,,,Entry level,FULL_TIME
Retail Associate,,15.0,,Full-time,,,Associate,FULL_TIME
Customer Service Representative/Store Associate,,21.0,,Full-time,,,Associate,FULL_TIME
Netsuite BAI2 Bank Statement Parser Developer,,30.0,,Contract,,1.0,,CONTRACT
Biologist,,32.0,,Contract,,,Associate,CONTRACT
Packaging Operator,,19.0,,Full-time,,,Entry level,FULL_TIME
Lead Preschool Teacher,,53000.0,,Full-time,,,,FULL_TIME
Mental Health Therapist ($70/ hr),,70.0,,Contract,,1.0,,CONTRACT
Workforce Training Instructor,,50.0,,Contract,,,,CONTRACT
Program Assistant,,21.0,,Full-time,,,,FULL_TIME
Client Operations Specialist,,25.0,,Part-time,1.0,1.0,,PART_TIME
Confidential - Chief Financial Officer,,300000.0,,Full-time,,,Executive,FULL_TIME
Installation Service Coordinator,,20.0,,Full-time,,,Entry level,FULL_TIME
Deli/Catering Aide,,16.0,,Full-time,,,Entry level,FULL_TIME
Certified Nursing Assistant (CNA) - Weekend Warrior!,,35.0,,Full-time,,,Entry level,FULL_TIME
Display Builder,,15.24,,Part-time,,,Mid-Senior level,PART_TIME
Senior Designer,,16.78,,Full-time,,,Mid-Senior level,FULL_TIME
Stationary Engineer,,64.28,,Full-time,,,,FULL_TIME
Counter Sales Representative,,12.0,,Full-time,,,Entry level,FULL_TIME
Designer,,15.24,,Full-time,,,Entry level,FULL_TIME
Customer Service Rep,,17.0,,Contract,,,Entry level,CONTRACT
Research Project Manager,,80000.0,,Full-time,,,,FULL_TIME
H&M Sales Associate,,11.75,,Part-time,,,Entry level,PART_TIME
H&M Retail Sales Associate,,11.25,,Part-time,,,Entry level,PART_TIME
H&M Retail Sales Associate,,14.5,,Part-time,,,Entry level,PART_TIME
H&M Retail Sales Associate,,15.0,,Part-time,,,Entry level,PART_TIME
H&M Retail Sales Associate,,12.25,,Part-time,,,Entry level,PART_TIME
H&M Retail Sales Associate,,11.5,,Part-time,,,Entry level,PART_TIME
H&M Sales Associate - West Town Mall,,12.0,,Part-time,,,Entry level,PART_TIME
Tooling Design Engineer,,90000.0,,Contract,,,Associate,CONTRACT
Solution Architect IRC210073,,150000.0,,Full-time,,,Executive,FULL_TIME
Family Medicine Physician - $205k to $378k Salary Plus $29k in Bonuses,,15000.0,,Full-time,,,Mid-Senior level,FULL_TIME
Delivery Specialist,,13.0,,Full-time,,,Entry level,FULL_TIME
Store Manager-In Training,,22.0,,Full-time,,,Mid-Senior level,FULL_TIME
Cashier,,14.25,,Part-time,,,,PART_TIME
Emergency Medical Technician,,46656.0,,Full-time,,,Associate,FULL_TIME
Operational Process Excellence Professional,,80000.0,,Full-time,,,Entry level,FULL_TIME
Contract Corporate Litigation Attorney,,42.0,,Contract,,,Mid-Senior level,CONTRACT
Document Reviewer,,28.0,,Full-time,,1.0,Entry level,FULL_TIME
Contract Corporate Attorney,,40.0,,Contract,,,Mid-Senior level,CONTRACT
Labor and Delivery RN - Travel,,72.0,,Full-time,,,Mid-Senior level,FULL_TIME
"Contract - Registered Nurse - Travel $2,340/wk",,65.0,,Contract,,,Mid-Senior level,CONTRACT
Agency - Registered Nurse - Perinatal,,61.0,,Full-time,,,Mid-Senior level,FULL_TIME
Contract - Registered Nurse - Oncology,,61.0,,Contract,,,Mid-Senior level,CONTRACT
Contract - Registered Nurse - Med/Surg,,2200.0,,Contract,,,Mid-Senior level,CONTRACT
"Travel - Registered Nurse - Med/Surg * $2,200/Wk*",,61.0,,Full-time,,,Mid-Senior level,FULL_TIME
"Contract Physical Therapist Opportunity - $2,140/wk",,53.5,,Contract,,,Mid-Senior level,CONTRACT
"FT NYS Registered Nurse (RN) - *Up to $115,000 annually*",,125000.0,,Full-time,,,Mid-Senior level,FULL_TIME
Sous Chef - Summer Camp,,27.0,,Full-time,,,Mid-Senior level,FULL_TIME
Banking Operations Specialist Lead,,22.0,,Full-time,,,Mid-Senior level,FULL_TIME
Document Reviewer,,25.0,,Full-time,,1.0,Entry level,FULL_TIME
Document Reviewer,,28.0,,Full-time,,1.0,Entry level,FULL_TIME
Document Reviewer,,30.0,,Full-time,,1.0,Entry level,FULL_TIME
Second Request Document Reviewer,,28.0,,Full-time,,1.0,Entry level,FULL_TIME
Medical Document Coding Analyst,,22.0,,Full-time,,1.0,Mid-Senior level,FULL_TIME
Adult Day Center Aide,,15.0,,Full-time,,,Entry level,FULL_TIME
Store Attendant,,13.0,,Full-time,,,Entry level,FULL_TIME
Registered Nurse - RN - LTAC,,2100.0,,Full-time,,,Mid-Senior level,FULL_TIME
Front End Entry Level,,18.94,,Part-time,,,,PART_TIME
Warehouse Assocaite,,15.0,,Part-time,,,Entry level,PART_TIME
Front End Entry Level,,18.94,,Part-time,,,,PART_TIME
Registered Nurse - RN - LTAC,,2000.0,,Full-time,,,Mid-Senior level,FULL_TIME
Field Technician,,22.5,,Full-time,,,Entry level,FULL_TIME
H&M Sales Associate,,12.0,,Part-time,,,Entry level,PART_TIME
Part Time Newborn Hearing Screening Technician,,16.0,,Part-time,,,Mid-Senior level,PART_TIME
Diagnostics Sales Representative,,70000.0,,Full-time,,,Entry level,FULL_TIME
Elementary School Apprentice Teacher,,50000.0,,Full-time,,,Entry level,FULL_TIME
Senior Security Consultant (Security Assessment and Authorization Specialist),,28.79,,Full-time,,,Mid-Senior level,FULL_TIME
Relay Resident,,45000.0,,Full-time,,,Entry level,FULL_TIME
Beauty Advisor- Sally Beauty- 00464,,13.0,,Other,,,Mid-Senior level,OTHER
Field Technician,,23.0,,Full-time,,,Entry level,FULL_TIME
Armed Premise Guard,,17.0,,Contract,,,Entry level,CONTRACT
Teaching Resident,,45000.0,,Full-time,,,Entry level,FULL_TIME
Graduate Teaching Resident,,45000.0,,Full-time,,,Entry level,FULL_TIME
Assistant Dispensary General Manager,,70000.0,,Full-time,,,,FULL_TIME
"Abercrombie & Fitch - Assistant Manager, Somerset North",,19.0,,Full-time,,,Entry level,FULL_TIME
OCU-Technical-Mechanical Engineering Technician-4x10pm,,31.5,,Full-time,,,Entry level,FULL_TIME
Sales Lead,,14.25,,Part-time,,,Mid-Senior level,PART_TIME
Senior Accountant,,70000.0,,Full-time,,,Mid-Senior level,FULL_TIME
Social Worker,,61500.0,,Full-time,,,Entry level,FULL_TIME
Assistant Manager,,20.5,,Full-time,,,Mid-Senior level,FULL_TIME
High School Math Teacher,,86000.0,,Full-time,,,Associate,FULL_TIME
5-12 Apprentice Teacher,,48000.0,,Full-time,,,Entry level,FULL_TIME
OCU-Technical-Mechanical Engineering Technician-4x10pm,,31.5,,Full-time,,,Entry level,FULL_TIME
Supportive Housing Clinical Director,,80000.0,,Full-time,,,Director,FULL_TIME
ATI MX REP AUS,,83200.0,,Full-time,,,Mid-Senior level,FULL_TIME
"Manager, Indirect Spend & Logistics",,20.0,,Full-time,,,Mid-Senior level,FULL_TIME
Registered Nurse (RN) - ED - Emergency Department - $32-58 per hour - 115215,,41000.0,,Full-time,,,,FULL_TIME
Sales Lead,,18.25,,Part-time,,,Mid-Senior level,PART_TIME
Assistant Manager,,19.5,,Full-time,,,Mid-Senior level,FULL_TIME
Assistant Manager,,20.5,,Full-time,,,Mid-Senior level,FULL_TIME
Administrative Assistant,,25.16,,Full-time,,,Entry level,FULL_TIME
Security Officer (Part Time) - Conrad Washington D.C.,,26.0,,Part-time,,,Entry level,PART_TIME
S and T-Transaction Diligence-Transaction Support-Mgr-Multiple Positions-1494934,,143728.0,,Full-time,,,Mid-Senior level,FULL_TIME
Legal Internships – Academic Year,,25.0,,Internship,1.0,,Internship,INTERNSHIP
Part Time Clinical Consultant - Meridian,,60.0,,Full-time,,,,FULL_TIME
"Network Support Technician, Tier 1",,18.0,,Full-time,,1.0,Entry level,FULL_TIME
Overnight Security Officer- Hilton Austin,,35.0,,Full-time,,,Entry level,FULL_TIME
Automotive Service Technician 3,,21.25,,Full-time,,,,FULL_TIME
Warehouse Bulk Full Time 2nd Shift,,19.75,,Full-time,,,Entry level,FULL_TIME
Part Time Clinical Consultant - Fort Walton Beach,,60.0,,Full-time,,,,FULL_TIME
Warehouse Order Picker Part Time 2nd Shift,,16.75,,Part-time,,,Entry level,PART_TIME
AN-Assistant Manager-A00027,,15.0,,Full-time,,,Mid-Senior level,FULL_TIME
Warehouse Order Picker Full Time 2nd Shift,,18.8,,Full-time,,,Entry level,FULL_TIME
Part-Time Material Handler - Days,,30.0,,Full-time,,,Associate,FULL_TIME
PLC Controls Technician,,38.9,,Full-time,,,,FULL_TIME
"General Laborer, Warehouse",,21.71,,Full-time,,,,FULL_TIME
Intern: Quality (Travel),,23.0,,Full-time,,,,FULL_TIME
Warehouse Order Selector,,23.9,,Full-time,,,,FULL_TIME
Seasonal Maintenance Technician,,20.0,,Temporary,,,Entry level,TEMPORARY
"Solar Electrician, Install Lead",,48.0,,Full-time,,,Mid-Senior level,FULL_TIME
PRN Physical Therapist Sebastian Orthopedics,,47.0,,Full-time,,,Entry level,FULL_TIME
Fountain Installer (MEM),,24.95,,Full-time,,,,FULL_TIME
"Order Builder ""Loader""",,22.0,,Full-time,,,,FULL_TIME
Seasonal Laundry Delivery Driver,,19.0,,Temporary,,,Entry level,TEMPORARY
"Solar Electrician, Install Lead",,41.5,,Full-time,,,Mid-Senior level,FULL_TIME
Merchandiser / Seasonal,,18.91,,Full-time,,,,FULL_TIME
Seasonal Maintenance Assistant,,16.0,,Temporary,,,Entry level,TEMPORARY
CAM Maintenance Technician,,18.0,,Full-time,,,Entry level,FULL_TIME
Marketing Intern,,18.0,,Internship,1.0,,,INTERNSHIP
CDL Truck Driver Commercial,,26.0,,Full-time,,,Entry level,FULL_TIME
Oral Surgeon - DDS/DMD,,750000.0,,Full-time,,,Mid-Senior level,FULL_TIME
Seasonal Linen Specialist,,15.0,,Temporary,,,Mid-Senior level,TEMPORARY
Quality Assurance Specialist,,57.0,,Contract,6.0,,Associate,CONTRACT
Laborer Landfill,,15.0,,Full-time,,,Entry level,FULL_TIME
Merchandiser - Hopkinsville (FT/Eve),,20.0,,Full-time,,,,FULL_TIME
Driver - Food Service/Vending Product Delivery,,21.55,,Full-time,,,,FULL_TIME
Experienced Forklift/Reach Truck/Cherry Picker Operator,,16.0,,Full-time,,,Mid-Senior level,FULL_TIME
Banker Connect Representative,,20.0,,Full-time,,,Mid-Senior level,FULL_TIME
Data Entry Clerk - Work From Home,,23.0,,Full-time,3.0,1.0,Entry level,FULL_TIME
Logistics Warehouse Coordinator,,21.0,,Full-time,,,,FULL_TIME
Dental Hygienist Part Time,,40.0,,Part-time,,,Entry level,PART_TIME
Scalehouse Attendant Transfer Stations,,21.0,,Full-time,,,Entry level,FULL_TIME
Non-CDL Driver Landfill (Nights),,24.55,,Full-time,,,Entry level,FULL_TIME
Warehouse Person (Loader) / Evenings,,20.1,,Full-time,,,,FULL_TIME
Real Estate Sales Professional,,150000.0,,Full-time,,,Entry level,FULL_TIME
Custom Trade Coordinator- 2nd Shift,,19.24,,Full-time,,,,FULL_TIME
Production Associate - Garment Hanger/Inspector - Up to $18/Hour,,18.0,,Full-time,,,,FULL_TIME
Mechanic Helper,,30.99,,Full-time,,,Entry level,FULL_TIME
"Electrician - Fully Qualified (Waterbury, CT)",,50.3,,Full-time,,,Entry level,FULL_TIME
Computer Field Analyst (IBEW),,34.53,,Full-time,,,Entry level,FULL_TIME
"Staff Nurse, Correctional Health Services **Day Tour** (8am-8:30pm)",,100750.0,,Full-time,,,,FULL_TIME
Data Entry Specialist - AP and AR,,17.0,,Contract,,,Entry level,CONTRACT
Auto Mechanic,,13.0,,Full-time,,,Entry level,FULL_TIME
Customer Care Specialist I,,17.93,,Full-time,,,Entry level,FULL_TIME
Chemical Maintenance Technician - 2nd Shift,,28.0,,Full-time,,,Entry level,FULL_TIME
Quality Inspector,,35.0,,Full-time,,,Mid-Senior level,FULL_TIME
Housekeeping-Janitorial Position $12/hr at Woodford County Rest Area,,12.0,,Full-time,,,Entry level,FULL_TIME
Compliance LIHTC - Apartments,,29.0,,Full-time,,,Mid-Senior level,FULL_TIME
Banquet Servers & Bartenders,,28.0,,Full-time,,,Entry level,FULL_TIME
SLG Warehouse Sortation (US),,18.5,,Full-time,,,Entry level,FULL_TIME
Operations Associate,,21.63,,Contract,,,Entry level,CONTRACT
Program Coordinator,,16.0,,Contract,,,Entry level,CONTRACT
Maintenance Technician - 1st shift,,30.0,,Full-time,,,Entry level,FULL_TIME
Data Entry Operator,,14.5,,Full-time,1.0,,Entry level,FULL_TIME
PRODUCTION ASSOCIATE,,20.0,,Full-time,,,Entry level,FULL_TIME
Project Assistant - Market Research,,20.0,,Contract,,,Entry level,CONTRACT
Salon Sales Representative,,20.0,,Full-time,,,Entry level,FULL_TIME
Mortgage Loan Originator,,48500.0,,Full-time,,,Entry level,FULL_TIME
Volunteer Recruiter,,20.0,,Full-time,,,Entry level,FULL_TIME
Retail Stocking Associate,,15.85,,Part-time,,,Entry level,PART_TIME
TWIC On-Call Crew Transportation Driver,,16.0,,Full-time,,,Entry level,FULL_TIME
Experienced Diesel Technician / Truck Mechanic,,2000.0,,Full-time,,,Mid-Senior level,FULL_TIME
Marketing Intern,,20.0,,Full-time,,,Internship,FULL_TIME
Resident Assistant,,21.0,,Full-time,,,Entry level,FULL_TIME
Operations Supervisor,,65000.0,,Full-time,1.0,,Mid-Senior level,FULL_TIME
Veterinary Receptionist,,14.0,,Full-time,,,Mid-Senior level,FULL_TIME
Part-time Customer Service Representative,,22.0,,Part-time,,,Entry level,PART_TIME
Retail Sales Associate,,15.0,,Part-time,,,Entry level,PART_TIME
Retail Sales Supervisor,,23.0,,Full-time,,,Mid-Senior level,FULL_TIME
Retail Sales Associate,,16.0,,Part-time,,,Entry level,PART_TIME
TWIC On-Call Crew Transportation Driver,,16.0,,Full-time,,,Entry level,FULL_TIME
Occupational Therapy Assistant - Part Time,,40.0,,Full-time,,,Mid-Senior level,FULL_TIME
Patient Care Coordinator,,14.0,,Full-time,,,Entry level,FULL_TIME
Retail Sales Associate,,16.5,,Part-time,,,Entry level,PART_TIME
Retail Sales Supervisor,,19.0,,Full-time,,,Mid-Senior level,FULL_TIME
Senior Retail Sales Associate,,15.2,,Full-time,,,Entry level,FULL_TIME
Retail Stocking Supervisor,,19.5,,Full-time,,,Mid-Senior level,FULL_TIME
Maintenance,,24.27,,Full-time,,,Entry level,FULL_TIME
Maintenance Tech- New Building,,30.0,,Full-time,,,Entry level,FULL_TIME
Certified Peer Support Specialist CST,,22.0,,Full-time,,,Entry level,FULL_TIME
Patient Care Coordinator,,19.0,,Full-time,,,Entry level,FULL_TIME
Sales and Service Overnight,,14.0,,Part-time,,,Entry level,PART_TIME
Retail Stocking Supervisor,,17.5,,Full-time,,,Mid-Senior level,FULL_TIME
Retail Sales Supervisor,,18.0,,Full-time,,,Mid-Senior level,FULL_TIME
Retail Stocking Supervisor,,17.75,,Full-time,,,Mid-Senior level,FULL_TIME
Senior Retail Sales Associate,,16.0,,Full-time,,,Entry level,FULL_TIME
CDL Class A Truck Driver - Live Haul - 3rd shift,,28.0,,Full-time,,,Entry level,FULL_TIME
Auto Detailer,,18.0,,Full-time,,,Entry level,FULL_TIME
Teller,,17.0,,Part-time,,,Entry level,PART_TIME
Campus Ambassador,,3000.0,,Contract,,1.0,,CONTRACT
Certified Peer Support Specialist CST,,22.0,,Full-time,,,Entry level,FULL_TIME
Swimming Pool Equipment Specialist,,16.0,,Full-time,,,Entry level,FULL_TIME
Load Builder Needed in the Great State of Ohio,,18.0,,Full-time,,,Entry level,FULL_TIME
A-Zone Selector,,18.0,,Full-time,,,Entry level,FULL_TIME
Retail Stocking Associate,,16.05,,Part-time,,,Entry level,PART_TIME
Auto Detailer,,18.0,,Full-time,,,Entry level,FULL_TIME
Resident Assistant,,21.0,,Full-time,,,Entry level,FULL_TIME
CDL Class A Truck Driver - Live Haul - 3rd shift,,28.0,,Full-time,,,Entry level,FULL_TIME
Customer Service Representative (Licensure) - Healing Arts,,38010.0,,Full-time,,,Mid-Senior level,FULL_TIME
Auto Detailer,,18.0,,Full-time,,,Entry level,FULL_TIME
Associate Customer Service Representative - Healing Arts,,34566.0,,Full-time,,,Entry level,FULL_TIME
Retail Sales Associate,,16.75,,Part-time,,,Entry level,PART_TIME
Customer Service Representative (Enforcement) -Healing Arts,,38010.0,,Full-time,,,Mid-Senior level,FULL_TIME
Retail Stocking Supervisor,,19.0,,Full-time,,,Mid-Senior level,FULL_TIME
Retail Sales Associate,,15.75,,Part-time,,,Entry level,PART_TIME
Retail Sales Associate,,15.0,,Part-time,,,Entry level,PART_TIME
Retail Sales Associate,,15.0,,Part-time,,,Entry level,PART_TIME
Direct Support Professional,,17.12,,Full-time,,,Entry level,FULL_TIME
Rendering Generalist Production-Dumper Sun-Wed Nights,,18.35,,Full-time,,,,FULL_TIME
RN Neuro Stepdown (Nights),,20000.0,,Part-time,,,Mid-Senior level,PART_TIME
Teller,,17.0,,Part-time,1.0,,Entry level,PART_TIME
Accounting Clerk,,20.0,,Full-time,,,Entry level,FULL_TIME
Principal Subcontract Administrator,,140000.0,,Contract,,,Director,CONTRACT
Maintenance Point Guard I (Parts Coordinator),,30.75,,Full-time,,,Entry level,FULL_TIME
Quality Technician,,20.0,,Full-time,,,Entry level,FULL_TIME
New Orleans Disaster Recovery - AmeriCorps Program,,2100.0,,Full-time,,,Entry level,FULL_TIME
Crane Service Technician,,37.0,,Full-time,,,Entry level,FULL_TIME
Associate Producer – Program Development - San Diego- California,,24.0,,Full-time,1.0,,Mid-Senior level,FULL_TIME
"RN - Home Health, Weekends",,20.0,,Part-time,,,Mid-Senior level,PART_TIME
Registered Behavior Technician,,20.0,,Full-time,,,Entry level,FULL_TIME
Crane Service Technician,,35.0,,Full-time,,,Entry level,FULL_TIME
Blood Collection Staff/Customer Service - Training Provided,,17.48,,Full-time,,,,FULL_TIME
"Engagement Coordinator, Boston Waterfront Initiative",,20.0,,Part-time,,,Mid-Senior level,PART_TIME
Medical Scribe,,12.0,,Full-time,1.0,,Entry level,FULL_TIME
Medical Scribe $500.00  Sign on  Bonus,,21.0,,Full-time,,,Entry level,FULL_TIME
Senior Director of Business Development and Program Management,,180000.0,,Full-time,,,Director,FULL_TIME
Part- Time Retail Supervisor,,20.0,,Part-time,,,Entry level,PART_TIME
Early Childhood Support Teacher,,18.0,,Full-time,,,Entry level,FULL_TIME
Sanitation,,17.2,,Full-time,,,Entry level,FULL_TIME
Hematology / Oncology,,550000.0,,Full-time,,,Entry level,FULL_TIME
"Retail Key Holder, Willow Glen-SJ, #506",,18.3,,Part-time,,,Mid-Senior level,PART_TIME
Hybrid eAcute Virtual Care Nurse - 800 Neuro Ortho (On-site) - $20k Sign-on Bonus,,5000.0,,Full-time,,,Mid-Senior level,FULL_TIME
Non-Invasive Cardiology Physician,,541000.0,,Full-time,,,Mid-Senior level,FULL_TIME
Veterinary Assistant,,15.0,,Full-time,,,Entry level,FULL_TIME
Resource ESL Teacher,,18.13,,Full-time,,,Entry level,FULL_TIME
E-Commerce Product Specialist,,22.25,,Full-time,,,Mid-Senior level,FULL_TIME
E-Commerce Product Specialist,,22.25,,Full-time,,,Mid-Senior level,FULL_TIME
Mathematician,,9.0,,Part-time,,,,PART_TIME
Space Propulsion Systems Engineer,,80.0,,Full-time,1.0,,Entry level,FULL_TIME
Human Resources Director,,120000.0,,Full-time,,,Director,FULL_TIME
Armed Security Officer - $21.00,,21.0,,Part-time,,,Entry level,PART_TIME
Uniform Security Officer,,16.0,,Part-time,,,Entry level,PART_TIME
Lead Security Officer - 1st Shift,,19.0,,Full-time,,,Mid-Senior level,FULL_TIME
E and I Technician,,36.73,,Part-time,,,Entry level,PART_TIME
Armed Base Security - Weekends,,19.0,,Part-time,,,Entry level,PART_TIME
Armed Security Officer - $19.00,,19.0,,Full-time,,,Entry level,FULL_TIME
Security Officer Weekend Part Time,,15.97,,Part-time,,,Entry level,PART_TIME
Security Flex Officer - $21/hour,,21.0,,Full-time,,,Entry level,FULL_TIME
Armed Security Officer - $22.66/hour,,22.66,,Part-time,,,Entry level,PART_TIME
Security Officer #58,,25.72,,Full-time,,,Entry level,FULL_TIME
Clinical Social Worker,,69395.46,,Full-time,,,,FULL_TIME
"Assembler, 1st Shift, $18",,18.0,,Full-time,,,,FULL_TIME
Tax Partner,,125000.0,,Full-time,,,,FULL_TIME
CRM Intern,,15.0,,Full-time,,,,FULL_TIME
Brand Ambassador,,24.0,,Contract,,,Entry level,CONTRACT
Environmental Manager,,68820.0,,Full-time,3.0,,Director,FULL_TIME
Dental Assistant,,18.0,,Full-time,,,Entry level,FULL_TIME
Domino’s Pizza Delivery Driver - Pepperell - Store 3731,,20.0,,Full-time,,,,FULL_TIME
Industrial Electrician,,72800.0,,Full-time,,,Mid-Senior level,FULL_TIME
Purchasing Administrator,,122532.0,,Full-time,3.0,,Director,FULL_TIME
Commercial Contracts Counsel,,100000.0,,Contract,2.0,,Mid-Senior level,CONTRACT
Warehouse Worker - Forklift Operator,,18.0,,Full-time,1.0,,,FULL_TIME
Truck Driver - Local Class A - Average $88400 Annually - Penske Logistics,,88400.0,,Full-time,2.0,,,FULL_TIME
Certified Nursing Assistant (CNA) - Greater Danbury Region,,20.0,,Full-time,,,,FULL_TIME
Administrative Assistant - Temp Assignment - $24/hr,,24.0,,Full-time,,,,FULL_TIME
Scouting Community Engagement Professional,,45000.0,,Full-time,3.0,,,FULL_TIME
Mechanical Production Associate,,19.25,,Full-time,,,,FULL_TIME
Tutor,,40.0,,Part-time,,,,PART_TIME
Endocrinologist / Obesity Medicine Specialist,,250.0,,Contract,1.0,1.0,,CONTRACT
Psychiatric Care Technician Part - Time,,20.74,,Full-time,,,Mid-Senior level,FULL_TIME
Document Review Attorney,,30.0,,Contract,3.0,,Associate,CONTRACT
Marketing Manager,,72.0,,Contract,18.0,1.0,Mid-Senior level,CONTRACT
Electronic Repair Technician,,24.0,,Full-time,,,Entry level,FULL_TIME
Research Associate II,,27.0,,Contract,1.0,,Associate,CONTRACT
Laundry Worker,,31200.0,,Full-time,,,Entry level,FULL_TIME
Wholesale Acct. Exec - Women's High End RTW-West Coast Specialty,,90000.0,,Full-time,1.0,,,FULL_TIME
In-Home Caregiver,,15.0,,Part-time,,,,PART_TIME
Jr. Processor,,22.0,,Full-time,,,,FULL_TIME
B2B Marketing Specialist,,49.0,,Contract,,,Mid-Senior level,CONTRACT
Project Manager,,121000.0,,Full-time,1.0,,Entry level,FULL_TIME
"Class A Truck Driver (Nights) + $2,500 Sign-On Bonus!",,29.0,,Full-time,,,Entry level,FULL_TIME
Medical Assistant - Clinical Support - Per Diem/Casual,,38.0,,Full-time,,,,FULL_TIME
Remote Legal Secretary / Legal Assistant,,60000.0,,Contract,4.0,1.0,,CONTRACT
Production Supervisor,,61297.0,,Full-time,1.0,,Associate,FULL_TIME
Quality Assurance Specialist,,40.0,,Contract,3.0,1.0,,CONTRACT
"Senior/Principal Scientist, Translational Medicine Mass Spectrometry",,83.45,,Full-time,1.0,,Mid-Senior level,FULL_TIME
Digital Marketing Intern,,15.5,,Internship,42.0,,Internship,INTERNSHIP
Intake & Administrative Specialist,,25.0,,Part-time,1.0,,,PART_TIME
Haitian Creole Interpreter,,40.0,,Full-time,4.0,,,FULL_TIME
Haitian Creole Interpreter,,40.0,,Full-time,1.0,,,FULL_TIME
Maintenance Technician,,31.95,,Full-time,5.0,,Entry level,FULL_TIME
Administrative Assistant,,21.0,,Contract,4.0,,Entry level,CONTRACT
Orthopedic Surgeon,,680000.0,,Full-time,,,Mid-Senior level,FULL_TIME
Part-Time Front Desk Member Concierge Studio Manger Fitness & Wellness Studio,,14.0,,Part-time,,,,PART_TIME
Inside Sales Representative,,26.44,,Full-time,1.0,,,FULL_TIME
"Retail, Team Lead Sales",,16.5,,Part-time,,,Mid-Senior level,PART_TIME
Traveling Equipment Technician,,23.22,,Full-time,,,Entry level,FULL_TIME
Psychologist Senior,,80000.0,,Full-time,,,Mid-Senior level,FULL_TIME
Full Stack Engineer with Nodejs (W2),,50.0,,Contract,50.0,1.0,,CONTRACT
Line Quality Engineer,,45.0,,Contract,3.0,,,CONTRACT
Top Secret/SCI Systems Engineer,,145000.0,,Full-time,,,Mid-Senior level,FULL_TIME
Dynamics Developer,,62.0,,Contract,,,,CONTRACT
Water Plant Operator,,68536.0,,Full-time,,,,FULL_TIME
Project Manager for Construction,,90000.0,,Full-time,4.0,,Mid-Senior level,FULL_TIME
Lead Store Associate,,17.5,,Full-time,,,Mid-Senior level,FULL_TIME
Telehealth Psychotherapist (LCSW) - Contractor,,60.0,,Contract,1.0,1.0,Mid-Senior level,CONTRACT
Account Manager,,38.0,,Contract,19.0,,Associate,CONTRACT
Business           Analyst,,225000.0,,Full-time,6.0,,,FULL_TIME
Early Literacy Specialist,,20.86,,Part-time,,,,PART_TIME
Insurance Representative,,18.22,,Contract,37.0,1.0,,CONTRACT
Product Engineer,,41.89,,Contract,4.0,,Associate,CONTRACT
Client Service Manager,,125000.0,,Full-time,1.0,,Associate,FULL_TIME
Entry-Level Risk Associate,,23.07,,Full-time,14.0,,Entry level,FULL_TIME
Dental Hygienist,,46.0,,Part-time,,,Mid-Senior level,PART_TIME
Electrical Technician,,38.3,,Full-time,4.0,,Associate,FULL_TIME
Sales & Events Specialist - Long Island,,28.0,,Part-time,3.0,,Entry level,PART_TIME
Treasury Analyst,,26.0,,Contract,3.0,,Associate,CONTRACT
Associate Dentist,,200000.0,,Full-time,,,Entry level,FULL_TIME
Fleet Management Intern,,24.0,,Full-time,1.0,,Internship,FULL_TIME
Financial Professional - Houston,,91351.3,,Full-time,1.0,,,FULL_TIME
Digital Marketing Manager,,65000.0,,Full-time,,,,FULL_TIME
3rd Shift Operator-Troy $19.50/hr + $2/hr Shift Differential $2000 Sign on Bonus,,19.5,,Full-time,,,Entry level,FULL_TIME
Brand Ambassador,,28.0,,Contract,2.0,,Entry level,CONTRACT
Bulk Liquid Team LH2 Tanker Driver,,130000.0,,Full-time,,,Entry level,FULL_TIME
CDL A Driver Hazmat,,90000.0,,Full-time,,,Entry level,FULL_TIME
Factoring Underwriter,,30.0,,Full-time,5.0,,Mid-Senior level,FULL_TIME
" Intern, Product Development  - Ann Taylor ",,20.0,,Internship,163.0,,Internship,INTERNSHIP
Seeking professional and luxury Reservation Agent for best DC hotel!,,20.0,,Full-time,,,Entry level,FULL_TIME
Senior Project Engineer,,58.0,,Contract,,,,CONTRACT
Nurse - RN - Med Surg Tele,,2518.0,,Contract,,,Mid-Senior level,CONTRACT
Business Analyst,,40.0,,Full-time,77.0,,Associate,FULL_TIME
Customer Care Specialist,,48000.0,,Full-time,2.0,,,FULL_TIME
Somali/English Interpreters Remote,,16.0,,Full-time,1.0,1.0,Entry level,FULL_TIME
Registered Nurse Health Services Manager,,87068.1,,Full-time,1.0,,,FULL_TIME
Operations Manager,,46950.0,,Full-time,2.0,,Mid-Senior level,FULL_TIME
Store Associate,,16.0,,Part-time,1.0,,Entry level,PART_TIME
Manager of Medical Systems Development (24-89),,0.0,,Full-time,4.0,,Mid-Senior level,FULL_TIME
Part Time Sports Physical Therapist,,35.0,,Part-time,,,,PART_TIME
Early Learning Outreach Advisor,,42583.0,,Full-time,,,Mid-Senior level,FULL_TIME
Product Acceptance Specialist ,,40.0,,Contract,,,Entry level,CONTRACT
Retail Management Intern,,19.5,,Internship,1.0,,Internship,INTERNSHIP
Account Manager,,28.0,,Full-time,,,Entry level,FULL_TIME
Nurse - RN - Telemetry,,2783.0,,Contract,,,Mid-Senior level,CONTRACT
Brand Representative,,24.0,,Contract,3.0,,Entry level,CONTRACT
Onboarding Manager,,36.06,,Full-time,1.0,,Mid-Senior level,FULL_TIME
Heavy Assembler,,18.5,,Full-time,,,Entry level,FULL_TIME
Maintenance Technician ,,22.0,,Full-time,,,Associate,FULL_TIME
Warehouse Material Handler,,20.19,,Full-time,,,Entry level,FULL_TIME
Nurse - RN - Psychology,,2542.0,,Contract,,,Mid-Senior level,CONTRACT
Executive Director CCEO,,85000.0,,Full-time,,,,FULL_TIME
2024 Summer Intern - Sales - Bay Area,,24.0,,Part-time,14.0,,Internship,PART_TIME
C++ Software Developer,,60.0,,Full-time,6.0,,,FULL_TIME
Clinical Supervisor/Mental Health Therapist,,120000.0,,Full-time,,,,FULL_TIME
Manual Machinist,,20.67,,Full-time,,,Entry level,FULL_TIME
Assembler/Tester,,17.51,,Full-time,,,Entry level,FULL_TIME
Surgical Technologist - Operating Room,,2202.0,,Contract,,,Mid-Senior level,CONTRACT
Business Development Manager,,200000.0,,Full-time,9.0,,Mid-Senior level,FULL_TIME
Ticket Sales Representative - San Diego State University,,20.43,,Full-time,,,Entry level,FULL_TIME
Package Handler - Part Time (Warehouse like),,16.75,,Part-time,3.0,,,PART_TIME
Karen/English Interpreters Remote,,20.0,,Full-time,22.0,1.0,Entry level,FULL_TIME
Senior Events Manager,,151100.0,,Full-time,22.0,,Mid-Senior level,FULL_TIME
Industrial Electrician,,30.6,,Full-time,,,Entry level,FULL_TIME
Quality Technician I,,19.53,,Full-time,,,Entry level,FULL_TIME
Nurse - RN - Med Surg Tele,,2518.0,,Contract,,,Mid-Senior level,CONTRACT
Nurse - LPN - LTC,,67.0,,Contract,,,Entry level,CONTRACT
"Account Executive, Senior SMB",,167000.0,,Full-time,13.0,,Mid-Senior level,FULL_TIME
"Level II Technician, Field",,30.0,,Full-time,,,Entry level,FULL_TIME
Package Handler - Part Time (Warehouse like),,17.35,,Part-time,,,,PART_TIME
Manufacturing Operator Level II,,21.0,,Full-time,,,,FULL_TIME
Part Time Showroom Representative,,22.0,,Contract,,,Mid-Senior level,CONTRACT
MRI Technologist - Radiology,,2113.0,,Contract,,,Mid-Senior level,CONTRACT
Accounting Clerk,,22.0,,Contract,173.0,1.0,Associate,CONTRACT
Front Desk Receptionist,,16.5,,Part-time,33.0,,Entry level,PART_TIME
Package Handler - Part & Full Time (Warehouse like),,16.9,,Full-time,2.0,,,FULL_TIME
Package Handler - Part Time (Warehouse like),,16.2,,Part-time,,,,PART_TIME
Secondary Operations Lead,,30.0,,Full-time,,,,FULL_TIME
Payroll Specialist,,26.0,,Contract,,,Entry level,CONTRACT
Data Center Technical Operations Engineer I,,32.38,,Contract,6.0,,Entry level,CONTRACT
 Jr Marketing Finance Support Specialist (Remote),,35.0,,Full-time,82.0,1.0,Associate,FULL_TIME
Advanced Bookkeeper in Central Ohio,,30.0,,Part-time,2.0,,,PART_TIME
Quality Lab Analyst – Sensory Lab,,23.0,,Full-time,3.0,,Entry level,FULL_TIME
Tangible Property Services Tax Associate - Fall 2024,,74000.0,,Full-time,,,,FULL_TIME
Package Handler - Part Time (Warehouse like),,17.75,,Part-time,,,,PART_TIME
Accounting Coordinator,,24.0,,Contract,2.0,,Entry level,CONTRACT
Warehouse Vendor Compliance Associate,,17.0,,Full-time,,,Mid-Senior level,FULL_TIME
Supervisor,,48000.0,,Full-time,,,Mid-Senior level,FULL_TIME
"Cashier, Concessions",,16.0,,Full-time,,,Entry level,FULL_TIME
Package Handler - Part Time (Warehouse like),,18.05,,Part-time,,,,PART_TIME
Package Handler - Part Time (Warehouse like),,17.0,,Part-time,2.0,,,PART_TIME
"Level II Technician, Field",,30.0,,Full-time,,,Entry level,FULL_TIME
Product Owner,,100000.0,,Full-time,,1.0,Mid-Senior level,FULL_TIME
Bilingual Warehouse Supervisor,,70000.0,,Full-time,,,Mid-Senior level,FULL_TIME
"Level II Technician, Field",,30.0,,Full-time,,,Entry level,FULL_TIME
"Support Manager, Family Navigator",,55000.0,,Full-time,2.0,,Associate,FULL_TIME
Warehouse Clerk,,17.0,,Full-time,,,Entry level,FULL_TIME
PUBLIC SAFETY IT SPECIALIST ONSITE,,20.0,,Contract,2.0,,Entry level,CONTRACT
Site Reliability Engineer,,70.0,,Contract,21.0,,Entry level,CONTRACT
Front End Software Engineer,,80000.0,,Full-time,13.0,,Entry level,FULL_TIME
Procurement Specialist,,60000.0,,Full-time,19.0,,,FULL_TIME
Business Development Manager,,200000.0,,Full-time,50.0,,Mid-Senior level,FULL_TIME
Clinical Educator,,65.0,,Part-time,,,,PART_TIME
Quality Auditor,,31.83,,Contract,1.0,1.0,Mid-Senior level,CONTRACT
IAM Technical Manager,,60.0,,Contract,1.0,1.0,,CONTRACT
"Sales Development Rep - Jackson, MS",,21.0,,Full-time,1.0,,,FULL_TIME
Nuclear Medicine Technologist,,61.0,,Contract,,1.0,,CONTRACT
Compliance Specialist - Registration,,75.0,,Contract,2.0,,Associate,CONTRACT
Nurse Practitioner,,100.0,,Contract,,,Entry level,CONTRACT
Hybrid Insurance Sales Specialist ,,30.0,,Full-time,,,Associate,FULL_TIME
Digital Marketing Coordinator,,20.0,,Full-time,1.0,,,FULL_TIME
Sales Executive ,,50000.0,,Full-time,1.0,,Associate,FULL_TIME
Mastery Teaching Residency,,47500.0,,Full-time,,,Entry level,FULL_TIME
Relay Technician,,70.11,,Full-time,,,,FULL_TIME
Workflow Specialist ,,18.0,,Contract,3.0,,Associate,CONTRACT
Adminstrative Residential Site Manager,,47400.0,,Full-time,1.0,,,FULL_TIME
Back End Engineer ( W2),,50.0,,Contract,1.0,,,CONTRACT
"Licensed Clinical Social Worker Regional Manager, North Bay",,83.23,,Full-time,,,Entry level,FULL_TIME
Accounts Receivable Clerk,,20.0,,Contract,,,Associate,CONTRACT
Controller,,200000.0,,Full-time,,,Director,FULL_TIME
Geographic Information Systems Intern,,17.0,,Internship,,,,INTERNSHIP
"Staff Nurse II, Mom/Baby",,75.78,,Part-time,,,Mid-Senior level,PART_TIME
"Director of Patient Care Services, Hospice",,76.57,,Full-time,1.0,,Director,FULL_TIME
Sales Development Representative - Fort Worth,,21.0,,Full-time,1.0,,,FULL_TIME
Talent Attraction Specialist ,,50000.0,,Full-time,6.0,,Entry level,FULL_TIME
Service Center Associate,,21.0,,Contract,,,Entry level,CONTRACT
Licensed Social Worker,,98322.0,,Full-time,,,,FULL_TIME
Cardiology Business Development Representative,,135000.0,,Full-time,3.0,,Entry level,FULL_TIME
Test Engineer,,62.0,,Contract,24.0,,Mid-Senior level,CONTRACT
.NET Developer,,70.0,,Contract,174.0,,Mid-Senior level,CONTRACT
Remote Technical Writer,,24.0,,Contract,26.0,1.0,Entry level,CONTRACT
Digital Marketing Intern,,16.0,,Internship,1.0,,,INTERNSHIP
Corporate Programs Project Analyst,,27.0,,Contract,,,Associate,CONTRACT
Sales Executive,,50000.0,,Full-time,1.0,1.0,Associate,FULL_TIME
Package Handler - Part Time (Warehouse like),,18.05,,Part-time,1.0,,,PART_TIME
Dependency Case Manager,,25.0,,Full-time,,,,FULL_TIME
Behavioral Healthcare Provider Supervisor 1 - 20071607,,32.51,,Full-time,,,Entry level,FULL_TIME
Recruiter,,28.0,,Contract,2.0,,Associate,CONTRACT
PLM Analyst,,120000.0,,Full-time,21.0,1.0,Mid-Senior level,FULL_TIME
Global Account Advisor,,28.0,,Contract,2.0,,Associate,CONTRACT
Manager R&D Quality Risk Management III,,63.0,,Full-time,3.0,,Mid-Senior level,FULL_TIME
Maintenance Shop Supervisor,,75000.0,,Full-time,1.0,,Associate,FULL_TIME
Business             Analyst,,225000.0,,Full-time,32.0,,,FULL_TIME
Sales Development Rep-Madison,,21.0,,Full-time,,,,FULL_TIME
Global Celebrities Intern,,20.0,,Full-time,11.0,,Internship,FULL_TIME
Investigator,,25.45,,Full-time,,,Mid-Senior level,FULL_TIME
Forklift Operator (Day Shift/Windsor St.) - $21.47/hour,,21.47,,Full-time,,,Entry level,FULL_TIME
Citizens Banker,,20.0,,Part-time,,,,PART_TIME
General Labor/Entry-Level Roles - Day Shift,,16.75,,Part-time,,,Entry level,PART_TIME
Package Handler - Part Time (Warehouse like),,17.0,,Part-time,,,,PART_TIME
Nurse Practitioner,,100.0,,Part-time,,,,PART_TIME
Citizens Teller- Part- Time,,17.0,,Part-time,,,,PART_TIME
Production Associate- 3RD SHIFT,,18.25,,Full-time,,,,FULL_TIME
Bobst Operator - Night Shift,,35.0,,Full-time,,,Entry level,FULL_TIME
Sales Application Engineer,,85000.0,,Full-time,3.0,,,FULL_TIME
Production Associate- 3RD SHIFT,,18.25,,Full-time,,,,FULL_TIME
Health Mentor,,17.82,,Full-time,4.0,,,FULL_TIME
Sales Executive,,70000.0,,Full-time,4.0,,Mid-Senior level,FULL_TIME
Linux/Unix Support Engineer,,150000.0,,Full-time,26.0,,Mid-Senior level,FULL_TIME
Administrative Assistant / Receptionist,,26.0,,Contract,4.0,,Associate,CONTRACT
Global Accounts Advisor,,28.0,,Contract,2.0,,Associate,CONTRACT
Promotion Team Member,,18.0,,Part-time,5.0,,Entry level,PART_TIME
Family Support Worker in Every Child Succeeds,,22.22,,Full-time,,,,FULL_TIME
Data Entry Specialist,,20.0,,Full-time,6.0,,Entry level,FULL_TIME
Outside Sales Account Manager,,140000.0,,Full-time,8.0,,Mid-Senior level,FULL_TIME
Nurse Practitioner,,100.0,,Contract,1.0,,Associate,CONTRACT
Nurse Practitioner,,100.0,,Contract,,,Associate,CONTRACT
"Growth Marketing Manager Consultant - Hybrid, CA",,65.0,,Full-time,,,,FULL_TIME
Radiologic Technologist (X-Ray),,30.0,,Full-time,,,Mid-Senior level,FULL_TIME
Licensed Practical Nurse (LPN),,24.0,,Full-time,,,Entry level,FULL_TIME
Licensed Practical Nurse (LPN),,25.0,,Full-time,,,Entry level,FULL_TIME
Accounts Payable Specialist,,20.0,,Full-time,,,Entry level,FULL_TIME
Diesel Mechanic-Elizabeth City NC Sign-On Bonus,,35.0,,Part-time,,,Associate,PART_TIME
Water Resource Engineer  ,,63.83,,Contract,2.0,,Associate,CONTRACT
PT Dockworker- East LA,,19.45,,Part-time,,,,PART_TIME
Supervising Radiologic Technologist (X-Ray),,25.0,,Full-time,,,Mid-Senior level,FULL_TIME
Security- Frisco Hiring Event,,16.0,,Full-time,,,Entry level,FULL_TIME
Care Attendant - Premium Pay Weekend Days - Crystal Brook,,25.0,,Part-time,,,Entry level,PART_TIME
Armed Special Police Officer,,30.0,,Full-time,,,Entry level,FULL_TIME
Customer Service Representative,,15.0,,Full-time,,,Entry level,FULL_TIME
Sr. Technical Program Manager,,90.0,,Contract,6.0,,Mid-Senior level,CONTRACT
Hardware Design Engineer,,80.0,,Contract,2.0,1.0,Mid-Senior level,CONTRACT
Registered Nurse (RN),,38.2,,Part-time,,,Entry level,PART_TIME
Senior Accountant,,109000.0,,Full-time,,,Mid-Senior level,FULL_TIME
Recruiting Intern,,15.0,,Internship,3.0,,Internship,INTERNSHIP
Certified Nursing Assistant (CNA),,25.2,,Part-time,1.0,,Entry level,PART_TIME
Activities Assistant,,15.0,,Full-time,,,Entry level,FULL_TIME
Licensed Practical Nurse,,31.85,,Full-time,,,Entry level,FULL_TIME
Community Manager - 2560,,28.0,,Full-time,,,Mid-Senior level,FULL_TIME
Production Associate,,23.85,,Full-time,,,Entry level,FULL_TIME
Influencer Marketing Manager,,75000.0,,Full-time,,,Associate,FULL_TIME
Seasonal Auto Glass Repair Specialist,,18.0,,Full-time,,,Entry level,FULL_TIME
Seasonal Auto Glass Repair Specialist,,16.5,,Full-time,,,Entry level,FULL_TIME
Warehouse Worker-Parcel Manifest Specialist,,18.0,,Full-time,,,,FULL_TIME
Factory Production (2nd Shift),,20.42,,Full-time,,,Mid-Senior level,FULL_TIME
Sales Development Representative,,60000.0,,Full-time,11.0,1.0,Associate,FULL_TIME
General Manager,,120000.0,,Full-time,,,Executive,FULL_TIME
Forklift Operator II,,20.5,,Full-time,5.0,,,FULL_TIME
Inventory Control Clerk I with Forklift,,20.03,,Full-time,1.0,,,FULL_TIME
EH Specialist 4 - Chatham,,58547.0,,Full-time,1.0,,Mid-Senior level,FULL_TIME
EH Specialist 5-Chatham,,66158.17,,Full-time,2.0,,Mid-Senior level,FULL_TIME
Bus Student Operator-1,,23.77,,Full-time,,,Internship,FULL_TIME
Server Assistant/Food Runner at Ponto Lago (AM) ,,16.0,,Full-time,,,Entry level,FULL_TIME
Morning Warehouse Delivery Driver | Part-time,,19.35,,Part-time,1.0,,Entry level,PART_TIME
People Operations Manager (Hybrid),,110400.0,,Full-time,14.0,,Mid-Senior level,FULL_TIME
"Nurse Consultant, Graduate Nursing",,15.0,,Full-time,3.0,1.0,Mid-Senior level,FULL_TIME
"C#, .NET Core / Rabbit MQ",,75.0,,Full-time,1.0,1.0,,FULL_TIME
PH Registered Nurse Supervisor-Glynn Care,,74758.0,,Full-time,,,Mid-Senior level,FULL_TIME
Day Habilitation Coordinator/QIDP - Case Manager,,21.98,,Full-time,,,Entry level,FULL_TIME
Technical Support Manager,,80000.0,,Contract,,,Mid-Senior level,CONTRACT
"Maintenance Worker, HASA Scattered Site Housing Program (SSHP)",,35000.0,,Full-time,3.0,,Entry level,FULL_TIME
JANITOR,,17.3,,Full-time,,,Entry level,FULL_TIME
Epidemiologist (Scientist I or II),,60000.0,,Part-time,1.0,,Mid-Senior level,PART_TIME
"Kohler Energy - Seasonal Manufacturing 2024 - Kohler, WI",,21.25,,Full-time,,,Mid-Senior level,FULL_TIME
PT-CLERICAL ASSISTANT 12M_WESLEY MATTHEWS ELEM(1311100),,15.0,,Full-time,1.0,,Entry level,FULL_TIME
PT-PARA I-PRE K_HOWARD DRIVE ELEMENT(1254100),,15.63,,Full-time,,,Entry level,FULL_TIME
Data Entry Specialist,,20.0,,Full-time,7.0,,Entry level,FULL_TIME
"Maintainer, Operations & Maintenance, Prospect Park Zoo",,50774.0,,Full-time,,,Entry level,FULL_TIME
"Zoological Park Attendant, Prospect Park Zoo",,35252.0,,Full-time,,,Entry level,FULL_TIME
Program Manager I,,56030.0,,Full-time,,,Mid-Senior level,FULL_TIME
Associate University Registrar,,64518.0,,Full-time,2.0,,Mid-Senior level,FULL_TIME
LEAD WORKER 6:00 am,,18.01,,Full-time,,,Mid-Senior level,FULL_TIME
Property Accountant,,85000.0,,Full-time,2.0,,Entry level,FULL_TIME
Spa Operations Manager,,78000.0,,Full-time,5.0,,Mid-Senior level,FULL_TIME
Peer Support Navigator,,43680.0,,Part-time,,,Entry level,PART_TIME
Epidemiologist (Researcher II or III),,58000.0,,Part-time,,,Mid-Senior level,PART_TIME
"Associate Director, Student Accessibility Services",,56030.0,,Full-time,2.0,,Director,FULL_TIME
"Certified Home Health Aide CHHA Egremont (Overnights: M,W,F)",,20.0,,Full-time,,,Entry level,FULL_TIME
Personal Care Aide PCA Durant $1000 Sign on Bonus,,11.5,,Part-time,,,Entry level,PART_TIME
Caregiver Kiowa County - $1000 Sign on Bonus,,11.5,,Part-time,,,Entry level,PART_TIME
Registered Nurse- Full Time- Variable Shifts,,48.57,,Full-time,,,Mid-Senior level,FULL_TIME
Package Handler - Part Time (Warehouse like),,19.25,,Part-time,,,,PART_TIME
Principal Systems Engineer - 90376826 - Washington,,165173.0,,Full-time,,,Mid-Senior level,FULL_TIME
Assistant Teacher,,35.0,,Contract,,1.0,,CONTRACT
Package Handler - Part Time (Warehouse like),,16.2,,Part-time,,,,PART_TIME
Forklift Driver - 2nd Shift,,17.95,,Full-time,,,Associate,FULL_TIME
Project Portfolio Manager,,56.0,,Full-time,,,,FULL_TIME
Injection Operator (3rd Shift ) - New Pay Structure! $26.22/hr.,,26.22,,Full-time,,,Entry level,FULL_TIME
Community Resource Network Specialist,,43775.0,,Full-time,,,Entry level,FULL_TIME
Clinical Research Coordinator - Cardiology,,64.0,,Full-time,,,Entry level,FULL_TIME
Administrative Clerk,,54124.32,,Full-time,,,Entry level,FULL_TIME
"Senior/Principal Scientist, Translational Medicine Mass Spectrometry",,60.0,,Full-time,,,,FULL_TIME
Industrial Relations HRBP (Americas),,53.0,,Full-time,,,,FULL_TIME
Package Handler - Part Time (Warehouse like),,17.55,,Part-time,,,,PART_TIME
"Substation Trainee - 90375766 - Chester/Philadelphia, PA",,40.99,,Full-time,,,Entry level,FULL_TIME
Warehouse Associate,,20.0,,Full-time,,,Entry level,FULL_TIME
Package Handler (Warehouse like),,18.75,,Full-time,,,,FULL_TIME
Staff Software Engineer,,150000.0,,Full-time,,1.0,,FULL_TIME
Quality Control Laboratory Technician,,49920.0,,Full-time,5.0,,Associate,FULL_TIME
Warehouse Associate,,20.0,,Full-time,1.0,,Entry level,FULL_TIME
Engineer/Mechanic,,46.37,,Full-time,,,Entry level,FULL_TIME
Supplier Quality Engineer II,,100000.0,,Full-time,1.0,,Mid-Senior level,FULL_TIME
Forklift Driver - 3rd Shift,,18.95,,Full-time,,,Associate,FULL_TIME
Income Tax Preparer,,55.0,,Contract,,,Entry level,CONTRACT
GDPR Senior Data Protection Consultant,,55.0,,Contract,,,Mid-Senior level,CONTRACT
Data Center Technician,,25.04,,Contract,,,Entry level,CONTRACT
Engineering Faculty,,90000.0,,Full-time,1.0,,Mid-Senior level,FULL_TIME
Quality Control Associate,,33.0,,Full-time,,,Associate,FULL_TIME
Direct Support Professional,,17.5,,Part-time,,,Entry level,PART_TIME
Assurance Intern - Summer 2025,,30.3,,Full-time,,,,FULL_TIME
Package Handler (Warehouse like),,16.65,,Full-time,,,,FULL_TIME
Certified Nursing Assistant (CNA),,24.37,,Full-time,,,Entry level,FULL_TIME
Certified Nursing Assistant (CNA),,24.37,,Full-time,,,Entry level,FULL_TIME
Certified Nursing Assistant (CNA),,24.37,,Part-time,,,Entry level,PART_TIME
Technical Project / Program Manager - Contract,,80.0,,Full-time,3.0,,Mid-Senior level,FULL_TIME
Quality Technician V,,24.85,,Full-time,,,Entry level,FULL_TIME
Certified Nursing Assistant (CNA),,24.37,,Part-time,,,Entry level,PART_TIME
Casino Housekeeping (Porter),,14.0,,Part-time,,,,PART_TIME
Physical Therapy (PT) Aide - Licensed PTA,,35.0,,Part-time,,,Entry level,PART_TIME
Industrial Engineer,,48.0,,Contract,,,Associate,CONTRACT
Financial Analyst Seasonal Internship,,16.0,,Internship,5.0,,,INTERNSHIP
Life Skills Coach,,16.78,,Part-time,,,Mid-Senior level,PART_TIME
Direct Support Professional,,17.0,,Part-time,,,Entry level,PART_TIME
Director of Sales - Central Arkansas Athletics,,50000.0,,Full-time,3.0,,,FULL_TIME
Housekeeping Assistant,,17.0,,Full-time,,,Entry level,FULL_TIME
DSP- NOC Shifts,,17.5,,Part-time,,,Entry level,PART_TIME
Technician A,,43.0,,Full-time,,,Entry level,FULL_TIME
Sr React Frontend Lead Developer -onsite Job only w2/1099,,60.0,,Contract,5.0,,,CONTRACT
Class A Delivery Truck Driver,,32.15,,Full-time,,,Entry level,FULL_TIME
Warehouse Freezer/ Cooler- 3rd Shift,,19.0,,Full-time,,,Entry level,FULL_TIME
Warehouse Associate Days,,15.0,,Full-time,,,Entry level,FULL_TIME
Physical Therapist (PT),,60.0,,Full-time,,,Entry level,FULL_TIME
Laundry Assistant,,18.29,,Full-time,,,Entry level,FULL_TIME
Talent Acquisition Manager,,130000.0,,Full-time,3.0,,Mid-Senior level,FULL_TIME
Truck Driver - Class A,,80000.0,,Full-time,,,Entry level,FULL_TIME
Truck Driver - Class A,,65000.0,,Full-time,,,Entry level,FULL_TIME
Senior Instructional Designer,,72000.0,,Full-time,,,Mid-Senior level,FULL_TIME
Sous Chef,,48380.8,,Full-time,,,Mid-Senior level,FULL_TIME
Ride Operator,,17.0,,Full-time,,,Entry level,FULL_TIME
Licensed Physical Therapist Assistant,,40.0,,Full-time,,,Entry level,FULL_TIME
Speech Language Pathologist (SLP),,50.0,,Part-time,,,Entry level,PART_TIME
Certified Occupational Therapist Assistant (COTA),,40.0,,Full-time,,,Entry level,FULL_TIME
LPN Licensed Practical Nurse,,41.0,,Full-time,,,Entry level,FULL_TIME
CDL Class A Delivery Truck Driver,,80000.0,,Full-time,,,Entry level,FULL_TIME
Table Games Administrative Assistant,,17.0,,Part-time,,,,PART_TIME
Warehouse Associate - Picker/Packer (2nd Shift),,18.0,,Full-time,,,Entry level,FULL_TIME
Merchandiser - Full Time,,20.5,,Full-time,,,Entry level,FULL_TIME
Merchandiser - Full Time,,20.5,,Full-time,1.0,,Entry level,FULL_TIME
Warehouse Associate - Tote Stacker (Nights),,15.5,,Full-time,1.0,,Entry level,FULL_TIME
Warehouse Associate - Nights,,18.5,,Full-time,,,Entry level,FULL_TIME
Class A CDL Delivery Truck Driver Trainee,,23.51,,Full-time,,,Internship,FULL_TIME
Help Desk Specialist,,35.0,,Full-time,1.0,,,FULL_TIME
Mig Welder,,20.0,,Full-time,,,Associate,FULL_TIME
Order Selector Picker,,25.0,,Full-time,,,Entry level,FULL_TIME
Driver Helper - Days,,16.0,,Full-time,,,Entry level,FULL_TIME
Warehouse Associate - Picker/Packer (3rd Shift),,18.0,,Full-time,,,Entry level,FULL_TIME
Social Services Director,,80000.0,,Full-time,,,Director,FULL_TIME
Account                    Executive,,225000.0,,Full-time,2.0,,,FULL_TIME
Local Class B CDL Hazmat Delivery Truck Driver,,24.25,,Full-time,,,Entry level,FULL_TIME
PEER NAVIGATOR - TRUST **20hrs/week**,,27.27,,Part-time,,,Entry level,PART_TIME
Change Management - Learning & Development Consultant,,100.0,,Contract,,,Associate,CONTRACT
Writer,,20.0,,Part-time,88.0,1.0,,PART_TIME
Order Picker,,19.0,,Full-time,2.0,,Associate,FULL_TIME
"Wind Turbine Technician II - Corpus Christi, TX",,3300.0,,Full-time,,,,FULL_TIME
Associate Technical Writer,,30.0,,Full-time,13.0,,Associate,FULL_TIME
Telephone Agent I,,21.0,,Contract,,,,CONTRACT
Outside Sales Representative,,55000.0,,Full-time,1.0,,Entry level,FULL_TIME
Assembly Line Supervisor ,,25.0,,Full-time,,,Mid-Senior level,FULL_TIME
Retail Salesperson,,28.0,,Contract,,,Associate,CONTRACT
Janitor,,14.0,,Full-time,,,Entry level,FULL_TIME
Social Media Coordinator,,20.0,,Contract,283.0,1.0,,CONTRACT
Casual Sales Ambassador - UTC Sarasota,,13.51,,Full-time,,,Entry level,FULL_TIME
Product Marketing Manager,,90.0,,Contract,3.0,,Entry level,CONTRACT
Recovery Clerk Full Time,,16.0,,Full-time,,,,FULL_TIME
Assistant Club Manager,,69500.0,,Full-time,,,,FULL_TIME
Outside Sales Representative,,50000.0,,Full-time,,,Associate,FULL_TIME
Overnight - $22.35/hr Now Hiring Entry Level Production,,22.35,,Full-time,,,,FULL_TIME
Social Media & Marketing Manager,,65000.0,,Full-time,1.0,,,FULL_TIME
Warehouse Worker - Package Handler,,21.0,,Part-time,,,Entry level,PART_TIME
Financial Planning Analyst,,38.0,,Full-time,2.0,,,FULL_TIME
Draw Out/Utility Worker,,21.12,,Full-time,,,Entry level,FULL_TIME
Warehouse Worker - Package Handler,,21.0,,Part-time,2.0,,Entry level,PART_TIME
"Sales Consultant II - Paramount Off Premise (Red Oak/Ennis, TX)",,44000.0,,Full-time,,,Mid-Senior level,FULL_TIME
Verizon Sales Consultant,,71000.0,,Full-time,,,,FULL_TIME
Casual Sales Ambassador - Woodland Hills Mall,,13.0,,Full-time,,,Entry level,FULL_TIME
Casual Sales Ambassador - Ridgedale Center,,15.11,,Full-time,,,Entry level,FULL_TIME
Senior Business Systems Analyst,,64.0,,Contract,5.0,,Mid-Senior level,CONTRACT
Fleet Assistant,,24.29,,Full-time,1.0,,Associate,FULL_TIME
Retail Stock Lead (Key Holder),,15.3,,Part-time,,,Mid-Senior level,PART_TIME
RTV Clerk Full Time,,16.25,,Full-time,,,,FULL_TIME
Bakery Clerk Part Time,,16.25,,Part-time,,,,PART_TIME
Production Lead,,17.0,,Full-time,,,Entry level,FULL_TIME
Outpatient Primary Care Physician (Family or Internal Medicine),,250000.0,,Full-time,,,Mid-Senior level,FULL_TIME
Investment Analyst Summer Internship - LMF,,25.0,,Internship,53.0,,Internship,INTERNSHIP
Marketing  Role - Internal,,175000.0,,Full-time,,,Entry level,FULL_TIME
Endodontist,,200.0,,Part-time,,,,PART_TIME
Help Desk Technician,,25.0,,Contract,,,Associate,CONTRACT
CNC Machinists,,40.97,,Contract,,,Associate,CONTRACT
Desktop Support Technician,,30.0,,Contract,5.0,,Associate,CONTRACT
Deli Clerk Part Time,,16.75,,Part-time,,,,PART_TIME
Produce Clerk Part Time,,14.25,,Part-time,,,,PART_TIME
Bakery Clerk Part Time,,15.25,,Part-time,,,,PART_TIME
Part Time Floor Leader - Woodfield Mall,,17.22,,Part-time,,,Mid-Senior level,PART_TIME
Machine / Laser Operator (Sheet Metal) - 2nd Shift,,20.0,,Full-time,,,Entry level,FULL_TIME
Nursing Supervisor,,70386.2,,Full-time,,,,FULL_TIME
"Licensed Vocational Nurse, LVN - Med/Surg - Per Diem (11am - 5pm)",,35.0,,Other,,,Entry level,OTHER
Long Term Studentship- Mechanistic Biology,,23.0,,Part-time,7.0,,Entry level,PART_TIME
Inside Sales - Account Advisor,,43000.0,,Full-time,,,Mid-Senior level,FULL_TIME
Entry Level Cloud System Engineer - 2nd Shift,,27000.0,,Full-time,6.0,,Entry level,FULL_TIME
Termite Technician,,18.0,,Full-time,,,Entry level,FULL_TIME
Help Desk Analyst ( Night Shift ) ,,20.0,,Contract,254.0,1.0,Associate,CONTRACT
Temporary Part Time Floor Leader- Fashion Show Mall,,14.39,,Part-time,,,Entry level,PART_TIME
Packaging Operator,,24.72,,Full-time,,,Associate,FULL_TIME
On-Site Service Representative (Part Time),,24.0,,Full-time,,,Entry level,FULL_TIME
Senior Maintenance Technician – Park Place Mall,,29.0,,Full-time,1.0,,Associate,FULL_TIME
Full Time Merchandiser,,22.05,,Full-time,,,Entry level,FULL_TIME
Integration Engineer,,62.0,,Contract,1.0,,Mid-Senior level,CONTRACT
System Engineer - ON SITE,,27000.0,,Full-time,2.0,,Entry level,FULL_TIME
Retail Stock Associate,,15.0,,Part-time,,,Entry level,PART_TIME
Senior Graphic Designer,,80000.0,,Full-time,,,,FULL_TIME
Full-Time Sales Supervisor - Softlines,,17.25,,Full-time,,,,FULL_TIME
Part-Time Beauty Advisor - Sephora,,13.7,,Part-time,,,,PART_TIME
Special Education Teacher For Summer Day Camp Director (starting fall 2024),,15000.0,,Part-time,,,,PART_TIME
Transportation Specialist - Part Time,,16.0,,Part-time,,,Mid-Senior level,PART_TIME
Yard Spotter / CDL A Driver,,20.0,,Full-time,,,Entry level,FULL_TIME
Yard Spotter / CDL A Driver,,20.0,,Full-time,,,Entry level,FULL_TIME
Director of Technical Telecom Sales/Wireline Technical Sales,,60.0,,Contract,5.0,1.0,Mid-Senior level,CONTRACT
Track Laborer,,20.0,,Full-time,,,Entry level,FULL_TIME
Branch Sales Associate (Part Time),,18.0,,Full-time,,,Entry level,FULL_TIME
Product Flow Supervisor 2nd Shift Monday-Friday,,75000.0,,Full-time,,,Mid-Senior level,FULL_TIME
Asylum: Evidence Gathering Attorney,,200.0,,Contract,12.0,1.0,Mid-Senior level,CONTRACT
Valet Driver - Jewish Hospital,,15.0,,Full-time,,,Entry level,FULL_TIME
Yard Spotter / CDL A Driver,,22.0,,Full-time,3.0,,Entry level,FULL_TIME
Veterinarian Technician,,25.0,,Full-time,,,,FULL_TIME
"Barista, part-time",,20.0,,Part-time,1.0,,Entry level,PART_TIME
Associate Sales Engineer,,75000.0,,Full-time,3.0,,,FULL_TIME
Senior Compensation Analyst,,57.33,,Full-time,2.0,,,FULL_TIME
Recovery Resource Navigator (Part time),,24.0,,Part-time,,,,PART_TIME
Otorhinolaryngologist,,488668.0,,Full-time,,,,FULL_TIME
Controller,,80.0,,Contract,,,Director,CONTRACT
Sr Security Engineer,,150000.0,,Full-time,6.0,,Mid-Senior level,FULL_TIME
Social Media Manager,,35.0,,Contract,9.0,,,CONTRACT
Financial Specialist,,18.0,,Contract,,,Entry level,CONTRACT
Sales and Operations Management Trainee,,25.0,,Full-time,,,,FULL_TIME
Millwright Journeyman,,34.48,,Full-time,,,Entry level,FULL_TIME
Otorhinolaryngologist,,488668.0,,Full-time,,,,FULL_TIME
UX/UI Designer,,0.0,,Volunteer,60.0,1.0,,VOLUNTEER
Outside Sales Account Manager,,80000.0,,Full-time,,,Entry level,FULL_TIME
Truck Driver - Local Class A - $32.50 per Hour - Penske Logistics,,32.5,,Full-time,,,,FULL_TIME
Part-time Administrative Consultant,,30.0,,Part-time,5.0,1.0,,PART_TIME
Production Team Member,,18.0,,Full-time,,,Mid-Senior level,FULL_TIME
Sales and Operations Management Trainee,,25.0,,Full-time,,,,FULL_TIME
Sales and Operations Management Trainee,,30.5,,Full-time,1.0,,,FULL_TIME
Substitute - Program Aide - BASE,,15.62,,Part-time,,,Entry level,PART_TIME
Line Attendant,,17.25,,Full-time,,,Entry level,FULL_TIME
Marketing Manager (140909),,100000.0,,Full-time,2.0,,Mid-Senior level,FULL_TIME
Junior Software Engineer,,30.0,,Contract,103.0,,Associate,CONTRACT
Shipping and Receiving Clerk - Floating Schedule,,21.0,,Full-time,,,,FULL_TIME
Anesthesiologist,,500000.0,,Full-time,,,Mid-Senior level,FULL_TIME
Merchandiser,,16.0,,Full-time,,,Entry level,FULL_TIME
Collections and Accounts Receivable Coordinator (140896),,65000.0,,Full-time,,,Entry level,FULL_TIME
CNC Maintenance Mechanic,,2000.0,,Full-time,,,Mid-Senior level,FULL_TIME
CNC Maintenance Technician - 1st Shift,,25.03,,Full-time,,,Entry level,FULL_TIME
Credentialing Specialist,,22.0,,Contract,19.0,1.0,Entry level,CONTRACT
Diesel Technician/Mechanic III - Entry Level,,26.25,,Part-time,,,,PART_TIME
Women's Health Therapist,,95000.0,,Full-time,,1.0,,FULL_TIME
Desk Assembly (1st Shift),,17.0,,Full-time,,,,FULL_TIME
Truck Driver - CDL Class A Hazmat - Penske Logistics,,100000.0,,Full-time,2.0,,,FULL_TIME
Truck Driver - CDL Class A - Penske Logistics,,71300.0,,Full-time,,,,FULL_TIME
"Temporary Tutor, Computer Science",,15.78,,Part-time,1.0,,Entry level,PART_TIME
Spanish Speaking Bilingual Entry Level Insurance Sales (2989),,4800.0,,Full-time,,,Associate,FULL_TIME
Maintenance Mechanics - 3rd Shift,,28.5,,Full-time,,,Entry level,FULL_TIME
Maintenance Mechanics - 3rd Shift,,28.5,,Full-time,,,Entry level,FULL_TIME
Utility Clerk,,25.02,,Full-time,,,Entry level,FULL_TIME
Machinist - 3rd Shift,,22.0,,Full-time,,,Entry level,FULL_TIME
Mechanical Assembler,,18.0,,Full-time,,,Entry level,FULL_TIME
Quality Technician I,,19.53,,Full-time,,,Entry level,FULL_TIME
Household Hazardous Waste Technician,,24.0,,Full-time,,,,FULL_TIME
HR Generalist,,90.0,,Full-time,,,Mid-Senior level,FULL_TIME
Influencer Manager,,70000.0,,Full-time,92.0,,,FULL_TIME
Summer Internship (Department of Procurement),,18.0,,Part-time,,,Internship,PART_TIME
Car Wash Site Manager - Shop#637 - 184 E. Main St.,,55000.0,,Full-time,,,Mid-Senior level,FULL_TIME
Executive Assistant,,20.0,,Full-time,1.0,,Mid-Senior level,FULL_TIME
APP Nurse Anesthetist/UKHC,,75.03,,Full-time,,,Mid-Senior level,FULL_TIME
"Outside Sales Representative (Pump & Power) - Nashville, TN",,36.0,,Full-time,,,,FULL_TIME
Small Animal Float Veterinary Nurse,,18.0,,Part-time,,,Entry level,PART_TIME
Computer Vision/ Machine Learning Engineer ,,70.0,,Contract,,1.0,Mid-Senior level,CONTRACT
Associate Director of Finance,,165000.0,,Full-time,2.0,,Mid-Senior level,FULL_TIME
Substance Use Specialist,,62500.0,,Full-time,,,Mid-Senior level,FULL_TIME
Credentialing Specialist - Hybrid Onsite,,19.0,,Contract,,,Associate,CONTRACT
Mental Health Therapist,,51519.0,,Full-time,,,Entry level,FULL_TIME
FT RESIDENT MAINT SERV MECH1_MAINTENANCE SVC 1(1925100),,44542.0,,Full-time,,,,FULL_TIME
"Personal Care Aide Buffalo $1,000 Sign on Bonus",,11.5,,Part-time,,,Entry level,PART_TIME
Associate Account Manager,,45000.0,,Full-time,,,Associate,FULL_TIME
Senior Site Supervisor,,50200.0,,Full-time,,,Director,FULL_TIME
"Maintenance Mechanic - 1A, 3/4",,30.23,,Full-time,,,Entry level,FULL_TIME
Certified Home Health Aide CHHA Bergen County,,18.0,,Part-time,,,Entry level,PART_TIME
Material Handler,,40000.0,,Contract,,,Entry level,CONTRACT
LNA/MNA 11p-7a Part Time,,25.0,,Part-time,,,Entry level,PART_TIME
Senior Site Supervisor,,50200.0,,Full-time,,,Director,FULL_TIME
Systems Engineer IV,,50.0,,Contract,16.0,,Mid-Senior level,CONTRACT
Production Operator/Selector - Temporary Summer Help,,24.44,,Full-time,,,Entry level,FULL_TIME
Quality Auditor,,31.82,,Full-time,1.0,,Mid-Senior level,FULL_TIME
Bilingual Research Assistant – Mandarin Chinese Fluency,,50000.0,,Full-time,6.0,,Entry level,FULL_TIME
Accounts Receivable Analyst | REMOTE,,25.0,,Contract,72.0,1.0,Associate,CONTRACT
"Operations Analysis Trainee, Distribution and Networks – Summer/Fall 2024",,27.0,,Full-time,3.0,,Internship,FULL_TIME
Office/Intake Coordinator - Solid Organ Transplant,,24.3,,Full-time,,,Entry level,FULL_TIME
Nursing Station Technician - NICU,,22.5,,Part-time,1.0,,Entry level,PART_TIME
Governance and Controls Analyst Project Manager,,65.15,,Contract,11.0,,Mid-Senior level,CONTRACT
Senior Inside Sales Representative,,70000.0,,Full-time,4.0,,,FULL_TIME
Human Resources Administrator,,40000.0,,Full-time,1.0,,,FULL_TIME
Instore Team Member,,10.0,,Full-time,,,Entry level,FULL_TIME
Test Technician,,30.0,,Full-time,,,,FULL_TIME
CDL A Bulk Hazmat Driver,,100000.0,,Full-time,,,Entry level,FULL_TIME
Financial Services | Service Desk Analyst Level 2,,20.0,,Full-time,1.0,,Associate,FULL_TIME
AK Workers Compensation Claims Adjuster - Remote,,25.0,,Temporary,,1.0,Entry level,TEMPORARY
Shipping and Receiving Clerk,,18.0,,Full-time,,,Associate,FULL_TIME
Operations Manager,,41600.0,,Full-time,1.0,,Mid-Senior level,FULL_TIME
Deputy Director,,49910.4,,Full-time,,,,FULL_TIME
Store Associate,,15.0,,Part-time,,,Entry level,PART_TIME
Substation Physical Engineer,,150000.0,,Full-time,1.0,,Mid-Senior level,FULL_TIME
System Engineer,,73.68,,Contract,6.0,,Mid-Senior level,CONTRACT
PNC Engineer,,150000.0,,Full-time,,,Mid-Senior level,FULL_TIME
Bilingual Legal Advocate,,21.63,,Full-time,,,,FULL_TIME
Personal Insurance CSR,,22.0,,Full-time,,,Mid-Senior level,FULL_TIME
Retail Layout Designer,,39.0,,Full-time,,,Associate,FULL_TIME
E2E Visibility Execution Contractor,,48.0,,Contract,,,Mid-Senior level,CONTRACT
Mid Market Account Executive,,85000.0,,Full-time,2.0,,Associate,FULL_TIME
"Administrative Nursing Supervisor, RN",,83.65,,Full-time,1.0,,Mid-Senior level,FULL_TIME
Nurse - RN - Emergency Medicine,,3043.0,,Contract,,,Mid-Senior level,CONTRACT
Forklift Operator - International Freight Forwarding,,18.0,,Full-time,1.0,,Associate,FULL_TIME
Workday Integration,,120000.0,,Full-time,,,,FULL_TIME
Nurse - RN - Med Surg,,2183.0,,Contract,,,Mid-Senior level,CONTRACT
Data Analyst,,43.0,,Contract,,,,CONTRACT
Financial Analyst,,49.18,,Contract,22.0,,Mid-Senior level,CONTRACT
General Laborer,,18.0,,Full-time,,,Associate,FULL_TIME
"Patient Support Unit Nurse Practitioner or Physician Assistant – WellMed Medical Group – El Paso, TX",,15000.0,,Full-time,,,,FULL_TIME
"Staff Nurse II, Med Surg",,75.78,,Part-time,,,Mid-Senior level,PART_TIME
Accounts Payable Specialist,,27.39,,Contract,151.0,1.0,Associate,CONTRACT
Echo Sonographer - Cardiac,,2174.0,,Contract,,,Entry level,CONTRACT
General Manager,,46800.0,,Full-time,,,Mid-Senior level,FULL_TIME
Shift Lead,,14.0,,Full-time,,,Associate,FULL_TIME
News Reporter,,37000.0,,Full-time,1.0,,,FULL_TIME
"Mgr, Physician Training",,64.0,,Full-time,1.0,,,FULL_TIME
Power Systems Engineer,,150000.0,,Full-time,,,Mid-Senior level,FULL_TIME
Nurse - RN - Bone Marrow,,2030.0,,Contract,,,Mid-Senior level,CONTRACT
D365 F&O Pre-Sales Architect,,150000.0,,Full-time,5.0,1.0,Mid-Senior level,FULL_TIME
Mid Market District Manager ,,85000.0,,Full-time,,,Associate,FULL_TIME
Nurse - RN - Dialysis,,2691.0,,Contract,,,Mid-Senior level,CONTRACT
Physical Therapist / PT - Rehab,,2141.0,,Contract,,,Entry level,CONTRACT
Research and Developtment Specialist,,32.93,,Full-time,5.0,,Entry level,FULL_TIME
"Staff Nurse I, Oncology",,73.15,,Part-time,,,Mid-Senior level,PART_TIME
"Staff Nurse II, Medical Surgical",,75.78,,Part-time,,,Mid-Senior level,PART_TIME
"Staff Nurse II, Medical Surgical",,75.78,,Part-time,,,Mid-Senior level,PART_TIME
Nurse - RN - LTAC,,2493.0,,Contract,,,Mid-Senior level,CONTRACT
Junior Developer,,75000.0,,Contract,14.0,1.0,Entry level,CONTRACT
Product Owner,,75.0,,Contract,54.0,1.0,,CONTRACT
Package Handler - Part Time (Warehouse like),,16.2,,Part-time,1.0,,,PART_TIME
Material Handler,,15.45,,Full-time,1.0,,Entry level,FULL_TIME
Nurse - RN - LTAC,,2442.0,,Contract,,,Mid-Senior level,CONTRACT
Nurse - RN - Emergency Medicine,,2890.0,,Contract,,,Mid-Senior level,CONTRACT
Nurse - RN - NICU,,2829.0,,Contract,,,Mid-Senior level,CONTRACT
CT Technologist - Radiology,,2619.0,,Contract,,,Mid-Senior level,CONTRACT
Diesel Mechanic | Advanced Technician | 7500 Bonus,,35.0,,Full-time,,,,FULL_TIME
Nurse - RN - PCU,,2529.0,,Contract,,,Mid-Senior level,CONTRACT
 GCP Data Engineer ,,115000.0,,Contract,56.0,1.0,Associate,CONTRACT
Database and Events Associate ,,55000.0,,Full-time,2.0,,Associate,FULL_TIME
"Sales Associate, Part-Time - Bishop Ranch",,17.0,,Part-time,,,Entry level,PART_TIME
Package Handler - Part Time (Warehouse like),,17.0,,Part-time,,,,PART_TIME
Sales Associate - Hudson Yards,,18.75,,Full-time,6.0,,Associate,FULL_TIME
Commodity Manager,,125000.0,,Full-time,,,Mid-Senior level,FULL_TIME
Desktop Support Specialist,,20.0,,Contract,4.0,,Entry level,CONTRACT
Sales Representative,,23.08,,Full-time,1.0,,,FULL_TIME
Project Controls Analyst,,38.0,,Contract,,,Associate,CONTRACT
Solutions Architect,,150000.0,,Full-time,6.0,1.0,,FULL_TIME
IT&A Summer Intern,,20.0,,Full-time,11.0,,,FULL_TIME
Citizens Banker- Portuguese Speaking Preferred,,20.0,,Part-time,1.0,,,PART_TIME
Citizens Teller - Part Time,,17.0,,Part-time,1.0,,,PART_TIME
Special Education Para - 4 hours per day,,15.1,,Part-time,1.0,,Mid-Senior level,PART_TIME
Client Success Onboarding Representative,,14.42,,Full-time,1.0,,Mid-Senior level,FULL_TIME
Package Handler - Part Time (Warehouse like),,18.05,,Part-time,,,,PART_TIME
Package Handler - Part Time (Warehouse like),,18.1,,Part-time,8.0,,,PART_TIME
Account Executive,,75000.0,,Full-time,182.0,1.0,,FULL_TIME
Administrative Assistant I,,21.62,,Contract,11.0,,Entry level,CONTRACT
Warehouse Associate - Equipment Operator (6AM),,18.5,,Full-time,,,Entry level,FULL_TIME
Order Selector,,26.7,,Full-time,,,Entry level,FULL_TIME
Recieving Supervisor - Days,,60000.0,,Full-time,1.0,,Entry level,FULL_TIME
Customer Support Representative - Bi-Lingual - French,,20.5,,Full-time,2.0,1.0,Entry level,FULL_TIME
Environmental Technician,,25.0,,Full-time,2.0,,Associate,FULL_TIME
Executive Associate,,58000.0,,Full-time,,,Mid-Senior level,FULL_TIME
Phlebotomist Per Diem,,25.0,,Full-time,,,Entry level,FULL_TIME
Citizens Teller- Part- Time,,17.0,,Part-time,,,,PART_TIME
Business Development Representative,,48000.0,,Full-time,5.0,,Entry level,FULL_TIME
Medical Screener,,16.0,,Full-time,,,Entry level,FULL_TIME
"Data Administrator, Intermediate",,55000.0,,Full-time,,,Entry level,FULL_TIME
Staff Assistant,,104551.77,,Full-time,,,Mid-Senior level,FULL_TIME
Warewash & Beverage Repair Technician,,24.0,,Full-time,,,Entry level,FULL_TIME
Class A Delivery Driver,,23.0,,Full-time,,,Entry level,FULL_TIME
Warehouse Associate- 2nd Shift,,19.0,,Full-time,,,Entry level,FULL_TIME
Warewash & Beverage Repair Technician,,24.0,,Full-time,,,Entry level,FULL_TIME
Summer Marketing Intern,,18.0,,Full-time,,,,FULL_TIME
Parking Analyst I (NCS) - Parking Authority Baltimore City,,25.66,,Full-time,,,Entry level,FULL_TIME
Warehouse Worker,,16.0,,Full-time,,,Entry level,FULL_TIME
"Data Administrator, Lead",,75000.0,,Full-time,,,Mid-Senior level,FULL_TIME
Inside Sales Associate,,2500.0,,Full-time,,,Entry level,FULL_TIME
Deli Clerk Part Time,,15.75,,Part-time,,,,PART_TIME
Deli Clerk Part Time,,15.9,,Part-time,,,,PART_TIME
Stock Clerk Overnight Full Time,,14.5,,Full-time,,,,FULL_TIME
Intern Operational Accounting,,22.0,,Full-time,3.0,1.0,Internship,FULL_TIME
DOT 16+ Bus Driver (CDL Required) - Detroit Metro Airport - Full Time,,20.5,,Full-time,,,Entry level,FULL_TIME
"Fire Sprinkler Inspector – Entry Level – Saint Rose, LA",,32.0,,Full-time,,,,FULL_TIME
Deli Clerk Part Time,,15.75,,Part-time,,,,PART_TIME
Licensed Optician Full Time,,25.0,,Full-time,,,,FULL_TIME
Network Engineer,,25000.0,,Full-time,3.0,,Mid-Senior level,FULL_TIME
Weekend Driver - DFW Area - Full Time,,12.0,,Full-time,,,Entry level,FULL_TIME
Automotive Detailer - Car Washer - Canoga Park,,19.35,,Full-time,,,Entry level,FULL_TIME
Equipment Operator - Days - $18.00 / hour,,18.0,,Full-time,,,Entry level,FULL_TIME
Bakery Clerk Part Time,,15.25,,Part-time,,,,PART_TIME
Inventory Control Specialist,,18.5,,Full-time,,,,FULL_TIME
Bakery Clerk Part Time,,15.25,,Part-time,,,,PART_TIME
Physical Therapist Assistant,,57000.0,,Full-time,,,,FULL_TIME
"Assembler #1, First Shift",,27.15,,Full-time,,,Entry level,FULL_TIME
Material Handler,,21.0,,Full-time,,,Entry level,FULL_TIME
Auto Maintenance Technician,,23.0,,Full-time,,,Entry level,FULL_TIME
Automotive Detailer - Car Washer - Downey,,19.25,,Full-time,,,Entry level,FULL_TIME
Seasonal Customer Experience Representative - Eagle County Airport,,23.37,,Other,,,Mid-Senior level,OTHER
Shuttle Bus Driver - Detroit Metro Airport - Part Time,,15.0,,Part-time,,,Entry level,PART_TIME
Seasonal Customer Experience Representative - Eagle County Airport,,23.37,,Other,,,Mid-Senior level,OTHER
Detroit Metro Airport Lot Attendant,,15.0,,Full-time,,,Entry level,FULL_TIME
Management Trainee - Janesville,,51300.0,,Full-time,,,Entry level,FULL_TIME
Inventory Control Specialist,,18.5,,Full-time,,,,FULL_TIME
Cashier Part Time,,16.0,,Part-time,,,,PART_TIME
Stock Clerk Overnight Full Time,,15.65,,Full-time,,,,FULL_TIME
Migration Specialist,,96.0,,Contract,19.0,1.0,Mid-Senior level,CONTRACT
Automotive Detailer - Car Washer - CLT Airport,,17.0,,Full-time,,,Entry level,FULL_TIME
Shuttle Bus Driver - Detroit Metro Airport - Full Time,,15.0,,Full-time,,,Entry level,FULL_TIME
Lot Driver - Hobby Airport,,13.0,,Full-time,,,Entry level,FULL_TIME
Bakery Clerk Part Time,,15.4,,Part-time,,,,PART_TIME
Meat Clerk Full Time,,16.25,,Full-time,,,,FULL_TIME
Management Trainee,,57000.0,,Full-time,,,Entry level,FULL_TIME
"Account Manager, Enterprise",,90000.0,,Full-time,1.0,1.0,Entry level,FULL_TIME
Automotive Detailer - Car Washer - Jacksonville,,15.0,,Full-time,,,Entry level,FULL_TIME
Shuttle Bus Driver - Detroit Metro Airport - Full Time,,15.0,,Full-time,,,Entry level,FULL_TIME
Automotive Detailer - Car Washer - O'Fallon,,15.0,,Full-time,,,Entry level,FULL_TIME
Management Trainee,,57000.0,,Full-time,,,Entry level,FULL_TIME
Management Trainee - La Crosse,,51300.0,,Full-time,,,Entry level,FULL_TIME
PACT Master Vocational Specialist,,61276.8,,Full-time,,,Entry level,FULL_TIME
Licensing Sales Manager,,80000.0,,Full-time,3.0,1.0,Mid-Senior level,FULL_TIME
Deviation Investigator,,95.0,,Contract,,,,CONTRACT
Management Trainee,,57000.0,,Full-time,,,Entry level,FULL_TIME
DOT 16+ Bus Driver (CDL Required) - Detroit Metro Airport - Full Time,,20.5,,Full-time,,,Entry level,FULL_TIME
Automotive Detailer - Car Washer - Grand Rapids - Full Time,,15.0,,Full-time,,,Entry level,FULL_TIME
Automotive Detailer - Car Washer - Indian Land,,15.0,,Full-time,,,Entry level,FULL_TIME
Lot Driver - Cincinnati Airport,,13.0,,Part-time,,,Entry level,PART_TIME
Supervisor - Clinic,,72612.8,,Full-time,,,Mid-Senior level,FULL_TIME
Cafe Barista / Server,,21.0,,Full-time,3.0,,,FULL_TIME
Software Sourcing Procurement Manager,,120000.0,,Full-time,,,Mid-Senior level,FULL_TIME
Human Resources Coordinator,,34.62,,Contract,5.0,,Associate,CONTRACT
Attorney/Lawyer,,110000.0,,Full-time,1.0,,Entry level,FULL_TIME
Leasing Agent,,28.0,,Temporary,,,,TEMPORARY
Specialty Registered Nurse - Surgery Center,,56.24,,Other,,,Mid-Senior level,OTHER
Public Safety Officer - Security,,21.27,,Other,,,Mid-Senior level,OTHER
Procurement Specialist,,85000.0,,Full-time,153.0,1.0,,FULL_TIME
Student Nurse - Telemetry,,18.7,,Other,,,Internship,OTHER
"Test Administrator - Johnson City, TN",,17.2,,Part-time,,,,PART_TIME
"Director, Strategy and Analytics",,180000.0,,Full-time,,1.0,Associate,FULL_TIME
Environmental Services Technician (EVS) - Housekeeping,,17.2,,Other,,,Entry level,OTHER
Salesperson,,26000.0,,Full-time,,,,FULL_TIME
Nurse Reviewer I,,30.74,,Full-time,5.0,1.0,Entry level,FULL_TIME
Corporate Application Project Manager. W2 only. Local candidates only.,,81.0,,Contract,2.0,,Mid-Senior level,CONTRACT
Account Development Manager,,75000.0,,Full-time,3.0,1.0,Associate,FULL_TIME
Transport Driver,,126000.0,,Full-time,,,,FULL_TIME
Investor Relations Manager,,52000.0,,Full-time,,,,FULL_TIME
Account Specialist,,24.0,,Contract,2.0,1.0,Entry level,CONTRACT
	Merchandiser Drop & Go,,22.59,,Full-time,,,Associate,FULL_TIME
Food Service Worker - Dietary,,16.95,,Other,,,Entry level,OTHER
Workforce Career Coach,,19.0,,Full-time,,,Mid-Senior level,FULL_TIME
Facilities Coordinator,,34.0,,Temporary,1.0,,Associate,TEMPORARY
B2B Sales Representative,,85000.0,,Full-time,,,Entry level,FULL_TIME
Account Development Manager,,75000.0,,Full-time,4.0,1.0,Associate,FULL_TIME
Environmental Programs Technical Intern,,20.0,,Full-time,,,Internship,FULL_TIME
Senior Financial Analyst,,90000.0,,Full-time,4.0,,Mid-Senior level,FULL_TIME
Utilization Review Nurse,,40.0,,Contract,14.0,,Associate,CONTRACT
Collaborating Physician,,15.0,,Part-time,,,,PART_TIME
Identity Engineer - Okta,,67.0,,Contract,,,,CONTRACT
Radiology Technician II - Radiology Diagnostic,,39.0,,Other,,,Entry level,OTHER
Technical Program Manager (Test Systems),,69.09,,Contract,4.0,,Associate,CONTRACT
Contract Administrator,,45.0,,Full-time,4.0,1.0,Associate,FULL_TIME
Account Executive (Inside Sales),,70000.0,,Full-time,2.0,,Mid-Senior level,FULL_TIME
Creative Coordinator,,25.0,,Full-time,1.0,,Associate,FULL_TIME
Territory Manager,,85000.0,,Full-time,,,Mid-Senior level,FULL_TIME
Teller Supervisor,,20.0,,Full-time,,,,FULL_TIME
Art Auction Coordinator,,5750.0,,Contract,,,,CONTRACT
Product Analyst,,82.0,,Contract,3.0,,Associate,CONTRACT
Sales Associate,,15.0,,Part-time,,,,PART_TIME
Field Technician,,17.0,,Part-time,,,,PART_TIME
Janitorial Specialist,,17.5,,Part-time,,,,PART_TIME
Area Sales Manager,,60000.0,,Full-time,,,,FULL_TIME
Sales Representative,,60000.0,,Full-time,,,,FULL_TIME
Part-time Retail position,,15.0,,Part-time,,,,PART_TIME
Security Training Manager,,80000.0,,Full-time,3.0,,Mid-Senior level,FULL_TIME
Administrative Coordinator,,40000.0,,Full-time,,,,FULL_TIME
Junior Analyst,,50000.0,,Full-time,3.0,,Entry level,FULL_TIME
Retail Associate,,19.0,,Full-time,,,Entry level,FULL_TIME
Help Desk Specialist,,18.0,,Full-time,1.0,,Associate,FULL_TIME
HIGH SCHOOL STEM PARAPROFESSIONAL,,20.5,,Full-time,,,,FULL_TIME
Quality Inspector I - Production 4pm-12am,,13.0,,Contract,,,Mid-Senior level,CONTRACT
Industrial Cook -3rd shift,,18.5,,Contract,,,Entry level,CONTRACT
Part time Janitor 1st shift,,12.0,,Contract,,,Entry level,CONTRACT
Birth Tissue Clinical Coordinator,,24.0,,Full-time,,,Associate,FULL_TIME
In-House Counsel,,150000.0,,Full-time,4.0,,Mid-Senior level,FULL_TIME
NMC_000213 - Jira Administrator (W2 only),,85.0,,Contract,,,Mid-Senior level,CONTRACT
Healthcare Eligibility Analyst II,,52000.0,,Full-time,,1.0,Mid-Senior level,FULL_TIME
Locksmith,,48.0,,Full-time,1.0,,,FULL_TIME
Packaging Machine Operator - 3rd shift,,18.5,,Contract,,,Entry level,CONTRACT
Enterprise Consulting Sales,,125000.0,,Full-time,,,Mid-Senior level,FULL_TIME
Title Clerk,,60000.0,,Full-time,,,,FULL_TIME
Compensation and Benefits Coordinator,,22.5,,Temporary,2.0,,Entry level,TEMPORARY
Studio Assistant -- Contract Work on Tuesdays,,18.29,,Contract,,,,CONTRACT
Director of Finance,,145000.0,,Full-time,,,Mid-Senior level,FULL_TIME
Senior Commodity Buyer,,110000.0,,Full-time,2.0,,Mid-Senior level,FULL_TIME
Batch Distribution Specialist 10am-7pm,,12.0,,Contract,,,Entry level,CONTRACT
Senior Welder,,32.0,,Contract,,,Entry level,CONTRACT
Compliance Specialist (Regulatory & Pharmacovigilance),,65.0,,Contract,30.0,1.0,Mid-Senior level,CONTRACT
"Senior Magento Developer, $150,000 100% Remote",,150000.0,,Full-time,9.0,1.0,Mid-Senior level,FULL_TIME
Technology Device Specialist,,22.0,,Full-time,,,,FULL_TIME
Inside Sales Representative,,21.64,,Full-time,,,Entry level,FULL_TIME
Hospital Medicine Medical Director,,315000.0,,Full-time,,,Director,FULL_TIME
Warehouse Program Manager,,35.0,,Full-time,6.0,,Mid-Senior level,FULL_TIME
Registered Nurse Resident,,33.0,,Full-time,,,,FULL_TIME
Mailroom Associate,,18.0,,Contract,,,Entry level,CONTRACT
Desktop Support Engineer,,42.0,,Contract,,,Mid-Senior level,CONTRACT
Software Engineer,,90.0,,Contract,9.0,1.0,Mid-Senior level,CONTRACT
Locksmith,,40.15,,Other,,,Entry level,OTHER
Distribution Specialist-Shipper 7:30am-4pm,,11.0,,Contract,,,Entry level,CONTRACT
Work Control Office Specialist – Facilities Management,,20.0,,Full-time,,,,FULL_TIME
Warehouse Associate,,22.0,,Full-time,,,Entry level,FULL_TIME
Senior Instructional Designer,,50.0,,Contract,9.0,,Mid-Senior level,CONTRACT
Retail Associate,,19.9,,Full-time,,,Entry level,FULL_TIME
Operations Supervisor,,85000.0,,Full-time,,,Mid-Senior level,FULL_TIME
Laboratory Technician,,25.0,,Contract,,,Entry level,CONTRACT
Associate Director- Automation Integration & System Protection,,175000.0,,Full-time,,1.0,Director,FULL_TIME
Material Handler/ Forklift Operator,,20.0,,Contract,,,Entry level,CONTRACT
3rd Shift - Utility Worker,,16.0,,Contract,,,Entry level,CONTRACT
Batch Distribution Specialist,,11.0,,Contract,,,Entry level,CONTRACT
Part time Janitor 2nd shift,,12.0,,Contract,,,Entry level,CONTRACT
Lead Systems Integrator,,121000.0,,Full-time,,1.0,Mid-Senior level,FULL_TIME
Insurance Sales Representative,,20.0,,Full-time,,,Entry level,FULL_TIME
Production Trainee,,21.41,,Full-time,,,Internship,FULL_TIME
Warehouse Specialist,,20.0,,Full-time,,,,FULL_TIME
Investigator (Part-Time),,27.0,,Full-time,,,Mid-Senior level,FULL_TIME
General Labor ~ 2nd & 3rd Shift,,21.18,,Full-time,,,Entry level,FULL_TIME
Investigator (Part-Time),,27.0,,Full-time,,,Mid-Senior level,FULL_TIME
NYSUT Confidential Assistant,,60000.0,,Full-time,1.0,,,FULL_TIME
Call Center Agent,,16.0,,Part-time,12.0,1.0,,PART_TIME
Climate Campaign Associate,,32990.0,,Full-time,,,Associate,FULL_TIME
Surveillance Investigator (Full Time) No Experience Needed,,24.0,,Full-time,,,Mid-Senior level,FULL_TIME
Weekend Coordinator,,23.0,,Full-time,,,Mid-Senior level,FULL_TIME
Mental Health Food Service Staff,,15.6,,Full-time,,,Entry level,FULL_TIME
Account Manager,,100000.0,,Full-time,10.0,1.0,Entry level,FULL_TIME
Surveillance Investigator (Part Time),,29.0,,Full-time,,,Entry level,FULL_TIME
Rad Tech (FT) - Hospital setting,,39.0,,Full-time,,,Entry level,FULL_TIME
Psychotherapist,,70000.0,,Full-time,,1.0,,FULL_TIME
Psychiatric Nurse Practitioner,,120000.0,,Full-time,,,Mid-Senior level,FULL_TIME
Universal Banker,,18.0,,Full-time,,,Mid-Senior level,FULL_TIME
Business Intelligence Developer,,60.0,,Contract,30.0,1.0,,CONTRACT
Radiologic Technologist (CT/MRI/XR available),,115000.0,,Full-time,,,Mid-Senior level,FULL_TIME
Irrigation Service Technician,,26.0,,Full-time,,,Entry level,FULL_TIME
Communications Intern,,18.0,,Full-time,1.0,,Internship,FULL_TIME
Store Sales Lead,,15.0,,Full-time,,,Entry level,FULL_TIME
Sales Lead,,15.4,,Full-time,,,Mid-Senior level,FULL_TIME
Physician Assistant,,10000.0,,Full-time,,,,FULL_TIME
Part-time Office Assistant/Newsletter Editor,,18.54,,Part-time,,,,PART_TIME
Student Success Mentor,,17.0,,Part-time,,,,PART_TIME
Renewal Specialist,,70000.0,,Full-time,,,Associate,FULL_TIME
Accounting Specialist,,28.0,,Full-time,,,Associate,FULL_TIME
Project Finance Specialist -- MUST have experience working pre & post award government proposals/RFP's ,,110000.0,,Full-time,1.0,1.0,Mid-Senior level,FULL_TIME
Lead,,21.0,,Full-time,,,,FULL_TIME
"WAREHOUSE SELECTOR II, OPEN CASE",,20.5,,Full-time,,,Entry level,FULL_TIME
DELIVERY ASSISTANT - NO CDL REQUIRED,,19.75,,Full-time,,,Entry level,FULL_TIME
Sales Consultant - Real Estate Investing Coaching,,48000.0,,Full-time,,,Entry level,FULL_TIME
"Senior Coordinator, Learning & Engagement",,60000.0,,Full-time,7.0,,,FULL_TIME
Pool/Recreational Attendants,,12.0,,Full-time,,,Entry level,FULL_TIME
Inside Sales Representative (Leland),,12.0,,Full-time,,,Entry level,FULL_TIME
Assessment Therapist,,70.0,,Full-time,,1.0,Entry level,FULL_TIME
Golf Course Maintenance/Greenskeeper,,14.0,,Full-time,,,Entry level,FULL_TIME
Maintenance Tech,,30.0,,Full-time,,,Entry level,FULL_TIME
"Oil & Gas Controller, Outsourcing",,150000.0,,Full-time,6.0,1.0,Director,FULL_TIME
Chart Retrieval Specialist,,18.0,,Contract,,,Entry level,CONTRACT
Multimedia Graphic Designer,,80.0,,Contract,10.0,1.0,,CONTRACT
Customer Service Representative,,15.0,,Full-time,,,Mid-Senior level,FULL_TIME
Human Resources Administrator,,28.0,,Full-time,,,Associate,FULL_TIME
Construction Operator 1 - Sr. Construction Operator,,21.5,,Full-time,,,,FULL_TIME
Service Technician 1 - Sr. Service Technician,,21.5,,Full-time,,,Mid-Senior level,FULL_TIME
Nurse Practitioner/Sub-Investigator (NP/AP),,140000.0,,Full-time,,,Mid-Senior level,FULL_TIME
Chart Retrieval Specialist,,20.0,,Contract,,,Entry level,CONTRACT
Administrative Assistant,,26.0,,Part-time,1.0,,,PART_TIME
Customer Service Representative,,21.0,,Contract,2.0,,Entry level,CONTRACT
Chart Retrieval Specialist,,18.0,,Contract,,,Entry level,CONTRACT
Chart Retrieval Specialist Job Template,,18.0,,Contract,,,Entry level,CONTRACT
Manager Account Management,,105000.0,,Full-time,11.0,,Mid-Senior level,FULL_TIME
Latin America Sales Executive,,70000.0,,Full-time,59.0,1.0,,FULL_TIME
Human Resources Director,,120000.0,,Full-time,20.0,,Director,FULL_TIME
Sales Development Representative,,55000.0,,Full-time,4.0,,Associate,FULL_TIME
Nurse Practitioner,,10000.0,,Full-time,,,,FULL_TIME
Rigger - SDCA,,36.82,,Full-time,5.0,,Entry level,FULL_TIME
Pipe Fitter-A Class - SDCA,,36.82,,Full-time,,,Entry level,FULL_TIME
Senior Essbase Consultant ,,100.0,,Contract,6.0,1.0,Mid-Senior level,CONTRACT
Laboratory Technician,,23.0,,Contract,3.0,,Entry level,CONTRACT
Clinical Forensic Specialist - Child Advocacy Center,,32.14,,Full-time,,,Entry level,FULL_TIME
A Class Structural Fitter - SDCA,,36.82,,Full-time,,,Entry level,FULL_TIME
A Class Fit Out Tradesman - SDCA,,36.82,,Full-time,,,Entry level,FULL_TIME
Warehouse Specialist-2nd and 3rd shift-multiple positions open,,29.34,,Full-time,,,Associate,FULL_TIME
"Gas Line Safety Inspector - Binghamton, NY",,19.0,,Full-time,,,Mid-Senior level,FULL_TIME
Maintenance Worker - DV Shelter Rose,,23.96,,Full-time,1.0,,Entry level,FULL_TIME
Administrative Assistant,,31.0,,Contract,1.0,,Associate,CONTRACT
Part-Time Cleaning Technician,,17.5,,Part-time,,,Entry level,PART_TIME
"Remote Backend Devloper (Golang, Postgres, Python)",,80.0,,Contract,15.0,1.0,Entry level,CONTRACT
Senior Essbase Developer ,,100.0,,Contract,8.0,1.0,Mid-Senior level,CONTRACT
Flagger / Laborer - Seasonal,,19.87,,Full-time,,,Entry level,FULL_TIME
BDR Intern (Digital Media),,16.0,,Part-time,29.0,,Internship,PART_TIME
Senior Designer,,16.78,,Full-time,,,Mid-Senior level,FULL_TIME
4th Shift General Warehouse Associate,,19.5,,Full-time,,,Entry level,FULL_TIME
Designer,,17.4,,Full-time,,,Entry level,FULL_TIME
"Publishing Assistant, Flatiron",,47500.0,,Full-time,3.0,,Entry level,FULL_TIME
Natural Resource & Environment Program Manager,,60000.0,,Full-time,5.0,,,FULL_TIME
Director Food and Beverage,,80000.0,,Full-time,,,Director,FULL_TIME
Transaction Manager - Contractor,,75.0,,Contract,9.0,1.0,,CONTRACT
Supply Chain Inventory Associate Contractor,,27.0,,Full-time,2.0,,Mid-Senior level,FULL_TIME
Executive Sous Chef,,70000.0,,Temporary,,,Mid-Senior level,TEMPORARY
Marketing Internal Communications Senior Specialist,,35.98,,Full-time,4.0,,Mid-Senior level,FULL_TIME
Sr Specialist - Population Health,,35.98,,Full-time,2.0,,Mid-Senior level,FULL_TIME
Analyst II - Data Science,,43.54,,Full-time,10.0,,Entry level,FULL_TIME
Regional Manager - Community Health Services Network,,47.89,,Full-time,,,Mid-Senior level,FULL_TIME
Summer Groundskeeper,,15.7,,Full-time,,,Entry level,FULL_TIME
Imaging Assistant (Student Radiologic Tech),,19.01,,Full-time,,,Internship,FULL_TIME
Selling Branch Manager,,60000.0,,Full-time,1.0,,,FULL_TIME
Industrial Sales and Rentals Representative,,40000.0,,Full-time,,,Entry level,FULL_TIME
Landman,,30.0,,Contract,2.0,,Mid-Senior level,CONTRACT
User Experience Designer II-UX Design,,46.0,,Contract,28.0,,Associate,CONTRACT
Automotive Mobile Glass Technician,,28.0,,Full-time,,,Entry level,FULL_TIME
OCU-Technical-Mechanical Engineering Technician-4x10pm,,31.5,,Full-time,,,Entry level,FULL_TIME
Patient Account Representative,,18.0,,Full-time,,,Entry level,FULL_TIME
Administrative Assistant,,16.0,,Part-time,,,,PART_TIME
Customer Service Representative,,21.0,,Full-time,8.0,,Associate,FULL_TIME
"Associate Manager, Cross-Regional Operations",,74000.0,,Full-time,5.0,,Mid-Senior level,FULL_TIME
Sales Associate,,12.0,,Temporary,,,Entry level,TEMPORARY
Senior Payroll Specialist,,80000.0,,Full-time,1.0,,Mid-Senior level,FULL_TIME
Sales and Development Manager - Syndications,,2000.0,,Full-time,,,,FULL_TIME
Registered Nurse (RN) - OR - Operating Room - $32-52 per hour - R109104,,11.0,,Full-time,,,,FULL_TIME
"Adjunct Faculty, Financial Analysis",,15.0,,Part-time,,1.0,Mid-Senior level,PART_TIME
Equipment Sales Specialist,,50000.0,,Full-time,2.0,,Entry level,FULL_TIME
Senior Chief Engineer,,97900.0,,Full-time,,,Mid-Senior level,FULL_TIME
Cook,,20.0,,Full-time,,,Entry level,FULL_TIME
Production Associate,,20.02,,Full-time,1.0,,Entry level,FULL_TIME
Cook,,17.0,,Full-time,,,Entry level,FULL_TIME
Senior Sales Account Executive - Enterprise,,750000.0,,Full-time,1.0,1.0,Mid-Senior level,FULL_TIME
Entry Level IT,,19.0,,Contract,18.0,,Entry level,CONTRACT
Production Operator,,19.0,,Full-time,1.0,,Entry level,FULL_TIME
Registered Nurse (RN) - OR - Operating Room - $32-52 per hour - R109101,,11.0,,Full-time,,,,FULL_TIME
"UERU Coordinator (Virtual Events, Communications, and Technical Support)",,40.0,,Full-time,,1.0,,FULL_TIME
Food Service Worker,,16.0,,Part-time,,,Entry level,PART_TIME
Line Cook,,20.0,,Full-time,,,Entry level,FULL_TIME
Physical Therapist - Per Diem,,47.95,,Part-time,,,Entry level,PART_TIME
Estimating Coordinator,,65000.0,,Full-time,8.0,,Entry level,FULL_TIME
Sales Intern,,20.0,,Internship,19.0,,,INTERNSHIP
Class A Shuttle Driver - Requisition ID: 2229,,45.0,,Full-time,,,Entry level,FULL_TIME
Lead Cook,,18.5,,Full-time,,,Mid-Senior level,FULL_TIME
Cook Supervisor,,17.0,,Full-time,,,Mid-Senior level,FULL_TIME
Cook,,14.0,,Full-time,,,Entry level,FULL_TIME
Food Service Worker,,16.0,,Full-time,,,Entry level,FULL_TIME
Technical Writer,,46.1,,Contract,5.0,,Mid-Senior level,CONTRACT
"Direct-to-Consumer Marketing & Distribution Strategy Internships, MBA Students - Academic Year",,35.0,,Internship,10.0,,Internship,INTERNSHIP
Data Analyst,,51.07,,Contract,50.0,,Entry level,CONTRACT
New Business Account Sales - Automotive CRM,,85000.0,,Full-time,1.0,,,FULL_TIME
Operations Worker,,19.3,,Full-time,,,,FULL_TIME
Account Executive,,50000.0,,Full-time,2.0,,Entry level,FULL_TIME
Sales Representative,,85000.0,,Full-time,12.0,1.0,Associate,FULL_TIME
Summer Intern,,16.0,,Internship,55.0,,,INTERNSHIP
Practice Coordinator (Bilingual),,20.0,,Full-time,1.0,,Entry level,FULL_TIME
"Sr. Counsel, Business & Legal Affairs",,200000.0,,Full-time,11.0,,Director,FULL_TIME
Server,,20.0,,Full-time,,,Entry level,FULL_TIME
"Porter, Banquets - Signia by Hilton Orlando Bonnet Creek and Waldorf Astoria Orlando",,12.5,,Full-time,,,Entry level,FULL_TIME
Guest Service Agent - Hilton Baltimore Inner Harbor,,18.37,,Full-time,,,Entry level,FULL_TIME
HCV Program Specialist,,16.54,,Full-time,,,Entry level,FULL_TIME
BI Consultant 1 - Multiple Positions - 1499029,,138800.0,,Full-time,60.0,,Mid-Senior level,FULL_TIME
Outdoor Security (Seasonal),,18.0,,Temporary,,,Entry level,TEMPORARY
B2C-Weekend Shift,,16.5,,Full-time,,,,FULL_TIME
Cook-Team Member Cafe at Waldorf Astoria Beverly Hills,,29.21,,Full-time,1.0,,Entry level,FULL_TIME
B2C-Weekend Shift,,16.5,,Full-time,,,,FULL_TIME
Senior Product Owner (Remote),,150000.0,,Full-time,24.0,1.0,Director,FULL_TIME
Remote - Senior Lead Auditor,,210000.0,,Full-time,3.0,1.0,Mid-Senior level,FULL_TIME
"Yelp - Inside Sales Representative (Remote - Nashville), application via RippleMatch",,65000.0,,Full-time,,1.0,Entry level,FULL_TIME
"Public Area Attendant (Full-Time) - Grand Wailea, A Waldorf Astoria Resort",,21.85,,Full-time,,,Entry level,FULL_TIME
Shop Technician I,,18.4,,Full-time,,,,FULL_TIME
Sales Assistant Manager,,19.0,,Full-time,,,Mid-Senior level,FULL_TIME
Delivery Specialist,,18.0,,Full-time,,,Entry level,FULL_TIME
Inbound- Remote Customer Service & Sales,,15.5,,Full-time,4.0,1.0,Entry level,FULL_TIME
B2C-Weekend Shift,,16.5,,Full-time,,,,FULL_TIME
Work from home! Seasonal Customer Service Representative,,17.0,,Full-time,10.0,1.0,Entry level,FULL_TIME
VIP Guest Services Supervisor (Full-Time),,32.0,,Full-time,12.0,,Mid-Senior level,FULL_TIME
Delivery Specialist,,17.0,,Full-time,,,Entry level,FULL_TIME
Senior Product Manager - REMOTE,,159300.0,,Full-time,12.0,1.0,Mid-Senior level,FULL_TIME
Electrical Engineer,,78000.0,,Full-time,2.0,,,FULL_TIME
Creative Marketing Apprentice (Paid),,12.0,,Part-time,14.0,,,PART_TIME
B2C-Weekend Shift Lead,,21.5,,Full-time,,,Mid-Senior level,FULL_TIME
Senior Director Of Recruiting,,125000.0,,Full-time,9.0,,Director,FULL_TIME
B2C-Weekend Shift,,16.5,,Full-time,,,,FULL_TIME
Billing Support Clerk - Temporary (Remote),,18.0,,Full-time,9.0,1.0,Entry level,FULL_TIME
Home-Based Remote Sales Representative Work From Home,,175000.0,,Full-time,6.0,1.0,Entry level,FULL_TIME
"Yelp - Inside Sales Representative (Remote - Stamford, CT), application via RippleMatch",,65000.0,,Full-time,2.0,1.0,Entry level,FULL_TIME
Assistant Executive Steward,,66560.0,,Full-time,,,Entry level,FULL_TIME
Front Office Manager - Conrad New York Downtown,,67600.0,,Full-time,5.0,,Mid-Senior level,FULL_TIME
Data Analyst-Tech Cons-Data and Anltcs-Data Governance and Ctrls-FSO-Manager-Multiple Postns-1499053,,168850.0,,Full-time,16.0,,Mid-Senior level,FULL_TIME
Delivery Specialist,,17.7,,Full-time,,,Entry level,FULL_TIME
Credit Assistant Manager,,20.5,,Full-time,,,Mid-Senior level,FULL_TIME
"Yelp - Inside Sales Representative (Remote - Philadelphia, PA), application via RippleMatch",,65000.0,,Full-time,,1.0,Entry level,FULL_TIME
Home-Based Remote Sales Representative Work From Home,,175000.0,,Full-time,2.0,1.0,Entry level,FULL_TIME
VIP Guest Services Supervisor (Part-Time),,32.0,,Part-time,4.0,,Mid-Senior level,PART_TIME
Assistant Manager,,16.0,,Full-time,1.0,,Mid-Senior level,FULL_TIME
Assistant Manager,,16.0,,Full-time,,,Mid-Senior level,FULL_TIME
"Yelp - Inside Sales Representative (Remote - New Orleans), application via RippleMatch",,65000.0,,Full-time,,1.0,Entry level,FULL_TIME
Delivery Specialist,,15.0,,Full-time,,,Entry level,FULL_TIME
Senior Product Manager - REMOTE,,159300.0,,Full-time,9.0,1.0,Mid-Senior level,FULL_TIME
Senior Product Manager - REMOTE,,159300.0,,Full-time,10.0,1.0,Mid-Senior level,FULL_TIME
Scrum Master II (Remote),,166000.0,,Full-time,51.0,1.0,Mid-Senior level,FULL_TIME
Document Review Attorney-North Jersey,,40.0,,Contract,4.0,,Associate,CONTRACT
Security Operations Center Analyst,,20.0,,Contract,,,Associate,CONTRACT
Production Team Member,,21.53,,Full-time,,,Mid-Senior level,FULL_TIME
Electrophysiology Tech (CVT) Per Diem,,69.85,,Part-time,,,Mid-Senior level,PART_TIME
"Operations Assistant,",,23.75,,Full-time,,,Entry level,FULL_TIME
Warehouse Associate,,21.5,,Full-time,,,,FULL_TIME
Line Service Technician - Full Time,,18.0,,Full-time,,,,FULL_TIME
CNC Milling Machinist 1st and 2nd Shift A1835,,25.0,,Full-time,,,,FULL_TIME
Tool & Die Maker,,34.64,,Full-time,,,Mid-Senior level,FULL_TIME
Research Associate III,,34.0,,Full-time,,,Associate,FULL_TIME
Special Events Assistant,,15.0,,Full-time,,,,FULL_TIME
"Part-Time Administrative Support (10hrs-15hrs/week) (for Finance, Marketing and Sales department)",,15.0,,Part-time,,1.0,,PART_TIME
Assistant Project Manager,,45.5,,Contract,,,Associate,CONTRACT
Special Education Teacher,,48.5,,Contract,,,,CONTRACT
Truck Driver - Local Class B Hazmat - Penske Logistics,,65340.0,,Full-time,,,,FULL_TIME
Truck Driver - Local Class A - $29 Per Hour - Penske Logistics,,29.0,,Full-time,,,,FULL_TIME
Administrative Assistant,,24.0,,Full-time,,,Mid-Senior level,FULL_TIME
"Senior Aquablation Sales Representative -Phoenix, AZ",,110000.0,,Full-time,,1.0,Mid-Senior level,FULL_TIME
Engineering Intern,,29.0,,Full-time,,,Internship,FULL_TIME
Automation Technician,,30.0,,Full-time,,,Entry level,FULL_TIME
Field Service Technician,,75000.0,,Full-time,,,Mid-Senior level,FULL_TIME
Truck Driver - Local Class A - Penske Logistics,,57200.0,,Full-time,,,,FULL_TIME
Lead Teacher,,30.0,,Part-time,,,,PART_TIME
Environmental Field Technician,,20.0,,Full-time,,,Associate,FULL_TIME
Office Administrative Assistant,,3300.0,,Full-time,,,,FULL_TIME
Senior Application Security Engineer (326700),,103.04,,Full-time,,1.0,Mid-Senior level,FULL_TIME
Store Associate,,16.5,,Part-time,,,Entry level,PART_TIME
Sales and Operations Management Trainee,,52000.0,,Full-time,,,,FULL_TIME
Truck Driver - Local Class A Hazmat - Penske Logistics,,89000.0,,Full-time,,,,FULL_TIME
Truck Driver - Local Class A - Penske Logistics,,72800.0,,Full-time,,,,FULL_TIME
Wellness Influencer Assistant,,18.0,,Part-time,,1.0,,PART_TIME
Facilities Manager,,85000.0,,Full-time,,,Mid-Senior level,FULL_TIME
Store Associate,,15.0,,Part-time,,,Entry level,PART_TIME
Faculty Development Coach,,51197.0,,Full-time,,,Mid-Senior level,FULL_TIME
O&M Technician I,,16000.0,,Full-time,,,Associate,FULL_TIME
Escalation Specialist- Remote,,18.0,,Full-time,,1.0,Entry level,FULL_TIME
Customer Service Representative Fueler/Washer,,22.78,,Full-time,,,,FULL_TIME
Millwright Journeyman,,34.48,,Full-time,,,Entry level,FULL_TIME
Client Coordinator ($23/hr),,23.0,,Full-time,,,,FULL_TIME
Production Supervisor,,120000.0,,Full-time,,,Mid-Senior level,FULL_TIME
Auto Tech - Edit Repair Information,,20.0,,Full-time,,,Associate,FULL_TIME
Mechanical Design Engineer,,85000.0,,Full-time,,,Entry level,FULL_TIME
Industrial Electrician,,30.6,,Full-time,,,Entry level,FULL_TIME
Retail Associate,,15.0,,Full-time,,,,FULL_TIME
Quality Control Inspector,,17.0,,Full-time,,,Associate,FULL_TIME
Substitute - Program Leader - BASE,,17.73,,Part-time,,,Mid-Senior level,PART_TIME
Process Server,,1000.0,,Contract,,1.0,,CONTRACT
Laboratory Technician,,24.0,,Full-time,,,Entry level,FULL_TIME
Sample Coordinator,,50000.0,,Full-time,,,Entry level,FULL_TIME
Quality Assurance Specialist,,24.0,,Contract,,1.0,Associate,CONTRACT
Manufacturing Associate,,23.13,,Full-time,,,Associate,FULL_TIME
Reliability Technician,,31.75,,Full-time,,,Entry level,FULL_TIME
Volunteer and Events Coordinator,,50000.0,,Full-time,,,,FULL_TIME
Growth Coach,,39.0,,Contract,,,Associate,CONTRACT
Service Technician,,25.0,,Full-time,,,Entry level,FULL_TIME
Service Technician,,25.0,,Full-time,,,Entry level,FULL_TIME
Offshore Paramedic,,11900.0,,Contract,,1.0,Associate,CONTRACT
Utility Engagement for Watershed & Landscape Management Student Intern,,20.0,,Internship,1.0,1.0,,INTERNSHIP
Grants Coordinator,,26.92,,Contract,,,Associate,CONTRACT
Diesel Technician/Mechanic III - Entry Level,,23.5,,Full-time,,,,FULL_TIME
AWS Cloud Engineer/Sr. Server Administrator,,100000.0,,Full-time,,,Mid-Senior level,FULL_TIME
Campaign Manager,,33.0,,Contract,,,Associate,CONTRACT
Store Captain / Demo Liasson,,20.0,,Contract,,,,CONTRACT
Assembler - 1st Shift,,18.0,,Full-time,,,Entry level,FULL_TIME
Computer Technician,,48.0,,Contract,,,Mid-Senior level,CONTRACT
Medical Supplies Sorting Associate,,22.0,,Full-time,,,,FULL_TIME
Print Specialist,,22.0,,Full-time,,,Entry level,FULL_TIME
Substitute - Program Aide - BASE,,15.62,,Part-time,,,Entry level,PART_TIME
Front Desk Receptionist,,17.0,,Full-time,,,,FULL_TIME
Accounts Receivable Specialist (Onsite),,23.55,,Contract,,,,CONTRACT
ON CALL PROMOTIONS EVENT STAFF/PHONE SCREENER,,21.0,,Part-time,,,,PART_TIME
Summer Job Opportunity,,20.0,,Temporary,,,,TEMPORARY
Digital Marketing and Operations Manager,,100000.0,,Full-time,5.0,1.0,Mid-Senior level,FULL_TIME
Mailroom Specialist,,18.0,,Contract,,,,CONTRACT
Retail Sales Associate,,16.0,,Full-time,,,Associate,FULL_TIME
Facilities Maintenance Technician,,24.0,,Full-time,,,Entry level,FULL_TIME
Precision Machinery Maintenance - 3rd Shift,,24.0,,Full-time,,,Entry level,FULL_TIME
Mechanical Assembler,,18.0,,Full-time,,,Entry level,FULL_TIME
Staff Accountant,,110000.0,,Full-time,,,,FULL_TIME
Computer Aided Design Technician,,35.84,,Contract,,1.0,Associate,CONTRACT
Inventory Clerk - 2nd Shift,,22.0,,Full-time,,,,FULL_TIME
Truck Driver - Local Class A - Penske Logistics,,105000.0,,Full-time,,,,FULL_TIME
Retail Sales Keyholder II,,19.5,,Full-time,,,Mid-Senior level,FULL_TIME
Small Parts Machining,,20.67,,Full-time,,,,FULL_TIME
Heavy Assembler,,18.5,,Full-time,,,Entry level,FULL_TIME
Behavioral Healthcare Provider Supervisor 1 -,,32.51,,Full-time,,,Entry level,FULL_TIME
Package Handler - Part Time (Warehouse like),,17.85,,Part-time,,,,PART_TIME
Content Strategist (ContentStack),,65.0,,Contract,,,Mid-Senior level,CONTRACT
Community Manager,,70000.0,,Full-time,,,,FULL_TIME
Assembler - 1st Shift,,23.0,,Full-time,,,Entry level,FULL_TIME
CNC Machinist - 2nd Shift,,22.03,,Full-time,,,Entry level,FULL_TIME
Design Sales Representative,,94000.0,,Full-time,,,Entry level,FULL_TIME
Design Sales Representative,,94000.0,,Full-time,,,Entry level,FULL_TIME
Neurology APP - Inpatient,,152880.0,,Full-time,,,,FULL_TIME
Event & Sales Assistant,,19.0,,Full-time,,,,FULL_TIME
Psychiatric Attendant (Mental Health) - 20027270,,19.99,,Full-time,,,Entry level,FULL_TIME
Package Handler - Part Time (Warehouse like),,20.5,,Part-time,,,,PART_TIME
State and Local (SALT) Tax Intern - Summer 2025,,33.8,,Full-time,,,,FULL_TIME
Cabinet Maker,,29.55,,Full-time,,,Entry level,FULL_TIME
Digital Marketing Associate,,85000.0,,Full-time,2.0,,,FULL_TIME
Security Client Manager,,70560.1,,Full-time,,,Mid-Senior level,FULL_TIME
Account Manager - Hospital Security,,60320.0,,Full-time,,,Mid-Senior level,FULL_TIME
Speech Language Pathologist,,25.0,,Full-time,,1.0,Associate,FULL_TIME
Analytical Development Scientist,,35.0,,Full-time,,,Mid-Senior level,FULL_TIME
Laboratory Operations (LabOps) Project Manager,,72.0,,Full-time,,,,FULL_TIME
Mentor - Part-Time - Adult Day Program - Training Provided,,16.78,,Part-time,,,Mid-Senior level,PART_TIME
Shipping Associate,,25.0,,Full-time,,,Mid-Senior level,FULL_TIME
Assistant Director,,41600.0,,Full-time,,,,FULL_TIME
"Coordinator, Streaming Content, Part-time",,18.0,,Part-time,,,Mid-Senior level,PART_TIME
Deli Teammate Part Time- Starting at $16 Westfall Location,,16.0,,Full-time,,,Entry level,FULL_TIME
Warehouse Inventory Clerk,,20.5,,Full-time,,,Entry level,FULL_TIME
Eligibility Claims Specialist,,19.55,,Full-time,,1.0,,FULL_TIME
Package Handler - Part Time (Warehouse like),,20.5,,Part-time,,,,PART_TIME
Administrative Assistant (Entry Level- Data Entry & Administrative),,85595.0,,Full-time,1.0,,Entry level,FULL_TIME
Platinion IT Architect,,110000.0,,Full-time,,,Mid-Senior level,FULL_TIME
Digital Product Manager,,50.0,,Full-time,2.0,1.0,Associate,FULL_TIME
Technician I,,21.0,,Full-time,,,Entry level,FULL_TIME
Design Sales Representative,,94000.0,,Full-time,,,Entry level,FULL_TIME
Relief Operator - 1st Shift - $21.47/hour - Recycling Plant,,21.47,,Full-time,,,Entry level,FULL_TIME
Technician B,,51839.0,,Full-time,,,Entry level,FULL_TIME
Warranty Administrator,,30.0,,Contract,,,Associate,CONTRACT
Sanitation Tech ($20.75/HR- 1st + 3rd Shift- Retention Bonus $1-000),,20.75,,Full-time,,,,FULL_TIME
HR Business Process and Systems Specialist - JP4323 (1309431),,41.0,,Contract,,,Entry level,CONTRACT
Lab Tech Ops- Bulk Manufacturing,,27.0,,Full-time,,,,FULL_TIME
Design Sales Representative,,94000.0,,Full-time,,,Entry level,FULL_TIME
"Manager, Web and SEO",,137000.0,,Full-time,39.0,1.0,,FULL_TIME
Robotics Engineer,,60000.0,,Full-time,,,Entry level,FULL_TIME
Resident Assistant - Employee Housing,,15.0,,Full-time,,,Entry level,FULL_TIME
Speech Language Pathologist (SLP) PRN-Part Time SLP,,55.0,,Part-time,,,Entry level,PART_TIME
Certified Nursing Assistant (CNA),,25.53,,Full-time,,,Entry level,FULL_TIME
Box Office Associate,,20.0,,Full-time,,,,FULL_TIME
LPN Licensed Practical Nurse,,35.35,,Full-time,,,Entry level,FULL_TIME
Program Advisor,,90000.0,,Full-time,,,Mid-Senior level,FULL_TIME
Mig Welder,,20.0,,Full-time,,,Associate,FULL_TIME
Finishing Department,,16.3,,Contract,,,Entry level,CONTRACT
Bus Driver,,17.0,,Part-time,,,Entry level,PART_TIME
Registered Dietitian,,33.0,,Part-time,,,Entry level,PART_TIME
Specimen Management Technician,,19.0,,Full-time,,,Entry level,FULL_TIME
LPN Licensed Practical Nurse,,40.0,,Full-time,,,Entry level,FULL_TIME
2nd Shift Picker/Packer Seasonal,,18.0,,Full-time,,,Entry level,FULL_TIME
St. Joseph Class A Delivery Driver,,65000.0,,Full-time,,,Entry level,FULL_TIME
Warehouse Team Lead,,18.0,,Full-time,,,Associate,FULL_TIME
Certified Nursing Assistant (CNA),,26.0,,Full-time,,,Entry level,FULL_TIME
Diesel Mechanic Helper,,22.0,,Full-time,,,Entry level,FULL_TIME
Diesel Mechanic Technician Class B,,23.0,,Full-time,,,Entry level,FULL_TIME
St. Louis Regional Admissions Representative,,53200.0,,Part-time,,,Entry level,PART_TIME
Janitor,,17.0,,Full-time,,,Entry level,FULL_TIME
"General Worker - $25.53/hr, Rotating shifts",,25.53,,Full-time,,,Entry level,FULL_TIME
"Shop Technician - Pompano, FL",,5000.0,,Full-time,,,Entry level,FULL_TIME
RN Registered Nurse,,46.42,,Part-time,,,Mid-Senior level,PART_TIME
Warehouse Associate - Forklift Operator,,18.05,,Full-time,,,Entry level,FULL_TIME
Diesel Mechanic Technician Class A,,24.0,,Full-time,,,Entry level,FULL_TIME
Report Writer - Analytical Chemistry Lab,,21.73,,Full-time,,,Entry level,FULL_TIME
Overnight Stock Clerk Full Time,,15.5,,Full-time,,,,FULL_TIME
Cashier Part Time,,14.0,,Part-time,,,,PART_TIME
Overnight Stock Clerk Full Time,,16.5,,Full-time,,,,FULL_TIME
Cashier Part Time,,16.0,,Part-time,,,,PART_TIME
Licensed Optical Manager Full Time,,29.5,,Full-time,,,,FULL_TIME
Warehouse Days,,16.5,,Full-time,,,Entry level,FULL_TIME
"Sanitation, Warehouse 2nd Shift",,16.5,,Full-time,,,Entry level,FULL_TIME
Quality Analyst,,40.0,,Contract,,,Mid-Senior level,CONTRACT
Licensed Optician Part Time,,25.0,,Part-time,,,,PART_TIME
Marketing Manager,,60000.0,,Full-time,2.0,,,FULL_TIME
Sponsorship Coordinator,,18.0,,Contract,,,Entry level,CONTRACT
"Senior Social Services Coordinator, Homeownership & Housing Preservation- DHCD",,56616.0,,Full-time,,,Mid-Senior level,FULL_TIME
Tire Technician Full Time,,16.5,,Full-time,,,,FULL_TIME
Overnight Stock Clerk Part Time,,16.5,,Part-time,,,,PART_TIME
Maintenance Assistant,,23.0,,Full-time,,,Entry level,FULL_TIME
General Warehouse Associate - Night Shift,,18.5,,Full-time,,,Entry level,FULL_TIME
Diesel Mechanic Technician Class A,,24.0,,Full-time,,,Entry level,FULL_TIME
Carroll (IA) Class A Delivery Driver,,65000.0,,Full-time,,,Entry level,FULL_TIME
TMS Adminstrator,,25.0,,Contract,,1.0,Associate,CONTRACT
Forklift Technician,,25.0,,Full-time,,,Mid-Senior level,FULL_TIME
Lecturer – Interdisciplinary Learning and Teaching,,3500.0,,Part-time,,,Mid-Senior level,PART_TIME
Yard Associate - Bilingual Preferred (English/Spanish),,19.0,,Full-time,,,,FULL_TIME
Yard Associate - Bilingual Preferred (English/Spanish),,19.0,,Full-time,,,,FULL_TIME
"Shuttle Driver, CDL A - $10k Sign-on Bonus!",,32.0,,Full-time,,,Entry level,FULL_TIME
Customer Marketing Manager,,63.0,,Contract,,,Mid-Senior level,CONTRACT
Information Literacy Concierge,,18.51,,Part-time,,,,PART_TIME
Maintenance Manager,,130000.0,,Full-time,,,Mid-Senior level,FULL_TIME
Warehouse Worker,,16.0,,Full-time,,,Entry level,FULL_TIME
Recreation/Activity Therapist II - Psych Acute,,25.2,,Other,,,Entry level,OTHER
TECHNICIAN - Structured Cabling,,24.21,,Full-time,,,Entry level,FULL_TIME
Patient Account Registrar Per Diem - Admitting**,,17.2,,Other,,,Entry level,OTHER
Aviation Firefighter - Driver/Operator,,140125.65,,Full-time,,,Entry level,FULL_TIME
Facilities Coordinator,,20.0,,Full-time,,,,FULL_TIME
Recovery Clerk Part Time,,14.5,,Part-time,,,,PART_TIME
Supply Chain Planner - eStore SCM Ops,,25.0,,Contract,2.0,,Entry level,CONTRACT
Seasonal Package Delivery Driver,,23.0,,Full-time,,,Entry level,FULL_TIME
Seasonal Package Delivery Driver,,23.0,,Full-time,,,Entry level,FULL_TIME
Seasonal Package Delivery Driver,,23.0,,Full-time,,,Entry level,FULL_TIME
Branch Administrative Assistant,,17.0,,Full-time,,,Entry level,FULL_TIME
Foreman - Structured Cabling,,28.62,,Full-time,,,Mid-Senior level,FULL_TIME
RRT Per Diem (RCP II) - DVH Respiratory Therapy,,34.5,,Other,,,,OTHER
Bulk Delivery Driver NU,,26.45,,Full-time,,,Entry level,FULL_TIME
CDL Class A Driver,,94000.0,,Full-time,,,Entry level,FULL_TIME
Currency Operations Specialist,,51500.0,,Full-time,,,Mid-Senior level,FULL_TIME
"Patient Care Coordinator - Plano, TX",,18.5,,Full-time,,,Entry level,FULL_TIME
Brand Representative,,20.0,,Part-time,,,Entry level,PART_TIME
Omni Experience Supervisor Full Time,,16.65,,Full-time,,,,FULL_TIME
Deli Clerk Part Time,,16.75,,Part-time,,,,PART_TIME
Cashier Part Time,,16.0,,Part-time,,,,PART_TIME
Warehouse General Laborer,,16.0,,Full-time,,,Entry level,FULL_TIME
Customer Order Specialist,,20.0,,Full-time,,,,FULL_TIME
Healthcare Concierge - DVH Quality Assurance**,,16.0,,Other,,,Entry level,OTHER
CDL Class A Driver,,94000.0,,Full-time,,,Entry level,FULL_TIME
Aviation Firefighter I,,128206.37,,Full-time,,,Entry level,FULL_TIME
Valet Driver - Kendall Regional Medical,,11.0,,Part-time,,,Entry level,PART_TIME
"Clinical Care Transition Specialist / Registered Nurse - Louisville, KY",,42.0,,Full-time,,,,FULL_TIME
Health Justice Policy Associate,,66560.0,,Full-time,,,,FULL_TIME
Retail Thrift Store Key Holder,,19.0,,Full-time,,,,FULL_TIME
Youth Program Intern,,20.0,,Internship,,,,INTERNSHIP
Warehouse Worker/Cover Driver,,21.0,,Part-time,,,Entry level,PART_TIME
Air Ramp - Package Handler,,21.0,,Part-time,,,Entry level,PART_TIME
"CBA - Aircraft Mechanic III - P-3/C-130 - Avionics Technician - Naval Test Wing Pacific (NTWP) - Point Mugu, CA",,50.16,,Full-time,,,Mid-Senior level,FULL_TIME
On-Site Service Representative (Full Time),,24.5,,Full-time,,,Entry level,FULL_TIME
Patient Account Registrar Per Diem - DVH Admitting**,,17.2,,Other,,,Entry level,OTHER
Receptionist,,20.0,,Part-time,,,,PART_TIME
Receptionist,,19.0,,Full-time,2.0,,,FULL_TIME
Customer Service Specialist (Intern),,12.0,,Internship,,,,INTERNSHIP
Billing Analyst,,35.0,,Contract,2.0,,Associate,CONTRACT
Warehouse/Forklift Operator,,18.5,,Full-time,,,,FULL_TIME
Colorado Psychiatric Nurse Practitioner (NP) (DEA-Licensed) (Multi State-Licensed),,50.0,,Part-time,,1.0,,PART_TIME
Benefits Specialist,,44.0,,Contract,,1.0,Associate,CONTRACT
Gallery Assistant Director,,25.0,,Full-time,,,,FULL_TIME
District Executive,,66650.0,,Full-time,,,,FULL_TIME
Heavy Equipment Mechanic | $25 - $30/HR,,25.0,,Full-time,,,,FULL_TIME
Truck Driver - Local Class B Hazmat - Penske Logistics,,70000.0,,Full-time,,,,FULL_TIME
Business Development Manager,,80000.0,,Full-time,,,,FULL_TIME
Operations Coordinator,,23.0,,Full-time,,,,FULL_TIME
Utah Psychiatric Nurse Practitioner (NP) (DEA-Licensed) (Multi State-Licensed),,50.0,,Part-time,,1.0,,PART_TIME
Finance Support Manager,,135000.0,,Full-time,,,Mid-Senior level,FULL_TIME
Customer Service Representative,,20.82,,Full-time,,,Associate,FULL_TIME
Independent Living Skills Coordinator,,20.0,,Full-time,,,,FULL_TIME
Connecticut Psychiatric Nurse Practitioner (NP) (DEA-Licensed) (Multi State-Licensed),,50.0,,Part-time,,1.0,,PART_TIME
Truck Driver - Local Class A - Penske Logistics,,75000.0,,Full-time,,,,FULL_TIME
Warehouse Worker - Dock Worker - Second Shift,,20.0,,Full-time,,,,FULL_TIME
Truck Driver - Local Class B Hazmat - Penske Logistics,,60000.0,,Full-time,,,,FULL_TIME
Millwright Journeyman,,34.48,,Full-time,,,Entry level,FULL_TIME
Chemist,,26.0,,Contract,,,Associate,CONTRACT
Salesforce Velocity Developer,,60.0,,Part-time,,,Mid-Senior level,PART_TIME
Sales Specialist,,60.0,,Part-time,,,,PART_TIME
Maryland Psychiatric Nurse Practitioner (NP) (DEA-Licensed) (Multi State-Licensed),,50.0,,Part-time,,1.0,,PART_TIME
"- Home Health Aide (HHA) -3pm-9pm-Concord, NH",,26.0,,Full-time,,,,FULL_TIME
Customer Service Representative Fueler/Washer,,36.45,,Full-time,,,,FULL_TIME
Maintenance Coordinator,,23.0,,Full-time,,,,FULL_TIME
Truck Driver - CDL Class A Hazmat - Penske Logistics,,91000.0,,Full-time,,,,FULL_TIME
Community Association Manager,,66560.0,,Full-time,,,Mid-Senior level,FULL_TIME
Program Coordinator-Residential Services,,63646.0,,Full-time,,,Entry level,FULL_TIME
Courtesy Technician,,13.0,,Full-time,,,,FULL_TIME
Psychiatrist,,354897.0,,Full-time,,,Mid-Senior level,FULL_TIME
Liscensed Practical Nurse,,30.0,,Full-time,,,Entry level,FULL_TIME
Front Desk Attendant,,16.0,,Full-time,,,Entry level,FULL_TIME
Assistant Content Manager (140832),,35.0,,Contract,,1.0,Mid-Senior level,CONTRACT
"Volunteer Scrum Master – Driving Nature Connection and Public Health, CrowdDoing.world's Nature Counter",,0.0,,Volunteer,,1.0,,VOLUNTEER
Front Desk Agent,,23.5,,Full-time,,,,FULL_TIME
Finance Manager - Support,,135000.0,,Full-time,,,Entry level,FULL_TIME
Food Manufacturer,,15.0,,Contract,,,Director,CONTRACT
Sales and Operations Management Trainee,,52000.0,,Full-time,,,,FULL_TIME
Supply Chain Management/Logistics Internship,,22.0,,Internship,1.0,,,INTERNSHIP
Client Relations Specialist,,22.0,,Full-time,,,,FULL_TIME
Line Attendant FPAC 2nd Shift NA,,15.5,,Full-time,,,Entry level,FULL_TIME
Warehouse Associate (140931),,21.0,,Contract,,,Entry level,CONTRACT
Quality Control Technician,,28.0,,Contract,1.0,,Entry level,CONTRACT
Line Attendant FPAC 1st AC,,15.5,,Full-time,,,Entry level,FULL_TIME
Mechanical Assembler,,20.0,,Full-time,,,Entry level,FULL_TIME
Assembler - 1st Shift,,23.0,,Full-time,,,Entry level,FULL_TIME
Full-Time Merchandiser,,20.0,,Full-time,,,Entry level,FULL_TIME
Active Ingredient Technician-,,20.0,,Full-time,,,,FULL_TIME
"Electrician Trainee - Leesburg, VA",,28.18,,Full-time,,,Internship,FULL_TIME
Line Attendant FPAC 1st shift TD,,15.5,,Full-time,,,Entry level,FULL_TIME
Forklift Operator I,,19.0,,Full-time,,,Entry level,FULL_TIME
Industrial Electrician,,30.6,,Full-time,,,Entry level,FULL_TIME
Account Manager Retail,,60000.0,,Full-time,,,Mid-Senior level,FULL_TIME
Event Security - Weekly Pay,,17.0,,Full-time,,,Entry level,FULL_TIME
Premier Operations Associate- Annuities Team,,50000.0,,Full-time,,,Entry level,FULL_TIME
Youth Program Director - Full Time Honolulu,,6828.7,,Full-time,,,,FULL_TIME
Wastewater Tech I - 2nd shift,,19.5,,Full-time,,,Entry level,FULL_TIME
Facilities Maintenance Technician,,24.0,,Full-time,,,Entry level,FULL_TIME
"Site Specialist II - Lab Support - Ann Arbor, MI",,20.0,,Full-time,,,,FULL_TIME
General Manager (Commercial Property Management) (140753),,150000.0,,Full-time,,,Executive,FULL_TIME
CNC Maintenance Mechanic,,2000.0,,Full-time,,,Mid-Senior level,FULL_TIME
Mechanical Assembler,,18.0,,Full-time,,,Entry level,FULL_TIME
Heavy Assembler,,18.5,,Full-time,,,Entry level,FULL_TIME
Precision Machinery Maintenance - 3rd Shift,,24.0,,Full-time,,,Entry level,FULL_TIME
Event Security Supervisor - BMO Stadium,,23.0,,Full-time,,,Mid-Senior level,FULL_TIME
Maintenance Mechanic,,41.78,,Full-time,,,Entry level,FULL_TIME
Landscape Designer,,50000.0,,Full-time,1.0,,,FULL_TIME
Material Handler,,15.45,,Full-time,,,Entry level,FULL_TIME
CNC Machinist - 2nd Shift,,22.03,,Full-time,,,Entry level,FULL_TIME
CNC Machine Operator - 2nd Shift,,21.0,,Full-time,,,Entry level,FULL_TIME
Event Security - Soccer Games and Concerts,,19.0,,Full-time,,,Entry level,FULL_TIME
Package Handler - Part Time (Warehouse like),,16.75,,Part-time,,,,PART_TIME
Package Handler (Warehouse like),,18.6,,Part-time,,,,PART_TIME
Account Manager,,55000.0,,Full-time,,,,FULL_TIME
Deburr Technician - 3rd Shift,,20.0,,Full-time,,,Entry level,FULL_TIME
"Electrician Trainee - Springfield, VA",,28.18,,Full-time,,,Internship,FULL_TIME
"Auditor, Membership I",,17.0,,Contract,,,Mid-Senior level,CONTRACT
"Associate, EDI Operations I",,22.18,,Contract,,,Entry level,CONTRACT
VMO - Loan Workout Associate - IA,,24.0,,Contract,,,Entry level,CONTRACT
Event Staff - Conventions and Trade Shows,,17.0,,Full-time,,,Entry level,FULL_TIME
Experienced Registered Nurse - Neuroscience ICU (UPMC Shadyside NSICU),,31.6,,Full-time,,,,FULL_TIME
Senior Specialist - US Government Contracts Compliance Leader,,140000.0,,Full-time,,,Director,FULL_TIME
Procurement Operations Associate,,40000.0,,Full-time,,,Entry level,FULL_TIME
Machine Operator- Oscar Mayer Lunchables,,20.27,,Full-time,,,Entry level,FULL_TIME
Warehouse Technician,,22.0,,Full-time,,,Entry level,FULL_TIME
Service Engineer (FULL SCOPE POLY),,130000.0,,Full-time,,,Entry level,FULL_TIME
PD Clinical Lab Scientist- ACC Blood Bank- Variable Shift,,62.25,,Full-time,,,Mid-Senior level,FULL_TIME
Mechanical Assembler I - 1st Shift (onsite),,19.5,,Full-time,,,Entry level,FULL_TIME
Registered Nurse-RN,,33.92,,Full-time,,,Mid-Senior level,FULL_TIME
Deposit Processor,,21.25,,Full-time,1.0,1.0,Associate,FULL_TIME
Non-IT Project Analyst,,30.0,,Contract,,,Mid-Senior level,CONTRACT
Manufacturing Technician,,18.83,,Full-time,,,Entry level,FULL_TIME
Store Manager,,70000.0,,Full-time,,,Mid-Senior level,FULL_TIME
Deposit Processor,,24.0,,Full-time,,,Associate,FULL_TIME
On-Call Massage Therapist,,16.0,,Part-time,,,Entry level,PART_TIME
Lead Maintenance Technician,,35.75,,Full-time,,,Entry level,FULL_TIME
Registered Nurse - RN,,33.92,,Full-time,,,Mid-Senior level,FULL_TIME
Marketing Role,,175000.0,,Full-time,,1.0,Entry level,FULL_TIME
Room Attendant - Courtyard Solana Beach,,18.0,,Full-time,,,Entry level,FULL_TIME
Healthcare Food Services District Manager,,90000.0,,Full-time,,,,FULL_TIME
Customer Service Officer,,41.75,,Full-time,,,Entry level,FULL_TIME
Public Health Empowerment Pro Bono Coach,,0.0,,Volunteer,,1.0,,VOLUNTEER
"2024 MBA Summer Internship, Commercial",,50.0,,Full-time,,,Internship,FULL_TIME
Environmental Stewardship Pro Bono Coach,,0.0,,Volunteer,,1.0,,VOLUNTEER
Material Handler,,19.48,,Full-time,,,Entry level,FULL_TIME
Ikigai-Inspired Coach – CrowdDoing Pro Bono Coaching Collective,,0.0,,Volunteer,,1.0,,VOLUNTEER
Grants Coordinator (136845),,25.0,,Contract,,,Entry level,CONTRACT
Explosive Detection K9 Handler,,28.36,,Full-time,,,Entry level,FULL_TIME
"Locomotive Driver Assistants - Seasonal – Pioneer, Kalamia & Inkerman Cane Supply Teams",,50000.0,,Temporary,,,Entry level,TEMPORARY
General Manager (Commercial Property Management) (140753rxv_76_3),,150000.0,,Full-time,,,Executive,FULL_TIME
Shift Supervisor Trainee,,16.7,,Full-time,,,,FULL_TIME
General Manager (Commercial Property Management) (140753rxv_76_2),,150000.0,,Full-time,,,Executive,FULL_TIME
General Manager (Commercial Property Management) (140753rxv_76_6),,150000.0,,Full-time,,,Executive,FULL_TIME
"Sr. Chassis Engineer, Brakes",,107800.0,,Full-time,,,Mid-Senior level,FULL_TIME
Psychiatric Attendant (Mental Health) 20091308,,19.99,,Full-time,,,Entry level,FULL_TIME
Package Handler - Part Time (Warehouse like),,17.7,,Part-time,,,,PART_TIME
Merchandiser,,18.0,,Full-time,,,Entry level,FULL_TIME
Biopharmaceutical Technician - Days/Nights,,21.0,,Full-time,,,,FULL_TIME
Order Selector,,21.0,,Full-time,,,Entry level,FULL_TIME
Maintenance Technician I,,23.75,,Full-time,,,Entry level,FULL_TIME
Warehouse II,,18.75,,Full-time,,,Entry level,FULL_TIME
Delivery Driver (non CDL),,21.0,,Full-time,,,Entry level,FULL_TIME
Delivery Driver (non CDL),,21.0,,Full-time,,,Entry level,FULL_TIME
Part Time Package Delivery Driver,,25.39,,Part-time,,,Entry level,PART_TIME
Seasonal Package Delivery Driver,,23.0,,Full-time,,,Entry level,FULL_TIME
Program Manager,,150000.0,,Full-time,,,Entry level,FULL_TIME
Junior Mechanical Engineer,,60000.0,,Full-time,,1.0,Associate,FULL_TIME
Behavior Technician (BT) / Registered Behavior Technician (RBT),,17.0,,Full-time,,,,FULL_TIME
Project Manager,,58.0,,Contract,,1.0,Mid-Senior level,CONTRACT
Account Executive - $19.2/hr,,58000.0,,Full-time,,,,FULL_TIME
Sales- Lead Generation Specialist,,52000.0,,Full-time,,,,FULL_TIME
"X-Ray Technologist - $5,000 sign-on bonus!",,44.0,,Full-time,,,,FULL_TIME
Laboratory Technician,,20.5,,Full-time,,,Entry level,FULL_TIME
Territory Manager,,98500.0,,Full-time,,,,FULL_TIME
Behavioral Health Caregiver,,16.0,,Part-time,,,,PART_TIME
Maintenance Technician,,28.0,,Full-time,,,Associate,FULL_TIME
Manufacturing Associate,,20.0,,Contract,,,Associate,CONTRACT
Cell Operator,,16.5,,Full-time,,,,FULL_TIME
In-Home Support Caregiver,,15.0,,Part-time,,,,PART_TIME
Domino's Customer Service Rep/Pizza Maker – (S. Portland) - Starting at $14 per hour (3002),,14.0,,Full-time,,,,FULL_TIME
Business Administrator,,77981.0,,Full-time,,,Associate,FULL_TIME
Administrative Assistant,,19.64,,Temporary,,,Associate,TEMPORARY
Employee Benefits Specialist,,77981.0,,Full-time,,,Entry level,FULL_TIME
General Laborer,,18.0,,Full-time,,,Associate,FULL_TIME
Social Media Coordinator,,52000.0,,Part-time,,,Mid-Senior level,PART_TIME
Retail Sales Consultant,,2500.0,,Full-time,,,,FULL_TIME
Data Entry Specialist,,18.0,,Full-time,1.0,1.0,Associate,FULL_TIME
Installation Technician,,21.0,,Full-time,,,Associate,FULL_TIME
Sales Agent,,25.0,,Contract,,,Associate,CONTRACT
Animal Control Officer,,24.13,,Full-time,,,Entry level,FULL_TIME
Accounting Assistant,,24.0,,Full-time,,,Associate,FULL_TIME
Business Systems Analysts ,,52.0,,Contract,,,Mid-Senior level,CONTRACT
Environmental Planner,,71905.0,,Full-time,,,Associate,FULL_TIME
Software Engineer Intern,,0.0,,Internship,2.0,1.0,,INTERNSHIP
Production Supervisor,,33.0,,Full-time,,,Associate,FULL_TIME
Machinist - 3rd Shift,,22.0,,Full-time,,,Entry level,FULL_TIME
Payment Processing Specialist,,39873.0,,Full-time,,,Entry level,FULL_TIME
Inventory Specialist,,18.06,,Full-time,,,Entry level,FULL_TIME
Laboratory Technician,,25.0,,Contract,,,Entry level,CONTRACT
Pharmacy Technician,,19.0,,Full-time,,,Entry level,FULL_TIME
Intake/Data Entry Specialist,,18.0,,Full-time,,,Entry level,FULL_TIME
Human Resources Generalist,,65000.0,,Full-time,1.0,,,FULL_TIME
Communications Specialist,,58352.0,,Full-time,,,Entry level,FULL_TIME
SEO Analyst,,50000.0,,Full-time,,1.0,,FULL_TIME
Accounting Specialist,,26.0,,Full-time,,,Associate,FULL_TIME
Boutique Stylist,,25.0,,Full-time,,,,FULL_TIME
Napa Valley Restaurant Seeks Talented Chef!,,18.0,,Full-time,,,Mid-Senior level,FULL_TIME
Shift Supervisor,,14.0,,Full-time,,,Mid-Senior level,FULL_TIME
Upscale Marriott resort seeking hotline cook!,,14.0,,Full-time,,,Entry level,FULL_TIME
Microbiology/Biology Analytical Tech I,,20.0,,Contract,,,,CONTRACT
Tax Services Internship - 2025,,29.5,,Full-time,,,,FULL_TIME
Traveling Exhibits Logistics Coordinator (Includes Fabrication),,54000.0,,Full-time,,,,FULL_TIME
CNC Machine Operator,,25.75,,Part-time,,,Entry level,PART_TIME
"Engineering Manager, Core Banking (role is based in Singapore)",,180000.0,,Full-time,,,Mid-Senior level,FULL_TIME
Gas Appliance Sales Representative,,15.0,,Full-time,,,Entry level,FULL_TIME
Global Executive Administrator,,90000.0,,Full-time,,,Mid-Senior level,FULL_TIME
CNC Machinist - 2nd Shift,,22.03,,Full-time,,,Entry level,FULL_TIME
Small Parts Machining,,20.67,,Full-time,,,,FULL_TIME
Packaging Technician,,20.0,,Full-time,,,,FULL_TIME
IT Audit (Consulting) Internship - Summer 2025,,28.5,,Full-time,,,,FULL_TIME
Sales Consultant,,80000.0,,Full-time,,,Mid-Senior level,FULL_TIME
"Staff Nurse I, Med-Surg Oncology",,73.14,,Full-time,,,Mid-Senior level,FULL_TIME
Summer Social Media Intern,,16.0,,Contract,,,,CONTRACT
Cargo Handler-2nd Shift,,19.05,,Full-time,,,Entry level,FULL_TIME
"Level III Technician, Tower",,29.0,,Full-time,,,Entry level,FULL_TIME
"Part-Time Front Desk Coordinator, $24/ Hr. (Mon.-Tue.)",,24.0,,Part-time,,,Entry level,PART_TIME
Package Handler - Part Time (Warehouse like),,16.2,,Part-time,,,,PART_TIME
Talent Acquisition Specialist,,35.0,,Contract,,,Associate,CONTRACT
2025 Investment Banking Summer Analyst - Healthcare,,35.0,,Internship,,,Internship,INTERNSHIP
Citizens Banker,,20.0,,Part-time,,,,PART_TIME
Data Analyst,,29.75,,Contract,4.0,,Associate,CONTRACT
Administrative Assistant,,60000.0,,Full-time,,,Mid-Senior level,FULL_TIME
Package Handler - Part Time (Warehouse like),,17.4,,Part-time,,,,PART_TIME
Assurance Internship - 2025,,29.5,,Full-time,,,,FULL_TIME
Operations Coordinator | Customer Service,,19.0,,Full-time,,,Associate,FULL_TIME
Clinical Trial Associate,,33.0,,Contract,,1.0,Associate,CONTRACT
Data Curation Engineer,,44.0,,Full-time,,,,FULL_TIME
Package Handler - Part Time (Warehouse like),,18.05,,Part-time,,,,PART_TIME
Citizens Banker,,20.0,,Part-time,,,,PART_TIME
Sales Producer,,50000.0,,Full-time,,,Mid-Senior level,FULL_TIME
Consultant Care Specialist,,45000.0,,Full-time,,,Entry level,FULL_TIME
Citizens Teller - Part Time - Bilingual - Haitian - Creole - Or - Spanish,,17.0,,Part-time,,,,PART_TIME
Entry Level Phlebotomist,,16.0,,Full-time,,,Entry level,FULL_TIME
Front Desk Receptionist,,17.0,,Full-time,,,Entry level,FULL_TIME
Brand Representative,,24.0,,Contract,,,Entry level,CONTRACT
Licensed Practical Nurse,,24.37,,Full-time,,,Entry level,FULL_TIME
SEO Writer (Article writing internship),,1000.0,,Internship,,1.0,,INTERNSHIP
Talent Partner,,50.0,,Contract,,,Associate,CONTRACT
STEM Summer Camp Instructor,,20.0,,Internship,,,,INTERNSHIP
"Security Officer (On-Call) - Englewood, CO",,22.0,,Full-time,,,Entry level,FULL_TIME
Power Washer -Contract -1099,,75.0,,Contract,,,,CONTRACT
Access Control ($25.46/hr) Secret Clearance Required,,25.46,,Full-time,,,Director,FULL_TIME
Maintenance Tech I,,21.0,,Full-time,,,Entry level,FULL_TIME
Safety Technician - Seasonal,,16.0,,Temporary,,,Entry level,TEMPORARY
Sales Assistant,,20.0,,Contract,,,Entry level,CONTRACT
Administrative Coordinator,,25.0,,Full-time,,,,FULL_TIME
Process Engineer,,38.0,,Full-time,,,,FULL_TIME
Marketing/Promotions Coordinator,,47195.2,,Full-time,,,,FULL_TIME
Renewable Energy Engineering & Construction Internship,,18.0,,Internship,,,Internship,INTERNSHIP
"SOC Analyst (Night Shift, Career Opportunity)",,60000.0,,Full-time,1.0,,Associate,FULL_TIME
Restaurant Crewmember,,12.0,,Full-time,,,Entry level,FULL_TIME
Central Service Technician-Full Time -Nights,,20.92,,Full-time,,,Entry level,FULL_TIME
Maintenance Assistant,,13.0,,Temporary,,,Entry level,TEMPORARY
Assistant Manager,,62500.0,,Full-time,,,Mid-Senior level,FULL_TIME
Deckhand - Alcatraz - San Francisco,,34.0,,Part-time,,,Entry level,PART_TIME
Freelance Medical Animator (Remote),,75.0,,Contract,,1.0,Entry level,CONTRACT
Picker - $18/hr - A Shift (Day Shift),,18.0,,Full-time,,,Entry level,FULL_TIME
"Customer Solutions Representative - Collector - Starting July 2024 - Remote - AR, MI, MN, NC, PA Only",,23.0,,Full-time,1.0,,Mid-Senior level,FULL_TIME
Health Insurance Advisor - NHPBA,,70000.0,,Full-time,,,Mid-Senior level,FULL_TIME
Lab Technician,,19.0,,Full-time,,,Entry level,FULL_TIME
"Physical Therapist - Louisville, KY",,65.0,,Full-time,,,Entry level,FULL_TIME
RN Psychiatric,,41.0,,Full-time,,,Mid-Senior level,FULL_TIME
Hybrid Speech Language Pathologist - Crestwood Illinois,,70.0,,Full-time,,,Entry level,FULL_TIME
RN - Home Health - Cleveland Area,,50.0,,Full-time,,,Mid-Senior level,FULL_TIME
Cook,,12.0,,Full-time,,,Entry level,FULL_TIME
School OT Needed for 24-25 - $48/hr!!,,48.0,,Full-time,,,Internship,FULL_TIME
Environmental Analyst - Project Manager,,70000.0,,Full-time,2.0,,Mid-Senior level,FULL_TIME
Pharmacy Technician,,20.0,,Full-time,,,Entry level,FULL_TIME
Quality Control Tech- Bluffton Plant,,19.38,,Full-time,,,Entry level,FULL_TIME
RN | $55/hr | Psych,,55.0,,Full-time,,,Mid-Senior level,FULL_TIME
Mild/Mod Special Education Teacher - North Highlands California,,45.0,,Full-time,,,Entry level,FULL_TIME
Urology Sales Representative,,75000.0,,Full-time,,,Entry level,FULL_TIME
Pharmacy Technician,,20.0,,Full-time,,,Entry level,FULL_TIME
Physical Therapist Assistant - School Based,,35.0,,Full-time,,,Entry level,FULL_TIME
Account Executive,,40000.0,,Full-time,,,Mid-Senior level,FULL_TIME
Merchandiser,,19.25,,Full-time,,,Entry level,FULL_TIME
Apprentice Technician,,8000.0,,Part-time,,,Internship,PART_TIME
General Education Teacher -ESY,,45.0,,Full-time,,,Mid-Senior level,FULL_TIME
Experience Center Coordinator,,26.0,,Full-time,,,,FULL_TIME
Retail Associate - Thrift Store,,21.84,,Full-time,,,Entry level,FULL_TIME
Part time Senior Tour Guide,,21.54,,Part-time,,,Mid-Senior level,PART_TIME
Merchandiser,,22.0,,Full-time,,,Entry level,FULL_TIME
Dentist (37788),,125000.0,,Full-time,,,Mid-Senior level,FULL_TIME
Economist Advisor (Multi-year Contract),,90.0,,Full-time,,,Mid-Senior level,FULL_TIME
Speech Language Pathologist - Schools,,70.0,,Part-time,,,Entry level,PART_TIME
School Social Worker,,50.0,,Full-time,,,Entry level,FULL_TIME
"Environmental, Health and Safety Intern",,19.0,,Full-time,,,,FULL_TIME
Apprentice Technician,,8000.0,,Part-time,,,Internship,PART_TIME
"Field Travel Agent I - Greensboro, NC (Wendover)",,15.65,,Full-time,,,Entry level,FULL_TIME
Production-Distribution Day shift,,17.75,,Full-time,,,Mid-Senior level,FULL_TIME
Deckhand - Alcatraz - San Francisco,,34.0,,Part-time,,,Entry level,PART_TIME
"Associate Director, Individual Giving",,65000.0,,Full-time,,,Director,FULL_TIME
Pipette and Certification Technician,,26.83,,Full-time,,,Entry level,FULL_TIME
Package Handler- Switcher FT,,22.35,,Full-time,,,,FULL_TIME
Member Experience Associate - San Francisco,,25.25,,Full-time,7.0,,Entry level,FULL_TIME
Assistant Director of Admission,,66560.0,,Full-time,1.0,,Mid-Senior level,FULL_TIME
Principal Electrical Engineer,,25000.0,,Full-time,,,,FULL_TIME
"Sr. Digital Marketing Manager - Chicago, IL or Oakbrook, IL",,50000.0,,Full-time,3.0,,,FULL_TIME
Dentist Hourly,,98.56,,Full-time,,,Mid-Senior level,FULL_TIME
Case Manager in Training,,20.0,,Full-time,1.0,,Mid-Senior level,FULL_TIME
"Brake Technician - Renton, WA",,32.0,,Full-time,,,Entry level,FULL_TIME
"Brake Technician - Granite City, IL",,25.0,,Full-time,,,Entry level,FULL_TIME
Warehouse Associate,,20.0,,Full-time,,,Entry level,FULL_TIME
Compliance Specialist,,17.0,,Full-time,,,Mid-Senior level,FULL_TIME
Electrician,,26.0,,Full-time,,,Entry level,FULL_TIME
Staff Nurse - Inpatient Psychiatry - Morningside - Full Time/Days,,55.49,,Full-time,,,Mid-Senior level,FULL_TIME
Shipper Packer,,22.26,,Full-time,,,Entry level,FULL_TIME
Presuit Secretary,,20.0,,Full-time,2.0,,Entry level,FULL_TIME
Fleet Solutions Sales Manager,,161606.0,,Full-time,,,Mid-Senior level,FULL_TIME
Welder,,30.0,,Full-time,,,Entry level,FULL_TIME
Marine Sales Associate,,15.0,,Part-time,,,Entry level,PART_TIME
Plumber,,28.0,,Full-time,,,Entry level,FULL_TIME
Concrete Laborer,,25.0,,Full-time,,,Entry level,FULL_TIME
Plumber,,30.0,,Full-time,,,Entry level,FULL_TIME
Staff Nurse- Hemodialysis- Mount Sinai West- Full Time Days,,58.82,,Full-time,,,Mid-Senior level,FULL_TIME
Custom Fitter Welder,,28.0,,Full-time,,,Entry level,FULL_TIME
Lead Diesel Mechanic,,36.03,,Full-time,,,,FULL_TIME
Cashier Associate,,12.0,,Part-time,,,Entry level,PART_TIME
"Custodian III Floater, USC Village Housekeeping",,21.93,,Full-time,,,Mid-Senior level,FULL_TIME
Staff Nurse - Inpatient Psychiatry - Morningside - Full Time/Nights,,55.49,,Full-time,,,Mid-Senior level,FULL_TIME
Staff Nurse - Inpatient Psychiatry - Morningside - Full Time/Days,,55.49,,Full-time,,,Mid-Senior level,FULL_TIME
Freight Classification Specialist Lead,,25.37,,Full-time,2.0,,,FULL_TIME
EXECUTIVE ASSISTANT,,125000.0,,Full-time,3.0,,Mid-Senior level,FULL_TIME
EXECUTIVE ASSISTANT,,130000.0,,Full-time,3.0,,Mid-Senior level,FULL_TIME
Field Service Representative - Third Class,,36.66,,Full-time,,,Entry level,FULL_TIME
SENIOR CLINICAL ANALYST,,85000.0,,Full-time,,,Mid-Senior level,FULL_TIME
Assistant Nursing Care Coordinator - Inpatient Psychiatry - Morningside - Full Time/Nights,,60.8,,Full-time,,,Entry level,FULL_TIME
Staff Nurse - Inpatient Psychiatry - Morningside - Full Time/Nights,,55.49,,Full-time,,,Mid-Senior level,FULL_TIME
Pharmacy Technician,,24.0,,Full-time,,,Entry level,FULL_TIME
Retail Sales Associate,,12.25,,Part-time,,,Entry level,PART_TIME
Assistant Golf Professional,,35000.0,,Full-time,,,Entry level,FULL_TIME
Ecological Restoration Crew Member,,17.0,,Full-time,,,Entry level,FULL_TIME
Cashier Associate,,14.0,,Part-time,,,Entry level,PART_TIME
Electrical Design Verification Test Engineer,,65.0,,Contract,,,Mid-Senior level,CONTRACT
Machine Operator,,16.5,,Full-time,,,Entry level,FULL_TIME
CSR/Dispatch Coordinator - Dedicated Transportation,,20.0,,Full-time,,,Mid-Senior level,FULL_TIME
Trailer Mechanic,,24.76,,Full-time,,,,FULL_TIME
Night Auditor $15.50,,15.5,,Full-time,,,Entry level,FULL_TIME
Certified Medical Coder III (Remote),,16.0,,Full-time,4.0,1.0,Mid-Senior level,FULL_TIME
Health Coach,,20.25,,Full-time,,,Mid-Senior level,FULL_TIME
Registered Nurse ( RN ) - Tier 2 Float Pool ( ICU / Critical Care ),,25.0,,Full-time,,,Mid-Senior level,FULL_TIME
SENIOR CLINICAL ANALYST,,85000.0,,Full-time,,,Mid-Senior level,FULL_TIME
Forbes Summer 2024 ForbesLive Intern,,21.0,,Internship,32.0,,Internship,INTERNSHIP
Retail Stocking Associate,,12.25,,Part-time,,,Entry level,PART_TIME
Bookkeeper,,70000.0,,Full-time,,,Entry level,FULL_TIME
Repack Order Selector,,19.75,,Full-time,3.0,,Entry level,FULL_TIME
Territory Manager - Maine / New Hampshire / Vermont,,120000.0,,Full-time,,1.0,Mid-Senior level,FULL_TIME
Warehouse Associate,,26.0,,Full-time,,,Entry level,FULL_TIME
SAP NS2 Sr. Support Engineer - IBP,,167300.0,,Full-time,,,,FULL_TIME
Customer Support Specialist - Resolution Specialist,,20.0,,Full-time,3.0,1.0,Entry level,FULL_TIME
Customer Support Advocate - Financial Disputes,,17.0,,Full-time,3.0,1.0,Entry level,FULL_TIME
Retail Stocking Associate,,12.0,,Part-time,,,Entry level,PART_TIME
Telemundo Sales Manager,,100000.0,,Full-time,,,Entry level,FULL_TIME
National Account Manager,,105000.0,,Full-time,5.0,1.0,Mid-Senior level,FULL_TIME
Driver CDL,,29.5,,Full-time,,,Entry level,FULL_TIME
Part-Time Nabisco Merchandiser,,14.5,,Part-time,,,Entry level,PART_TIME
Mail Clerk,,31200.0,,Full-time,,,Entry level,FULL_TIME
"Fire Sprinkler Inspector – Entry Level – Saint Rose, LA",,32.0,,Full-time,,,Mid-Senior level,FULL_TIME
Assistant Nursing Care Coordinator - Inpatient Psychiatry - Morningside - Full Time/Days,,60.8,,Full-time,,,Entry level,FULL_TIME
SAP iXp Intern - Software Developer,,56.0,,Full-time,4.0,,,FULL_TIME
Front Desk $16 per HR-Free Parking,,16.0,,Full-time,,,Entry level,FULL_TIME
CSR/Dispatch Coordinator - Dedicated Transportation,,20.0,,Full-time,,,Mid-Senior level,FULL_TIME
MANUFACTURING TEAM LEADER III - 2nd Shift,,42964.0,,Full-time,,,Mid-Senior level,FULL_TIME
School LPN,,80000.0,,Full-time,,,Entry level,FULL_TIME
"Locum Dermatology Nurse Practitioner job in Marysville, KY - Make $95/hr - $110/hr",,95.0,,Full-time,,,Mid-Senior level,FULL_TIME
Diesel Mechanic - Bonuses!,,39.61,,Full-time,,,,FULL_TIME
Accounting and Finance Intern,,25.0,,Internship,13.0,,Internship,INTERNSHIP
"Temporary, Digital Designer",,34.0,,Temporary,67.0,1.0,Entry level,TEMPORARY
Sales Lead - PT,,17.0,,Part-time,,,Mid-Senior level,PART_TIME
MANUFACTURING TECHNICIAN V,,93288.0,,Full-time,,,Associate,FULL_TIME
Postgres Evangelist,,190000.0,,Full-time,8.0,1.0,Mid-Senior level,FULL_TIME
Assistant Claims Manager,,88000.0,,Full-time,,,Mid-Senior level,FULL_TIME
Rotating Intern,,80000.0,,Full-time,,,Internship,FULL_TIME
Procurement/Vendor Specialist (PAID INTERNSHIP),,16.0,,Internship,1.0,,Entry level,INTERNSHIP
Applications Development Senior Programmer Analyst,,173500.0,,Full-time,4.0,,,FULL_TIME
Dental Hygienist,,75.0,,Part-time,,,Entry level,PART_TIME
Certified Medical Coder III (Remote),,16.0,,Full-time,1.0,1.0,Mid-Senior level,FULL_TIME
Senior Construction Manager/Business Development Representative,,166400.0,,Full-time,,,Mid-Senior level,FULL_TIME
Caregiver-Full Time,,10500.0,,Full-time,,,Entry level,FULL_TIME
Sports Management Summer Internship,,2400.0,,Internship,5.0,,,INTERNSHIP
Product Marketing Intern,,25.0,,Internship,46.0,,Internship,INTERNSHIP
Mechanical Maintenance Technician,,47000.0,,Full-time,,,Entry level,FULL_TIME
Retail Outlet Associate,,16.25,,Full-time,,,Entry level,FULL_TIME
Radiologic Technologist (X-Ray),,28.0,,Full-time,,,Mid-Senior level,FULL_TIME
Retention Specialist,,42000.0,,Full-time,,,Entry level,FULL_TIME
Electrical Mechanical Assembly Manufacturing Production Supervisor,,75000.0,,Full-time,,,Entry level,FULL_TIME
Event and Conference Manager,,48.0,,Contract,2.0,,Mid-Senior level,CONTRACT
Investigator Police Officer,,26.06,,Full-time,1.0,,Mid-Senior level,FULL_TIME
Research Program Coordinator (TEMP),,26.83,,Temporary,,,Entry level,TEMPORARY
Registered Nurse (RN) - Full-Time/Part-Time 1st Shift,,45.0,,Part-time,,,Mid-Senior level,PART_TIME
Service Technician,,120000.0,,Full-time,,,Entry level,FULL_TIME
Terminal Operator - CCC,,26.0,,Full-time,,,Entry level,FULL_TIME
Steward/Dishwasher - Hyatt: Andaz Scottsdale Resort ,,17.75,,Full-time,,,Entry level,FULL_TIME
Accounting Manager,,95000.0,,Full-time,,,Mid-Senior level,FULL_TIME
Registered Nurse (RN) - Full-Time/Part-Time 1st Shift,,45.0,,Part-time,,,Mid-Senior level,PART_TIME
"Design Sales Consultant, Boston",,65000.0,,Full-time,,,Mid-Senior level,FULL_TIME
"Youth Apprentice, Electro Mechanic",,15.0,,Part-time,,,Internship,PART_TIME
"NY Licensed Psychotherapist (LCSW, LPC, LMFT)",,60.0,,Contract,1.0,1.0,Mid-Senior level,CONTRACT
Sales & Events Administrative Assistant ($26.00) ,,26.0,,Full-time,3.0,,Entry level,FULL_TIME
PT COMMUNITY SCHOOL PROGRAM_SWEETWATER ELEMENTAR(1543100),,15.0,,Full-time,,,Internship,FULL_TIME
File Clerk (Part-time),,18.0,,Part-time,,,Entry level,PART_TIME
"Youth Apprentice, Maintenance Reliability",,15.0,,Part-time,,,Internship,PART_TIME
Warehouse Worker,,17.94,,Full-time,2.0,,,FULL_TIME
Team Lead,,21.0,,Full-time,,,,FULL_TIME
Regional Vice President- Retirement Sales ( Los Angeles/San Bernardino),,100000.0,,Full-time,,,Executive,FULL_TIME
Registered Nurse (RN) - Full-Time/Part-Time 1st Shift,,45.0,,Part-time,,,Mid-Senior level,PART_TIME
Front Office Agent - Part Time ,,23.34,,Part-time,,,Mid-Senior level,PART_TIME
"Youth Apprentice, Machinist",,15.0,,Part-time,,,Internship,PART_TIME
"Youth Apprentice, FMT",,15.0,,Part-time,,,Internship,PART_TIME
Waiter/Bartender,,24.65,,Part-time,,,,PART_TIME
Server Assistant,,15.8,,Part-time,1.0,,Entry level,PART_TIME
Medical Assistant **Temporary/Per-Diem** (Temp Program),,26.0,,Temporary,,,,TEMPORARY
General Clerk,,21.0,,Full-time,,,Entry level,FULL_TIME
Financial Advisor,,67808.0,,Full-time,,,Mid-Senior level,FULL_TIME
Nursing Administrator- Nursing Administration- Per Diem,,70.0,,Full-time,,,,FULL_TIME
Program Coordinator,,22.0,,Contract,,,Entry level,CONTRACT
Account Manager Trainee,,17.5,,Full-time,,,Entry level,FULL_TIME
Subject Matter Expert ,,50.0,,Temporary,,1.0,Mid-Senior level,TEMPORARY
SR Azure Engineer,,150000.0,,Full-time,10.0,1.0,Mid-Senior level,FULL_TIME
Major Incident Management Analyst,,38.0,,Full-time,8.0,1.0,Mid-Senior level,FULL_TIME
Data Entry Clerk,,15.0,,Contract,,,Entry level,CONTRACT
Custodian,,14.5,,Contract,,,Entry level,CONTRACT
Laboratory Engineer- SAR,,75000.0,,Full-time,,,Entry level,FULL_TIME
Qualys (VMDR) AND Vulnerability Management,,100000.0,,Full-time,3.0,1.0,Mid-Senior level,FULL_TIME
Commercial Airline Inventory Supervisor,,41000.0,,Full-time,,,,FULL_TIME
Client Service Representative,,12.0,,Part-time,,,,PART_TIME
Marketing Analyst - 79497,,33.0,,Contract,21.0,1.0,Entry level,CONTRACT
Laboratory Tech/Admin,,20.0,,Part-time,,,,PART_TIME
DC Material Handler,,28.01,,Full-time,,,,FULL_TIME
Telemetry Monitor Technician,,23.0,,Contract,,,Entry level,CONTRACT
Bilingual Healthcare CSR (Spanish/English - Remote/WFH/EST),,18.0,,Contract,2.0,1.0,Associate,CONTRACT
Marketing and Programs Assistant,,20.0,,Part-time,9.0,1.0,,PART_TIME
Accounts Receivable Analyst,,55000.0,,Full-time,1.0,,Associate,FULL_TIME
Human Resources Advisor,,24.0,,Full-time,1.0,,Entry level,FULL_TIME
Immigration Specialist,,60.0,,Full-time,27.0,1.0,Mid-Senior level,FULL_TIME
Investor Relations Marketing Analyst,,70000.0,,Full-time,9.0,,,FULL_TIME
Curriculum Developer,,56687.0,,Full-time,1.0,,,FULL_TIME
Hygienist,,90.0,,Full-time,,,Entry level,FULL_TIME
Part-Time Food Service Technician,,15.0,,Part-time,,,Mid-Senior level,PART_TIME
Senior Internal Auditor,,100000.0,,Full-time,,,Mid-Senior level,FULL_TIME
Senior Full Stack Engineer/Architect ,,150000.0,,Full-time,18.0,1.0,Mid-Senior level,FULL_TIME
Program Manager-Construction and Architecture,,75.0,,Contract,3.0,,Mid-Senior level,CONTRACT
Regional Sales Executive,,130000.0,,Full-time,2.0,1.0,Mid-Senior level,FULL_TIME
Warehouse Associate,,23.0,,Full-time,,,Entry level,FULL_TIME
Radiologic Technologist - Radiographer,,72.0,,Contract,,,,CONTRACT
Visual Designer,,30.0,,Contract,2.0,,Associate,CONTRACT
Commercial Loan Processor,,20.0,,Contract,2.0,1.0,,CONTRACT
Sales and Operations Management Trainee,,52000.0,,Full-time,,,,FULL_TIME
Millwright Journeyman,,34.48,,Full-time,,,Entry level,FULL_TIME
Email Marketing Manager,,46.0,,Contract,1.0,,Associate,CONTRACT
Dotnet Developer,,55.1,,Contract,18.0,,Mid-Senior level,CONTRACT
Inventory Analyst,,24.0,,Full-time,3.0,,Associate,FULL_TIME
Truck Driver - Yard Class A - Penske Logistics,,27.5,,Full-time,,,,FULL_TIME
Pharmaceutical Sales Representative,,60000.0,,Full-time,,,Entry level,FULL_TIME
Equipment Repair Technician,,31261.0,,Full-time,,,Entry level,FULL_TIME
Communications and Design,,20.0,,Internship,,,,INTERNSHIP
Child And Family Associate Therapist,,60.0,,Internship,1.0,,,INTERNSHIP
UI React Developer,,135000.0,,Full-time,2.0,,,FULL_TIME
Administrative Assistant,,16.0,,Contract,,,Entry level,CONTRACT
Environmental Outreach and Engagement Coordinator / ERC,,18.43,,Part-time,,,,PART_TIME
Advertising Specialist,,45.0,,Contract,13.0,1.0,Mid-Senior level,CONTRACT
Radiation Oncology Medical Director - Remote,,270000.0,,Full-time,,1.0,Director,FULL_TIME
Service Provider,,17.44,,Full-time,1.0,,Entry level,FULL_TIME
Property Manager/Customer Service Representative,,25.0,,Full-time,,,Associate,FULL_TIME
Truck Driver - Local Class A - Penske Logistics,,32.2,,Full-time,,,,FULL_TIME
Fleet Maintenance Supervisor,,10000.0,,Full-time,,,,FULL_TIME
Director of Compensation,,117303.25,,Full-time,1.0,,Director,FULL_TIME
Executive Administrative Assistant,,30.0,,Contract,3.0,,Associate,CONTRACT
Help Desk Specialist,,22.5,,Contract,,,Entry level,CONTRACT
Production Scheduler,,25.0,,Contract,2.0,,Mid-Senior level,CONTRACT
SQL Support Engineer,,58.0,,Contract,1.0,1.0,Mid-Senior level,CONTRACT
Ticket Office Representative,,15.0,,Part-time,,,,PART_TIME
Member Advisor/Teller - US 31 South and Park 100 branches,,18.0,,Full-time,,,,FULL_TIME
Sales Counselor - Senior Living,,100000.0,,Full-time,,,Mid-Senior level,FULL_TIME
2nd Shift Flexo Slitter,,22.1,,Full-time,,,,FULL_TIME
"Food Science, Quality, and Safety Intern",,21.0,,Full-time,,,Mid-Senior level,FULL_TIME
Electrician,,36.84,,Part-time,,,,PART_TIME
Sales Counselor - Senior Living,,100000.0,,Full-time,,,Mid-Senior level,FULL_TIME
General Labor,,17.5,,Full-time,,,Entry level,FULL_TIME
Technical Consultant IT,,80.0,,Contract,,,Mid-Senior level,CONTRACT
Research Assistant,,58102.42,,Full-time,,,Entry level,FULL_TIME
Customer Account Partner,,21.93,,Full-time,1.0,,Associate,FULL_TIME
Business Development Manager - Private Equity,,150000.0,,Full-time,,,,FULL_TIME
Business Tax Services Associate - Fall 2024,,68000.0,,Full-time,,,,FULL_TIME
Junior Paralegal,,52000.0,,Full-time,,,Entry level,FULL_TIME
Technician B,,51839.0,,Full-time,,,Entry level,FULL_TIME
Freelance Marketing Copywriter,,35.0,,Contract,,1.0,,CONTRACT
Administrative Assistant,,18.0,,Contract,,,Entry level,CONTRACT
Senior Software Engineer - Android,,65.0,,Contract,,,Mid-Senior level,CONTRACT
Maintenance Technician - Night Shift,,30.0,,Full-time,,,Entry level,FULL_TIME
Sales Agent,,20.0,,Full-time,,,Entry level,FULL_TIME
Quality Control Translator (German),,14.0,,Full-time,,1.0,Entry level,FULL_TIME
Security Access Associate (Part Time),,17.0,,Part-time,,,Entry level,PART_TIME
LPN Licensed Practical Nurse,,35.0,,Full-time,,,Entry level,FULL_TIME
Lab Tech Sr. - 3rd Shift,,20.0,,Contract,,,Mid-Senior level,CONTRACT
Director of Storerooms and Material Logistics,,121000.0,,Full-time,,,,FULL_TIME
pre- press 3rd shift,,17.5,,Part-time,,,Entry level,PART_TIME
Dietary Aide Dishwasher,,17.0,,Part-time,,,Entry level,PART_TIME
LPN Licensed Practical Nurse,,29.26,,Full-time,,,Entry level,FULL_TIME
Registered Nurse (RN) Supervisor,,41.45,,Full-time,,,Mid-Senior level,FULL_TIME
Certified Nursing Assistant (CNA),,17.5,,Part-time,,,Entry level,PART_TIME
Housekeeping Assistant,,18.0,,Full-time,,,Entry level,FULL_TIME
Project Coordinator,,41299.0,,Full-time,,,Entry level,FULL_TIME
Certified Nursing Assistant (CNA),,21.0,,Full-time,,,Entry level,FULL_TIME
Certified Nursing Assistant (CNA),,21.0,,Full-time,,,Entry level,FULL_TIME
Financial Assistant - Entry Level,,19.77,,Contract,,,,CONTRACT
RN Registered Nurse New Wage Rate Up To $41.45 per hour!,,36.45,,Part-time,,,Mid-Senior level,PART_TIME
Transportation Coordinator/Driver,,21.0,,Full-time,,,Entry level,FULL_TIME
MDS Nurse (Licensed Practical Nurse/LPN) (RN or LPN),,45.26,,Part-time,,,Executive,PART_TIME
SEO Developmental Editor ,,35.0,,Contract,,1.0,,CONTRACT
Registered Nurse (RN) Infection Preventionist,,41.45,,Full-time,,,Mid-Senior level,FULL_TIME
SEO Optimization and CMS Publishing Editor,,35.0,,Contract,,1.0,,CONTRACT
Marketing Assistant,,25.0,,Contract,1.0,1.0,,CONTRACT
Entry Level Recruiter - Human Resources,,16.0,,Temporary,,,Mid-Senior level,TEMPORARY
Housekeeping Assistant,,17.5,,Full-time,,,Entry level,FULL_TIME
RN Registered Nurse,,41.45,,Full-time,,,Mid-Senior level,FULL_TIME
Field and Lab Research Assistant,,15.0,,Part-time,,,Entry level,PART_TIME
Certified Nursing Assistant (CNA),,25.0,,Full-time,,,Entry level,FULL_TIME
Call Center Supervisor - Hotel Reservations,,40000.0,,Full-time,,,,FULL_TIME
Certified Nursing Assistant (CNA),,17.5,,Part-time,,,Entry level,PART_TIME
Accountant & Office Manager,,80000.0,,Full-time,,,,FULL_TIME
LPN Licensed Practical Nurse,,35.0,,Full-time,,,Entry level,FULL_TIME
Aerospace Engineering-SOE Undergraduate Teaching Fellow,,14.0,,Part-time,,,Entry level,PART_TIME
Community Manager,,0.0,,Contract,,1.0,,CONTRACT
Enterprise Architect,,80.0,,Contract,,,,CONTRACT
Test Technician II FAA - 2nd Shift (onsite),,3500.0,,Full-time,,,Entry level,FULL_TIME
Receiving Clerk Part Time,,16.25,,Part-time,,,,PART_TIME
"Service Specialist (Grocery Bagger) - Lucky - 247 E. 18Th St., Oakland, CA 94606",,16.5,,Full-time,,,Entry level,FULL_TIME
Seasonal - Production Assemblers,,22.0,,Temporary,,,Entry level,TEMPORARY
Linguist/Editor,,31.0,,Contract,,1.0,,CONTRACT
Packer I,,17.64,,Full-time,,,Entry level,FULL_TIME
Employee Benefits Supervisor,,72624.0,,Full-time,,,Mid-Senior level,FULL_TIME
Receiving Material Handler,,16.0,,Full-time,,,Entry level,FULL_TIME
Retail Supervisor Full Time,,20.0,,Full-time,,,,FULL_TIME
Bakery Clerk Part Time,,14.25,,Part-time,,,,PART_TIME
Part-time Consultant Dermatologist- (remote),,500.0,,Contract,,1.0,,CONTRACT
Cashier Part Time,,14.0,,Part-time,,,,PART_TIME
Retail Product Specialist - Clearwater Mall,,14.0,,Part-time,,,Entry level,PART_TIME
Packer/Sorter - Manufacturing Plant,,24.7,,Full-time,,,,FULL_TIME
Executive Assistant,,67.0,,Contract,,,Mid-Senior level,CONTRACT
Cashier Part Time,,15.0,,Part-time,,,,PART_TIME
Assistant Overnight Manager Full Time,,20.0,,Full-time,,,,FULL_TIME
Cashier Full Time,,15.0,,Full-time,,,,FULL_TIME
Tire Sales & Installation TM Part Time,,15.5,,Part-time,,,,PART_TIME
Deli Clerk Full Time,,16.75,,Full-time,,,,FULL_TIME
Warehouse Fulfillment Specialist Full Time,,14.0,,Full-time,,,,FULL_TIME
Produce Clerk Produce Clerk,,14.25,,Part-time,,,,PART_TIME
Executive Assistant,,100000.0,,Full-time,,,Associate,FULL_TIME
Account Specialist - The Plaza Building,,26.0,,Full-time,,,Entry level,FULL_TIME
Marketing Intern,,20.0,,Full-time,,,Internship,FULL_TIME
Banning Lewis Academy - Counseling Paraprofessional - SY 24-25,,19.75,,Full-time,,,Entry level,FULL_TIME
Software Engineer - Backend,,120000.0,,Full-time,,1.0,Entry level,FULL_TIME
Meat Clerk Part Time,,15.25,,Part-time,,,,PART_TIME
Warehouse Fulfillment Specialist Part Time,,14.0,,Part-time,,,,PART_TIME
Gas Station Part Time,,15.15,,Part-time,,,,PART_TIME
"Service Specialist (Grocery Bagger) - Lucky - 484 N. Mathilda Ave., Sunnyvale, CA 94085",,18.55,,Full-time,,,Entry level,FULL_TIME
Student Success Coach,,66560.0,,Full-time,,,,FULL_TIME
Retail Assistant Store Manager (Full Time) - Orem,,18.59,,Full-time,,,Mid-Senior level,FULL_TIME
Stock Clerk,,16.2,,Part-time,,,,PART_TIME
Deli Clerk Full Time,,15.75,,Full-time,,,,FULL_TIME
Valet Driver - Lutheran Downtown,,13.0,,Full-time,,,Entry level,FULL_TIME
Deli Clerk Part Time,,15.75,,Part-time,,,,PART_TIME
Industrial Engineer - Ambient DC,,74500.0,,Full-time,,,,FULL_TIME
Meat Clerk Part Time,,14.25,,Part-time,,,,PART_TIME
In Store Shopper Supervisor,,17.5,,Full-time,,,,FULL_TIME
Gas Station Team Member,,15.15,,Part-time,,,,PART_TIME
Front End Lead,,17.5,,Full-time,,,,FULL_TIME
Utility Clerk Part Time,,15.0,,Part-time,,,,PART_TIME
Deli Clerk Part Time,,14.75,,Part-time,,,,PART_TIME
"Service Specialist (Grocery Bagger) - Lucky - 22555 Mission Blvd., Hayward, CA 94541",,16.9,,Full-time,,,Entry level,FULL_TIME
Field Service Technician,,22.31,,Full-time,,,Entry level,FULL_TIME
Director of Guest Services,,120000.0,,Full-time,,,,FULL_TIME
Merchandiser Flex NU,,14.8,,Full-time,,,Entry level,FULL_TIME
Union Journeyman Insulator,,53.7,,Full-time,,,Entry level,FULL_TIME
Critical Intervention Specialist,,71090.0,,Full-time,,,Associate,FULL_TIME
Warehouse Fulfillment Specialist Part Time,,15.0,,Part-time,,,,PART_TIME
Receiver Full Time,,16.75,,Full-time,,,,FULL_TIME
Warehouse Fulfillment Specialist Supervisor Full Time,,15.5,,Full-time,,,,FULL_TIME
Route Sales Representative,,22.4,,Full-time,,,Associate,FULL_TIME
Senior Accountant,,125000.0,,Full-time,,,Associate,FULL_TIME
Facilities Engineer,,55.0,,Contract,,,Mid-Senior level,CONTRACT
Maintenance Engineer - DoubleTree by Hilton Syracuse,,18.0,,Full-time,,,Entry level,FULL_TIME
Spa Concierge - La Posada de Santa Fe,,15.25,,Full-time,,,Entry level,FULL_TIME
Software Engineering Intern,,24.0,,Internship,,,,INTERNSHIP
Retail Stock Associate - Winter Garden Village,,14.0,,Part-time,,,Entry level,PART_TIME
Communications Specialist II,,33.0,,Contract,,,Associate,CONTRACT
Oncology Region Operations Lead- South- Remote,,166400.0,,Full-time,,1.0,Mid-Senior level,FULL_TIME
CareLink Navigator,,36647.56,,Part-time,,,,PART_TIME
Finance Systems and Process Change Management Lead,,121000.0,,Full-time,,1.0,Mid-Senior level,FULL_TIME
Risk Management Internship,,20.0,,Internship,,,,INTERNSHIP
Senior Systems Administrator,,62.5,,Contract,,,Mid-Senior level,CONTRACT
Business Development Assistant,,20.0,,Part-time,,,,PART_TIME
Production Operator,,15.5,,Contract,,,Entry level,CONTRACT
Property Associate,,18.6,,Contract,,,Entry level,CONTRACT
Case Manager (MG),,21.0,,Contract,,,Mid-Senior level,CONTRACT
Data Entry,,25.0,,Contract,,,Entry level,CONTRACT
Beauty Advisor (Inside Sales) Sally Beauty 03143,,18.29,,Other,,,Mid-Senior level,OTHER
03095 Inside Sales,,13.0,,Other,,,Entry level,OTHER
Beauty Advisor (Inside Sales) Sally Beauty 03580,,14.0,,Other,,,Mid-Senior level,OTHER
"Registered Nurse, RN, PACU Liberty",,39.59,,Full-time,,,Mid-Senior level,FULL_TIME
Data Engineer I/II (Health Network),,53.64,,Full-time,,,Entry level,FULL_TIME
Officer II,,21.16,,Full-time,,,Entry level,FULL_TIME
Chef de Cuisine,,80000.0,,Full-time,,,,FULL_TIME
BHAKTA Spirits - Hospitality Coordinator,,45000.0,,Full-time,,,,FULL_TIME
Veterinary Technician (General) - Intermediate Care Ward,,21.91,,Full-time,,,Entry level,FULL_TIME
Director of Operations,,113000.0,,Full-time,5.0,,Director,FULL_TIME
District Sales Manager,,110000.0,,Full-time,4.0,,Mid-Senior level,FULL_TIME
Senior Full Stack Engineer,,180000.0,,Full-time,6.0,1.0,Associate,FULL_TIME
Outside Sales Representative,,50000.0,,Full-time,5.0,,Mid-Senior level,FULL_TIME
Fiber Machine Technician,,23.0,,Full-time,,,Entry level,FULL_TIME
HVAC Service Coordinator,,65000.0,,Full-time,,,Entry level,FULL_TIME
Food Service Worker,,15.5,,Full-time,2.0,,Entry level,FULL_TIME
SAP Project Manager,,57.0,,Contract,1.0,,Mid-Senior level,CONTRACT
Host-Kimpton Hotel Vintage Seattle,,19.97,,Full-time,,,Entry level,FULL_TIME
Director of Portfolio Analytics (Full Stack Development),,235000.0,,Full-time,,,Director,FULL_TIME
Production Supervisor (Manufacturing),,55.0,,Full-time,3.0,,Mid-Senior level,FULL_TIME
NBCU News Group Creative & Design Internships – Academic Year,,17.0,,Internship,3.0,,Internship,INTERNSHIP
Business Development Intern,,25.0,,Internship,8.0,,,INTERNSHIP
Finance Project Leader,,68.0,,Contract,2.0,,Mid-Senior level,CONTRACT
Entry Level Production,,24.0,,Full-time,1.0,,Entry level,FULL_TIME
Fixed Wing Pilot - Air Ambulance,,117500.0,,Full-time,5.0,,Associate,FULL_TIME
Azure Cloud Engineer,,110000.0,,Full-time,28.0,,Mid-Senior level,FULL_TIME
"Sr Tech - Maintenance (I&C Tech - DCS) - Local 57 - Mona, UT - #111781",,55.79,,Full-time,,,Entry level,FULL_TIME
2nd Shift - Operator I,,14.0,,Full-time,,,Entry level,FULL_TIME
"Host / Hostess (Part Time) Bourbon Steak Orange County, Waldorf Astoria Monarch Beach",,19.0,,Part-time,,,Mid-Senior level,PART_TIME
Expeditor (Part-Time) - Olivine at Grand Wailea Resort,,22.5,,Full-time,,,Entry level,FULL_TIME
"Sr Tech - Maintenance (I&C Tech - DCS) - Local 57 - Mona, UT - #111781",,55.79,,Full-time,1.0,,Entry level,FULL_TIME
"Journeyman Lineman - Local 57 ($15,000 Sign-on Bonus - Evanston, WY) - #111200",,56.88,,Full-time,,,Entry level,FULL_TIME
"Technical Sourcer/Recruiter/Recruiting Coordinator - NY, Hybrid",,50.0,,Contract,,,Associate,CONTRACT
Sit down Forklift position,,21.0,,Full-time,1.0,,,FULL_TIME
Behavior Technician/RBT,,16.0,,Full-time,,,Entry level,FULL_TIME
Sales Area Manager,,60000.0,,Full-time,16.0,1.0,,FULL_TIME
"Journeyman Lineman - Local 57 ($15,000 Sign-on Bonus - Evanston, WY) - #111200",,56.88,,Full-time,,,Entry level,FULL_TIME
Part Time Night Clean Up - Start at $17/hr,,17.0,,Part-time,,,,PART_TIME
Delivery Specialist,,15.3,,Full-time,,,Entry level,FULL_TIME
"Technical Sourcer/Recruiter/Recruiting Coordinator - NY, Hybrid",,50.0,,Contract,44.0,,Associate,CONTRACT
Solution Architect IRC210073,,150000.0,,Full-time,,,Executive,FULL_TIME
Kitchen Supervisor - Hilton Denver City Center,,23.5,,Full-time,,,Mid-Senior level,FULL_TIME
Master Level Therapist (Contract) - Texas,,60.0,,Contract,,1.0,Mid-Senior level,CONTRACT
Sales Assistant Manager,,22.0,,Full-time,,,Mid-Senior level,FULL_TIME
Delivery Specialist,,16.5,,Full-time,,,Entry level,FULL_TIME
Tax Accountant - Int. Tax Services - Transfer Pricing - Manager - Multiple Positions - 1498237,,137114.0,,Full-time,1.0,,Mid-Senior level,FULL_TIME
Sales Area Manager,,60000.0,,Full-time,11.0,1.0,,FULL_TIME
Schoool Security Attendant I - Kihei Elementary,,2563.02,,Full-time,,,Entry level,FULL_TIME
"Dining Service Associate (11:30am-8:00pm, M-F)",,15.0,,Full-time,,,Entry level,FULL_TIME
Network Engineer / Network Operations Engineer,,140000.0,,Contract,40.0,,Mid-Senior level,CONTRACT
School Custodian II - Hanalei Elementary,,4019.0,,Full-time,,,Entry level,FULL_TIME
Delivery Specialist - Bilingual Preferred,,18.0,,Full-time,,,Entry level,FULL_TIME
Facility Technician I - Shredder Operations,,26.5,,Full-time,,,Entry level,FULL_TIME
National Sales Director,,60000.0,,Full-time,,,,FULL_TIME
"Farm Hand (Clay Center, NE)",,18.0,,Full-time,,,Entry level,FULL_TIME
Data Analytics Internship,,20.0,,Internship,12.0,,Internship,INTERNSHIP
Warehouse Shipping Part Time 1st Shift,,20.5,,Part-time,,,Entry level,PART_TIME
Warehouse Receiving/Putaway Part Time 1st Shift,,21.5,,Part-time,,,Entry level,PART_TIME
Accounting Intern,,20.0,,Internship,9.0,,Internship,INTERNSHIP
"Lift Truck Operator/Spotter - 2nd Shift, Sun-Wed ($22.94 Per Hour)",,22.94,,Full-time,,,Entry level,FULL_TIME
Outreach Liaison,,40.0,,Part-time,1.0,,,PART_TIME
Research and Development Technician,,20.0,,Full-time,,,Entry level,FULL_TIME
Network Operations Center Technician,,31.0,,Full-time,8.0,,Associate,FULL_TIME
Physical Therapist,,85000.0,,Full-time,,,Entry level,FULL_TIME
Sales Analyst,,33.0,,Contract,3.0,,Associate,CONTRACT
"Farm Hand (Clay Center, NE)",,18.0,,Full-time,,,Entry level,FULL_TIME
Branch Manager,,60000.0,,Full-time,,,,FULL_TIME
Hand,,25.33,,Full-time,,,,FULL_TIME
IT Internship,,20.0,,Internship,18.0,,Internship,INTERNSHIP
Children's Group Worker,,17.81,,Full-time,1.0,,Entry level,FULL_TIME
Customer Service Representative,,16.0,,Part-time,,,Mid-Senior level,PART_TIME
"Technical Specialist, Kenmore",,14.35,,Full-time,,,Associate,FULL_TIME
Summer Intern 2024 - Software Engineering Internship - Firmware,,33.0,,Internship,7.0,,Internship,INTERNSHIP
Social Media Coordinator,,23.69,,Full-time,,,Entry level,FULL_TIME
Systems Engineer 3,,100000.0,,Contract,12.0,,Mid-Senior level,CONTRACT
PARK ATTENDANT,,21.41,,Full-time,,,Entry level,FULL_TIME
Data Team Lead,,113810.0,,Full-time,10.0,1.0,Mid-Senior level,FULL_TIME
Sales Development Representative,,50000.0,,Full-time,1.0,,Entry level,FULL_TIME
Financial Services Representative,,50400.0,,Full-time,4.0,,Entry level,FULL_TIME
Front Office Receptionist,,18.0,,Contract,,,,CONTRACT
Welder,,21.0,,Full-time,,,,FULL_TIME
Machinist ABC - 2nd Shift,,27.28,,Full-time,,,Entry level,FULL_TIME
Project Manager,,150000.0,,Full-time,1.0,,,FULL_TIME
Account Executive,,45000.0,,Full-time,,,,FULL_TIME
Accountant,,70000.0,,Full-time,,,Associate,FULL_TIME
Production Associate - 3rd shift,,19.0,,Full-time,,,Entry level,FULL_TIME
Electrical Technician,,38.0,,Full-time,,,Entry level,FULL_TIME
iGaming Pitboss,,24.0,,Full-time,,,,FULL_TIME
Direct Support Professional - Day Programs,,16.0,,Full-time,,,Entry level,FULL_TIME
Bilingual Remote Nurse Case Manager (RN) - 203595,,95000.0,,Full-time,,1.0,Associate,FULL_TIME
Massage Therapist -Casual ,,14.0,,Full-time,,,Entry level,FULL_TIME
Senior Business Development Associate,,95000.0,,Full-time,,,Associate,FULL_TIME
"Outside Sales Representative - Lubbock, Texas",,36.0,,Full-time,,,,FULL_TIME
Ecommerce Customer Service & Call Center Manager,,65.0,,Full-time,6.0,,Mid-Senior level,FULL_TIME
Customer Experience Intern,,21.0,,Internship,1.0,,Internship,INTERNSHIP
Financial Aid Specialist,,15.66,,Full-time,,,Entry level,FULL_TIME
Certified Nursing Assistant (CNA) - Full-Time All Shifts,,27.5,,Full-time,,,Entry level,FULL_TIME
Temporary Facilities Associate,,21.0,,Temporary,2.0,,Associate,TEMPORARY
"RESEARCH SCIENTIST/ACADEMIC Civil,Architectural and Environmental Engineering #00090902",,46.0,,Part-time,1.0,,,PART_TIME
General Manager,,120000.0,,Full-time,1.0,,Executive,FULL_TIME
Full Stack Java developer and Heavy on Angular - W2 candidate only,,60.0,,Contract,46.0,,Mid-Senior level,CONTRACT
Admissions Assistant,,13.92,,Full-time,,,Entry level,FULL_TIME
"Outside Sales Rep-Kansas City, MO",,36.0,,Full-time,,,,FULL_TIME
Admissions Assistant,,13.92,,Full-time,,,Entry level,FULL_TIME
Registered Nurse (RN) - Full-Time All Shifts,,49.5,,Full-time,,,Mid-Senior level,FULL_TIME
Registered Nurse (RN) - Full-Time All Shifts,,49.5,,Full-time,,,Mid-Senior level,FULL_TIME
Registered Nurse (RN) - Full-Time All Shifts,,49.5,,Full-time,,,Mid-Senior level,FULL_TIME
Licensed Practical Nurse - Full-Time All Shifts,,32.0,,Full-time,,,Entry level,FULL_TIME
Lead Assoc 2 - $1.5 and up,,16.25,,Full-time,,,Mid-Senior level,FULL_TIME
Speech Language Pathologist Supervisor,,90000.0,,Temporary,,,Associate,TEMPORARY
Lead Assoc 2 - $1.5 and up,,16.25,,Full-time,,,Mid-Senior level,FULL_TIME
General Assembler 1st Shift,,17.85,,Full-time,,,Entry level,FULL_TIME
Application Developer,,51.18,,Full-time,5.0,,Entry level,FULL_TIME
Cashier,,13.5,,Full-time,,,Entry level,FULL_TIME
IT Operations Analyst,,34.0,,Full-time,4.0,,Mid-Senior level,FULL_TIME
Direct Support Professional-Residential,,14.0,,Full-time,,,Entry level,FULL_TIME
FT Experienced Line Cook,,20.0,,Full-time,,,Entry level,FULL_TIME
PT Sales Associate,,15.0,,Part-time,,,Entry level,PART_TIME
Cashier,,13.5,,Full-time,,,Entry level,FULL_TIME
Fuel Distribution Systems Worker (Motor Vehicle Operator),,25.17,,Full-time,,,Associate,FULL_TIME
Music/Art Building Sub,,28.0,,Contract,,,Entry level,CONTRACT
Middle School ELA Teacher,,30.0,,Contract,1.0,,Entry level,CONTRACT
Senior Event Manager,,65000.0,,Full-time,,,,FULL_TIME
Cashier,,13.5,,Full-time,,,Entry level,FULL_TIME
Quality Specialist - 1st Shift,,21.0,,Full-time,,,Associate,FULL_TIME
Padder Operator Trainee,,19.3,,Full-time,,,Internship,FULL_TIME
Account Specialist - Direct Writer,,15.0,,Full-time,,,Mid-Senior level,FULL_TIME
Middle School Social Studies Teacher,,30.0,,Contract,,,Entry level,CONTRACT
Business Analyst,,35.0,,Contract,76.0,,Associate,CONTRACT
Cashier,,13.5,,Full-time,,,Entry level,FULL_TIME
Remote - Insurance and Membership Sales Agent,,17.33,,Full-time,9.0,1.0,Entry level,FULL_TIME
Marketing Communications Internship,,0.0,,Internship,,,,INTERNSHIP
Nursing Assistant - Heart Center,,21.47,,Part-time,,,Entry level,PART_TIME
Team Lead,,21.0,,Full-time,,,,FULL_TIME
3/4 Gym Teacher,,28.0,,Contract,,,Entry level,CONTRACT
Quality Lab Technician ,,25.0,,Full-time,4.0,,Entry level,FULL_TIME
Assistant Manager - Credit,,17.0,,Full-time,,,Mid-Senior level,FULL_TIME
Accounts Receivable Specialist,,21.63,,Full-time,1.0,,Entry level,FULL_TIME
5/6 Grade Social Studies Teacher,,28.0,,Contract,,,Entry level,CONTRACT
"Market Area Manager - E. Wichita, KS",,107640.0,,Full-time,,1.0,Mid-Senior level,FULL_TIME
360 Recruitment Consultant,,85000.0,,Full-time,1.0,,Associate,FULL_TIME
Okta Identity Engineer,,62.43,,Contract,3.0,,,CONTRACT
MRO Buyer,,18.0,,Full-time,2.0,,Mid-Senior level,FULL_TIME
Accounts Receivable Billing Specialist ,,23.0,,Contract,49.0,1.0,Mid-Senior level,CONTRACT
Production Ground Turkey-Evening shift,,17.25,,Full-time,,,Mid-Senior level,FULL_TIME
Staff Attorney - Civil Law,,90854.87,,Full-time,,,Mid-Senior level,FULL_TIME
Microbiologist (Antimicrobial Resistance ),,31.14,,Contract,,,Mid-Senior level,CONTRACT
Quality Lab Technician,,25.0,,Contract,,,Associate,CONTRACT
Records Specialist - 79449,,20.0,,Contract,2.0,,Associate,CONTRACT
Construction Project Manager,,58.0,,Contract,1.0,,,CONTRACT
IT Manager,,125000.0,,Full-time,7.0,,Mid-Senior level,FULL_TIME
QC Lead Technician,,32.0,,Full-time,,,Entry level,FULL_TIME
Staff Accountant,,22.0,,Contract,1.0,,Entry level,CONTRACT
Administrative Assistant ,,30.0,,Part-time,3.0,,Entry level,PART_TIME
QC Lead Technician,,32.0,,Full-time,1.0,,Entry level,FULL_TIME
Carpenter,,35.0,,Full-time,,,Entry level,FULL_TIME
Senior Commercial Electrical Designer,,85000.0,,Full-time,,,Mid-Senior level,FULL_TIME
Licensed Journeyman Electrician,,40.0,,Full-time,,,Entry level,FULL_TIME
Sales Manager,,18.0,,Full-time,,,,FULL_TIME
Hospital Phlebotomist - Unity Hospital (Evenings),,19.5,,Full-time,,,Entry level,FULL_TIME
Human Resources Administrator,,20.0,,Part-time,1.0,1.0,,PART_TIME
Senior Data Engineer,,140000.0,,Full-time,17.0,1.0,Mid-Senior level,FULL_TIME
QC Security Installation Technician,,32.0,,Contract,,,Entry level,CONTRACT
Winchester - Production Operator (White Flyer),,19.0,,Full-time,,,Entry level,FULL_TIME
QC Commercial Security Technician,,32.0,,Contract,,,Entry level,CONTRACT
Concrete Laborer,,25.0,,Full-time,,,Entry level,FULL_TIME
Per Diem Surgical Care Associate - OR Support Staff - Mount Sinai Hospital,,18.56,,Part-time,,,Entry level,PART_TIME
Customer Service Representative-Team Lead,,24.0,,Full-time,,,Mid-Senior level,FULL_TIME
Telecom Technician II,,40.52,,Full-time,1.0,,Entry level,FULL_TIME
Bookkeeper,,18.0,,Part-time,17.0,1.0,,PART_TIME
Scheduler - Kiewit Infrastructure Engineers,,80789.0,,Full-time,1.0,,Entry level,FULL_TIME
Forklift Operator - Afternoon Shift,,20.92,,Full-time,,,,FULL_TIME
Outside Golf Operations,,11.75,,Full-time,,,Entry level,FULL_TIME
"Hospitalist Opportunity in Port St. Lucie, FL",,5000.0,,Full-time,,,Mid-Senior level,FULL_TIME
Financial Coordinator,,25.0,,Full-time,,,Entry level,FULL_TIME
Customer Service Representative,,22.01,,Full-time,,,,FULL_TIME
SAP NS2 Cloud Infrastructure Intern- Virtual,,400000.0,,Full-time,1.0,,,FULL_TIME
MS Travel RN - Job Id: JO03721008,,2117.0,,Full-time,,,Mid-Senior level,FULL_TIME
OR Travel RN - Job Id: JO03720939,,2236.0,,Full-time,,,Mid-Senior level,FULL_TIME
PD-Student Nurse Extern,,20.0,,Part-time,,,Internship,PART_TIME
Operations Specialist- Crop Breeding Support,,60000.0,,Full-time,,,Mid-Senior level,FULL_TIME
RAD Travel Rad Technologist - Job Id: JO03721053,,2121.0,,Full-time,,,Mid-Senior level,FULL_TIME
Ultrasound Travel Ultrasound-Sonographer - Job Id: JO03721065,,2008.0,,Full-time,,,Entry level,FULL_TIME
TELE Travel RN - Job Id: JO03720974,,2180.0,,Full-time,,,Mid-Senior level,FULL_TIME
MS Travel RN - Job Id: JO03720986,,2044.0,,Full-time,,,Mid-Senior level,FULL_TIME
OB / GYN Travel Ultrasound-Sonographer - Job Id: JO03720950,,2002.0,,Full-time,,,Mid-Senior level,FULL_TIME
CT Travel CT Technologist - Job Id: JO03720968,,2441.0,,Full-time,,,Mid-Senior level,FULL_TIME
Full-Time Store Associate,,18.5,,Full-time,,,Entry level,FULL_TIME
Full-Time Assistant Store Manager,,25.5,,Full-time,,,Entry level,FULL_TIME
Full-Time Store Associate,,17.5,,Full-time,,,Entry level,FULL_TIME
Full-Time Assistant Store Manager,,24.5,,Full-time,,,Entry level,FULL_TIME
Part-Time Store Cashier/Stocker,,16.5,,Part-time,,,Entry level,PART_TIME
RAD Travel Interventional Radiology Technologist - Job Id: JO03719706,,3209.0,,Full-time,,,Mid-Senior level,FULL_TIME
"Obstetrics & Gynecology Physician - $240,000/yearly",,240000.0,,Full-time,,,Mid-Senior level,FULL_TIME
Assistant Community Director,,28.0,,Full-time,,,Mid-Senior level,FULL_TIME
Sonographer Travel Echo Technician - Job Id: JO03721069,,2857.0,,Full-time,,,Entry level,FULL_TIME
Radiation Therapist Travel Radiation Therapist - Job Id: JO03720940,,2022.0,,Full-time,,,Entry level,FULL_TIME
Operations Coordinator,,18.0,,Full-time,,,Entry level,FULL_TIME
PACU Travel RN - Job Id: JO03720943,,2216.0,,Full-time,,,Mid-Senior level,FULL_TIME
CT Travel CT Technologist - Job Id: JO03721067,,2118.0,,Full-time,,,Mid-Senior level,FULL_TIME
Retail Stocking Associate,,12.0,,Part-time,,,Entry level,PART_TIME
Full-Time Store Associate,,18.0,,Full-time,,,Entry level,FULL_TIME
Part-Time Store Cashier/Stocker,,18.5,,Part-time,,,Entry level,PART_TIME
Full-Time Store Manager Trainee,,28.0,,Full-time,,,Internship,FULL_TIME
Full-Time Store Manager Trainee,,28.25,,Full-time,,,Internship,FULL_TIME
TELE Travel RN - Job Id: JO03720980,,2039.0,,Full-time,,,Mid-Senior level,FULL_TIME
MS Travel RN - Job Id: JO03721009,,2117.0,,Full-time,,,Mid-Senior level,FULL_TIME
Event Server- Full Time,,19.0,,Full-time,1.0,,Entry level,FULL_TIME
Administrative Assistant,,18.0,,Full-time,,,Entry level,FULL_TIME
Retail Sales Associate,,15.0,,Part-time,,,Entry level,PART_TIME
Cardiac Sonographer (Echo) Travel Echo Technician - Job Id: JO03720983,,3109.0,,Full-time,,,Entry level,FULL_TIME
CT Travel CT Technologist - Job Id: JO03721071,,2733.0,,Full-time,,,Mid-Senior level,FULL_TIME
Cardiovascular Tech Travel Cardiovascular Technologist - Job Id: JO03720969,,2965.0,,Full-time,,,Entry level,FULL_TIME
Cashier Associate,,15.0,,Part-time,,,Entry level,PART_TIME
ICU Travel RN - Job Id: JO03720945,,2190.0,,Full-time,,,Mid-Senior level,FULL_TIME
ST Travel Surgical Technologist - Job Id: JO03721059,,2112.0,,Full-time,,,Mid-Senior level,FULL_TIME
Part-Time Store Cashier/Stocker,,17.5,,Part-time,1.0,,Entry level,PART_TIME
Full-Time Store Manager Trainee,,28.25,,Full-time,,,Internship,FULL_TIME
Full-Time Store Associate,,18.5,,Full-time,,,Entry level,FULL_TIME
Full-Time Store Associate,,16.5,,Full-time,,,Entry level,FULL_TIME
Physician - Family Medicine with OB,,275120.0,,Full-time,,,Mid-Senior level,FULL_TIME
Assistant Professor Contemporary Art History,,68000.0,,Full-time,,,Mid-Senior level,FULL_TIME
General Maintenance Technician III,,51391.0,,Full-time,,,Entry level,FULL_TIME
Remote Office Assistant,,45.0,,Full-time,41.0,1.0,,FULL_TIME
Part-Time Store Cashier/Stocker,,17.0,,Part-time,,,Entry level,PART_TIME
Chargeback Specialist,,19.0,,Full-time,4.0,1.0,Entry level,FULL_TIME
Planner,,31.47,,Full-time,,,Mid-Senior level,FULL_TIME
Opening Lifeguard,,14.0,,Part-time,,,Entry level,PART_TIME
Travel RN - Job Id: JO03721027,,2040.0,,Full-time,,,Mid-Senior level,FULL_TIME
RAD Travel Rad Technologist - Job Id: JO03721073,,2207.0,,Full-time,,,Mid-Senior level,FULL_TIME
Travel PT - Job Id: JO03720933,,2089.0,,Full-time,,,Entry level,FULL_TIME
RAD Travel Rad Technologist - Job Id: JO03721072,,2207.0,,Full-time,,,Mid-Senior level,FULL_TIME
Psych Travel RN - Job Id: JO03720937,,2150.0,,Full-time,,,Mid-Senior level,FULL_TIME
OR Travel RN - Job Id: JO03721019,,2306.0,,Full-time,,,Mid-Senior level,FULL_TIME
Full-Time Store Associate,,17.5,,Full-time,,,Entry level,FULL_TIME
Part-Time Store Cashier/Stocker,,16.0,,Part-time,,,Entry level,PART_TIME
Full-Time Store Associate,,17.0,,Full-time,,,Entry level,FULL_TIME
Full-Time Store Associate,,17.0,,Full-time,,,Entry level,FULL_TIME
Full-Time Store Manager Trainee,,28.25,,Full-time,,,Internship,FULL_TIME
Full-Time Assistant Store Manager,,24.5,,Full-time,,,Entry level,FULL_TIME
Part-Time Store Associate/Cashier/Stocker,,18.0,,Part-time,,,Mid-Senior level,PART_TIME
Full-Time Assistant Store Manager,,24.5,,Full-time,,,Entry level,FULL_TIME
2nd Shift Part-Time Warehouse Associate,,25.75,,Part-time,,,Mid-Senior level,PART_TIME
ER Travel RN - Job Id: JO03720941,,2089.0,,Full-time,,,Mid-Senior level,FULL_TIME
RAD Travel CT Technologist - Job Id: JO03720988,,2144.0,,Full-time,,,Mid-Senior level,FULL_TIME
Warehouse High Reach Operator - First Shift,,19.25,,Full-time,1.0,,Entry level,FULL_TIME
Travel Ultrasound-Sonographer - Job Id: JO03721052,,2412.0,,Full-time,,,Entry level,FULL_TIME
Full-Time Assistant Store Manager,,24.5,,Full-time,,,Entry level,FULL_TIME
Part-Time Store Cashier/Stocker,,16.5,,Part-time,,,Entry level,PART_TIME
Part-Time Store Associate/Cashier/Stocker,,17.5,,Part-time,1.0,,Mid-Senior level,PART_TIME
1st Shift Part-Time Warehouse Associate,,23.75,,Part-time,,,Entry level,PART_TIME
Full-Time Store Associate,,16.5,,Full-time,,,Entry level,FULL_TIME
Payroll Tax Accountant,,29.49,,Contract,,,Entry level,CONTRACT
OR Travel RN - Job Id: JO03720942,,2476.0,,Full-time,,,Mid-Senior level,FULL_TIME
Bilingual Spanish Field Sales Representative,,50000.0,,Full-time,,1.0,,FULL_TIME
Full-Time Assistant Store Manager,,25.5,,Full-time,,,Entry level,FULL_TIME
Part-Time Store Cashier/Stocker,,17.0,,Part-time,,,Entry level,PART_TIME
Part-Time Store Cashier/Stocker,,18.0,,Part-time,,,Entry level,PART_TIME
Full-Time Assistant Store Manager,,24.0,,Full-time,,,Entry level,FULL_TIME
Part-Time Store Cashier/Stocker,,16.0,,Part-time,,,Entry level,PART_TIME
Part-Time Store Cashier/Stocker,,18.5,,Part-time,1.0,,Entry level,PART_TIME
MSTELE Travel RN - Job Id: JO03720964,,2260.0,,Full-time,,,Mid-Senior level,FULL_TIME
Oncology Travel RN - Job Id: JO03721016,,2180.0,,Full-time,,,Mid-Senior level,FULL_TIME
Community Association Manager,,65000.0,,Full-time,,,Mid-Senior level,FULL_TIME
Assistant Professor Printmaking,,55000.0,,Full-time,,,Mid-Senior level,FULL_TIME
ASSEMBLY OPERATOR II - 2nd Shift,,18.0,,Full-time,,,Associate,FULL_TIME
Compliance Associate - Monitoring and Testing,,71000.0,,Full-time,,1.0,Entry level,FULL_TIME
Administrative Coordinator,,24.08,,Full-time,1.0,,Associate,FULL_TIME
Software Engineer,,145000.0,,Full-time,,1.0,Mid-Senior level,FULL_TIME
Marketing Intern,,28.0,,Internship,2.0,1.0,,INTERNSHIP
Business/Legal Admin-Entry Level Temp to Perm-Hybrid in New York City,,25.0,,Contract,6.0,,Associate,CONTRACT
Site Manager,,68000.0,,Full-time,,,Mid-Senior level,FULL_TIME
Safety Manager,,85000.0,,Full-time,,,Mid-Senior level,FULL_TIME
Union Delivery Truck Driver - Non CDL,,24.0,,Full-time,,,Entry level,FULL_TIME
Certified Medical Assistant,,16.1,,Full-time,,,Entry level,FULL_TIME
Claims Adjuster,,60000.0,,Full-time,,,Entry level,FULL_TIME
Medical Collections Specialist,,13.0,,Full-time,,,Entry level,FULL_TIME
Industrial Maintenance Technician,,30.0,,Full-time,,,Entry level,FULL_TIME
Exhibit Attendant,,20.0,,Part-time,,,Entry level,PART_TIME
Solutions Advisor,,50000.0,,Full-time,,,Mid-Senior level,FULL_TIME
Direct Support Professional-Residential,,14.0,,Full-time,,,Entry level,FULL_TIME
Multi-Site Manager,,63800.0,,Full-time,,,Mid-Senior level,FULL_TIME
Med Aide-Full TIme,,10500.0,,Full-time,,,Entry level,FULL_TIME
Corporate Communications Manager,,132000.0,,Full-time,,1.0,Mid-Senior level,FULL_TIME
Data Analyst Strategist & Technology Engineer,,130000.0,,Full-time,2.0,1.0,Mid-Senior level,FULL_TIME
EAP Clinical Counselor (Overnight),,50000.0,,Full-time,,,Mid-Senior level,FULL_TIME
Anti-Money Laundering Analyst,,70000.0,,Full-time,,,Associate,FULL_TIME
Registered Nurse (RN),,38.0,,Part-time,,,Entry level,PART_TIME
Maintenance Assistant,,18.0,,Full-time,,,Entry level,FULL_TIME
Legal Receptionist,,45000.0,,Full-time,,,Entry level,FULL_TIME
Directof of Logistics & Mission Resources,,131300.0,,Full-time,,1.0,Director,FULL_TIME
"Project Manager of Child Abuse Prevention Supports, OSYD - 23353",,79200.0,,Full-time,,,Entry level,FULL_TIME
Lab Operations Manager,,70.0,,Contract,,,Mid-Senior level,CONTRACT
Seasonal Repair Specialist,,19.0,,Full-time,,,Entry level,FULL_TIME
Diversity Manager,,119000.0,,Full-time,,1.0,Mid-Senior level,FULL_TIME
Financial Controller,,150000.0,,Full-time,,,Mid-Senior level,FULL_TIME
Seasonal Repair Specialist,,20.75,,Full-time,,,Entry level,FULL_TIME
Cook,,13.0,,Full-time,,,Entry level,FULL_TIME
Technical Document Control Coordinator,,21.0,,Full-time,,,,FULL_TIME
Certified Nursing Assistant,,31200.0,,Full-time,,,Entry level,FULL_TIME
Recruiter Admission & Outreach,,36329.0,,Part-time,,,Entry level,PART_TIME
Asphalt QC Tech,,22.5,,Full-time,,,Entry level,FULL_TIME
Registered Nurse (RN),,36.0,,Full-time,,,Entry level,FULL_TIME
Data Architect,,200000.0,,Full-time,,,Mid-Senior level,FULL_TIME
"Administrative Assistant, Audio Visual - New York Hilton Midtown",,25.42,,Full-time,,,Entry level,FULL_TIME
Dishwasher - Bobby Van's Grill - JFK Airport,,19.0,,Full-time,,,Entry level,FULL_TIME
Project Director,,165000.0,,Full-time,,,Director,FULL_TIME
Starbucks Barista ,,19.5,,Full-time,,,Entry level,FULL_TIME
Facilities Maintenance 2,,30.79,,Full-time,,,Mid-Senior level,FULL_TIME
Systems Engineer,,30.0,,Contract,,,Mid-Senior level,CONTRACT
Red Marlin Greeter (Full Time) ,,21.66,,Full-time,,,Entry level,FULL_TIME
Car Wash Site Manager - Shop#706 - 1050 E Coliseum Blvd,,55000.0,,Full-time,,,Mid-Senior level,FULL_TIME
Physical Therapist,,5000.0,,Full-time,,,Entry level,FULL_TIME
Seasonal Repair Specialist,,19.0,,Full-time,,,Entry level,FULL_TIME
"RESEARCH SCIENTIST/ACADEMIC - Civil, Architectural and Environmental Engineering #00090903",,46.0,,Part-time,,,,PART_TIME
Front Office Agent ,,20.0,,Full-time,,,Entry level,FULL_TIME
"Intern, Technical Design LOFT",,20.0,,Internship,,,Internship,INTERNSHIP
Housekeeper/Room Attendant (Full Time) $19.25 ,,19.25,,Full-time,,,Entry level,FULL_TIME
"Outside Sales Rep. *NEW LOCATION* - Lufkin, TX",,36.0,,Full-time,,,,FULL_TIME
AP Coordinator,,27.0,,Contract,,,Entry level,CONTRACT
"Manager, Data Reporting & Analytics",,105000.0,,Full-time,,,Mid-Senior level,FULL_TIME
Financial Aid Specialist,,15.66,,Full-time,,,Entry level,FULL_TIME
Teller,,18.65,,Full-time,,,Entry level,FULL_TIME
Retail Store Manager,,60000.0,,Full-time,,,,FULL_TIME
GENERAL CLERK I,,17.51,,Full-time,,,Entry level,FULL_TIME
Human Resources Specialist,,27.53,,Contract,,,Associate,CONTRACT
Financial Aid Specialist,,15.66,,Full-time,,,Entry level,FULL_TIME
Registered Nurse (RN) - Full-Time/Part-Time/Casual All Shifts,,45.5,,Part-time,,,Mid-Senior level,PART_TIME
Seasonal Greeter - Red Marlin (On-Call) ,,21.66,,Temporary,,,Entry level,TEMPORARY
Certified Nursing Assistant (CNA) - Full-Time/Part-Time/Casual All Shifts,,28.0,,Part-time,,,Entry level,PART_TIME
Seasonal Bartender-Pelican's on the Bay (On Call) ,,16.85,,Temporary,,,Mid-Senior level,TEMPORARY
Director of Medicine,,233615.0,,Full-time,,,Mid-Senior level,FULL_TIME
Certified Nursing Assistant (CNA) - Full-Time/Part-Time Day/Evening,,27.5,,Part-time,,,Entry level,PART_TIME
FT MAINT CTR SUPPT SPEC_FACILITIES MAINTENAN(1924100),,35940.0,,Full-time,,,,FULL_TIME
Research Specialist,,45000.0,,Full-time,,,Mid-Senior level,FULL_TIME
Certified Nursing Assistant (CNA) - Full-Time/Part-Time 2nd Shift,,26.5,,Part-time,,,Entry level,PART_TIME
Certified Nursing Assistant (CNA) - Full-Time/Part-Time/Casual All Shifts,,27.5,,Part-time,,,Entry level,PART_TIME
FT-PARA I-PRE K HQP_W. HIALEAH GARDENS E(1237100),,22145.0,,Full-time,,,Entry level,FULL_TIME
Affordable Housing Brand Manager,,117000.0,,Full-time,,1.0,Mid-Senior level,FULL_TIME
Registered Nurse (RN) Wound Care,,71.0,,Full-time,,,Associate,FULL_TIME
Certified Nursing Assistant (CNA) - Full-Time/Part-Time/Casual All Shifts,,27.5,,Part-time,,,Entry level,PART_TIME
General Manager,,60000.0,,Full-time,,,Executive,FULL_TIME
Registered Nurse (RN) - Full-Time All Shifts,,45.5,,Full-time,,,Mid-Senior level,FULL_TIME
Licensed Practical Nurse - Full-Time/Part-Time/Casual All Shifts,,36.0,,Part-time,,,Entry level,PART_TIME
FT-PARA I-BILINGUAL_MIAMI BEACH NAUTILUS(1654100),,20959.0,,Full-time,,,Entry level,FULL_TIME
"Restaurant Crewmember - Cook, Cashier & Customer Service",,12.0,,Full-time,,,Entry level,FULL_TIME
Infection Preventionist - Full-Time 1st Shift,,37.0,,Full-time,,,Entry level,FULL_TIME
Technical Services Administrator (Onsite In Anaheim),,30.0,,Contract,,,Entry level,CONTRACT
FT-PARA I-THERAPEU(P)_AMELIA EARHART ELEME(1152100),,20959.0,,Full-time,,,Entry level,FULL_TIME
Custodian (2nd Shift) - Jefferson County Traditional Middle School (2023-24),,15.36,,Full-time,,,Entry level,FULL_TIME
Custodian (2nd Shift) - Central High School (2023-24) (6 Vacancies),,15.36,,Full-time,,,Entry level,FULL_TIME
#13644 - Data Collection Associate,,22.0,,Full-time,1.0,,Entry level,FULL_TIME
"Customer Solutions Representative – Collector - Jacksonville, FL - Starting July 2024",,23.0,,Full-time,,,Mid-Senior level,FULL_TIME
Machine Operator - Third Shift,,23.73,,Full-time,,,,FULL_TIME
Nuclear Pharmacy Technician,,17.0,,Full-time,,,Entry level,FULL_TIME
"FL- Salary - Superintendent, Construction",,30.0,,Full-time,,,,FULL_TIME
"Warehouse Associate (FT, Nights)",,20.61,,Full-time,,,Entry level,FULL_TIME
Facilities Representative,,20.25,,Full-time,,,Mid-Senior level,FULL_TIME
Maintenance Technician II,,31.77,,Full-time,,,Entry level,FULL_TIME
Part-Time Warehouse Associate,,20.95,,Part-time,,,Entry level,PART_TIME
ISP Support Technician,,15.5,,Full-time,,1.0,Entry level,FULL_TIME
Customer Service Representative,,21.0,,Full-time,,,Mid-Senior level,FULL_TIME
Procurement Buyer,,40.0,,Full-time,,,Mid-Senior level,FULL_TIME
Urology Sales Representative,,75000.0,,Full-time,,,Entry level,FULL_TIME
Behavior Technician - ST,,21.0,,Full-time,,,Entry level,FULL_TIME
Licensed Professional Counselor - Psych,,60.0,,Contract,,,Mid-Senior level,CONTRACT
LPN Psych,,35.0,,Full-time,,,Entry level,FULL_TIME
RN Corrections Days/Evenings Full Time!!!,,55.0,,Full-time,,,Mid-Senior level,FULL_TIME
Physical Therapist,,28.0,,Full-time,,,Entry level,FULL_TIME
Medical Assistant,,16.0,,Full-time,,,Entry level,FULL_TIME
Occupational Therapist - Salinas California,,62.0,,Full-time,,,Entry level,FULL_TIME
Licensed Clinical Social Worker - Boston Massachusetts,,55.0,,Full-time,,,Entry level,FULL_TIME
Event Coordinator,,25.0,,Full-time,,,Entry level,FULL_TIME
Maintenance Assistant,,23.0,,Full-time,,,Entry level,FULL_TIME
EC Teacher for '24/'25 Needed!,,30.0,,Full-time,,,Entry level,FULL_TIME
CNA,,20.0,,Full-time,,,Entry level,FULL_TIME
Seasonal Membership Ambassador,,16.0,,Part-time,,,Mid-Senior level,PART_TIME
Merchandiser (Union) - Seasonal,,21.58,,Temporary,,,Entry level,TEMPORARY
DHS Credentialed/Experienced Background Investigator-Nationwide,,28.5,,Full-time,,,Entry level,FULL_TIME
Delivery Driver,,17.0,,Full-time,,,Entry level,FULL_TIME
ISP Support Technician,,15.5,,Full-time,,1.0,Entry level,FULL_TIME
Driver II,,19.0,,Full-time,,,Entry level,FULL_TIME
Speech Language Pathologist - Uniontown Pennsylvania,,47.0,,Full-time,,,Entry level,FULL_TIME
Administrative Assistant,,16.0,,Full-time,,,Entry level,FULL_TIME
Merchandiser (Union) - Seasonal,,21.58,,Temporary,,,Entry level,TEMPORARY
Production CAS-Night Shift,,19.0,,Temporary,,,Mid-Senior level,TEMPORARY
Production CAS-Day Shift,,17.5,,Temporary,,,Mid-Senior level,TEMPORARY
Machine Operator I - 3rd shift,,16.5,,Full-time,,,Entry level,FULL_TIME
Maintenance Mechanic,,75000.0,,Full-time,,,Entry level,FULL_TIME
Behavior Technician | $562.50 Weekly,,15.0,,Part-time,,,Entry level,PART_TIME
Entry Level Background Investigator- Southeast Region,,23.3,,Part-time,,,Mid-Senior level,PART_TIME
Warehouse Associate - 2nd Shift,,21.4,,Full-time,,,Entry level,FULL_TIME
Warehouse Operator - Robinson,,25.12,,Part-time,,,Entry level,PART_TIME
Regional Director Design - Architecture,,500000.0,,Full-time,,,Director,FULL_TIME
Driver,,17.0,,Full-time,,,Entry level,FULL_TIME
Coordinator Sample Process,,21.81,,Full-time,,,Entry level,FULL_TIME
"SPED Teacher - up to $1,800.00/week - El Mirage, AZ",,45.0,,Part-time,,,Entry level,PART_TIME
Accounts Receivable,,22.0,,Full-time,,,Entry level,FULL_TIME
"Temporary Deputy Managing Editor, House Beautiful",,65.0,,Full-time,,,Mid-Senior level,FULL_TIME
Diesel Service Mechanic,,35.0,,Full-time,,,,FULL_TIME
Pre-Release Technician *Contract 18 Months*,,23.0,,Temporary,,,Entry level,TEMPORARY
DHS Credentialed/Experienced Background Investigator-Nationwide,,34.47,,Full-time,,,Entry level,FULL_TIME
Sales Support Supervisor,,58000.0,,Full-time,,,Mid-Senior level,FULL_TIME
Maintenance Supervisor,,55.0,,Full-time,,,Mid-Senior level,FULL_TIME
Senior Sales Support Specialist,,16.83,,Full-time,1.0,1.0,Mid-Senior level,FULL_TIME
"Coordinator, Telecommunications",,87375.0,,Full-time,,,Entry level,FULL_TIME
Azure Security Architect,,80.0,,Full-time,,,Mid-Senior level,FULL_TIME
Maintenance Technician,,27.0,,Full-time,,,Entry level,FULL_TIME
Charge Nurse - RN or LPN,,34.75,,Full-time,,,Mid-Senior level,FULL_TIME
Market Research & Pricing Analyst,,90000.0,,Full-time,,,Mid-Senior level,FULL_TIME
CUT Back Server,,16.0,,Full-time,,,,FULL_TIME
Business Development Associate - Entry Level,,68000.0,,Full-time,,,,FULL_TIME
Housekeeping House Attendant,,18.51,,Full-time,,,,FULL_TIME
Guest Room Attendant - Full Time,,25.16,,Full-time,,,,FULL_TIME
Route Delivery Driver,,19.5,,Full-time,,,Entry level,FULL_TIME
Driver Sales Rep,,34.71,,Full-time,,,,FULL_TIME
Accounts Payable Inventory Clerk,,18.5,,Full-time,,,Entry level,FULL_TIME
Store Associate - Shortage Control,,11.0,,Part-time,,,Mid-Senior level,PART_TIME
Trailer Mechanic - 2nd Shift,,25.76,,Full-time,,,,FULL_TIME
VA Benefits Advisor - MCB Camp Pendleton,,21.6,,Full-time,,,Mid-Senior level,FULL_TIME
BF - Boneblack Tender,,25.12,,Full-time,,,,FULL_TIME
"NewsNation Producer Assistant, NewsNation Now",,28.0,,Part-time,,,Mid-Senior level,PART_TIME
Production Operator,,20.02,,Full-time,,,,FULL_TIME
Technician Assistant,,16.5,,Full-time,,,Entry level,FULL_TIME
General Labor 2nd Shift,,17.0,,Full-time,,,Entry level,FULL_TIME
Utility Locator,,16.0,,Full-time,,,Entry level,FULL_TIME
"Per Diem Chaplain, Pastoral Care And Education, Mount Sinai Morningside",,30.58,,Part-time,,,Mid-Senior level,PART_TIME
Guestroom Attendant - Full Time,,25.16,,Full-time,,,,FULL_TIME
Trailer Mechanic,,24.76,,Full-time,,,,FULL_TIME
CDL A Delivery Truck Driver,,30.25,,Full-time,,,,FULL_TIME
PT,,118000.0,,Full-time,,,Entry level,FULL_TIME
NDT Inspector - Associate (Evening Shift),,25.89,,Full-time,,,Entry level,FULL_TIME
Customer Service Representative,,20.63,,Full-time,,,,FULL_TIME
Distribution - Warehouse Associates,,18.5,,Full-time,,,Entry level,FULL_TIME
Supply Chain Intern - 10 Week,,21.0,,Full-time,,,Internship,FULL_TIME
PCU/Stepdown Travel RN - Job Id: JO03721112,,2017.0,,Full-time,,,,FULL_TIME
MS Travel RN - Job Id: JO03721100,,2044.0,,Full-time,,,Mid-Senior level,FULL_TIME
Material Handler - 3rd Shift,,21.0,,Full-time,,,,FULL_TIME
Peds Travel RN - Job Id: JO03721131,,2185.0,,Full-time,,,Mid-Senior level,FULL_TIME
ST,,2000.0,,Full-time,,,Entry level,FULL_TIME
Dietitian - Dietary Manager - Full Time,,5000.0,,Full-time,,,Entry level,FULL_TIME
ST Travel Surgical Technologist - Job Id: JO03721105,,2331.0,,Full-time,,,Mid-Senior level,FULL_TIME
TM-Supply Chain Data Entry Clerk,,16.2,,Full-time,,,Entry level,FULL_TIME
Guest Room Attendant - Full Time,,25.16,,Full-time,,,,FULL_TIME
Cashier Associate,,16.0,,Part-time,,,Entry level,PART_TIME
Veterinary Assistant,,15.0,,Full-time,,,Entry level,FULL_TIME
SENIOR ACCOUNTANT,,105000.0,,Temporary,,,Mid-Senior level,TEMPORARY
PAYROLL SPECIALIST,,80000.0,,Full-time,,,Mid-Senior level,FULL_TIME
LPN,,80000.0,,Full-time,,,,FULL_TIME
Housekeeper,,18.0,,Full-time,,,Entry level,FULL_TIME
"Locum Cardiology Nurse Practitioner job in Cambridge, OH - Make $85/hr - $100/hr",,85.0,,Full-time,,,Mid-Senior level,FULL_TIME
1st Shift Trailer Mechanic - Bonuses Available,,31.28,,Full-time,,,,FULL_TIME
Senior Director of Real Estate Finance,,150000.0,,Full-time,,,Director,FULL_TIME
STAFF ACCOUNTANT,,80000.0,,Full-time,,,Associate,FULL_TIME
Assistant Store Manager,,28.56,,Full-time,,,,FULL_TIME
Home Health Travel RN - Job Id: JO03721093,,2170.0,,Full-time,,,Mid-Senior level,FULL_TIME
General Laborer/Assembler - 3rd Shift,,17.5,,Full-time,,,Entry level,FULL_TIME
Respiratory Therapist Travel RRT - Job Id: JO03721157,,2152.0,,Full-time,,,Entry level,FULL_TIME
"Warehouse Forklift Operator- Chesterfield, NH",,21.25,,Full-time,,,Entry level,FULL_TIME
PT,,118000.0,,Full-time,,,Entry level,FULL_TIME
"Senior Consultant, Cloud Security, Proactive Services (Unit 42)",,88000.0,,Full-time,,1.0,Associate,FULL_TIME
Retail Sales Associate,,16.0,,Part-time,,,Entry level,PART_TIME
"Field Property Claims Adjuster: Fort Collins, Greeley, Longmont CO",,26.3,,Full-time,,1.0,,FULL_TIME
"Research Associate, Family Demography",,93000.0,,Full-time,,,Associate,FULL_TIME
Service Technician,,20.0,,Full-time,,,Entry level,FULL_TIME
Senior Account Executive,,50000.0,,Full-time,,,Mid-Senior level,FULL_TIME
Executive Producer,,140000.0,,Full-time,,,Director,FULL_TIME
"Pharmaceutical Sales & Service Associate - San Antonio, TX",,65000.0,,Full-time,,,Entry level,FULL_TIME
MRI Travel Rad Technologist - Job Id: JO03721134,,2962.0,,Full-time,,,Mid-Senior level,FULL_TIME
General Laborer/Assembler - 1st Shift,,17.5,,Full-time,,,Entry level,FULL_TIME
TELE Travel RN - Job Id: JO03721184,,2351.0,,Full-time,,,Mid-Senior level,FULL_TIME
Evening Shift LPN,,80000.0,,Full-time,,,Mid-Senior level,FULL_TIME
Junior Project Manager (Video Production),,30.0,,Contract,,,Mid-Senior level,CONTRACT
Dialysis Travel RN - Job Id: JO03721264,,2234.0,,Full-time,,,Mid-Senior level,FULL_TIME
Assistant Store Manager,,23.85,,Full-time,,,,FULL_TIME
Material Handler,,17.0,,Full-time,,,Entry level,FULL_TIME
Credit Portfolio Manager,,111795.1,,Full-time,,,,FULL_TIME
Learning Experience Designer/Developer II,,45.0,,Contract,,1.0,Entry level,CONTRACT
Night Shift LPN,,80000.0,,Full-time,,,Mid-Senior level,FULL_TIME
Nurse Practitioner or Physician Assistant - Walk-In Clinic,,130000.0,,Full-time,,,Mid-Senior level,FULL_TIME
AV Technician I,,44346.12,,Full-time,,,Entry level,FULL_TIME
IT Support Specialist,,21.0,,Full-time,,,Entry level,FULL_TIME
Forklift Operator,,19.0,,Full-time,,,Entry level,FULL_TIME
Administrative Assistant,,17.0,,Full-time,,,Entry level,FULL_TIME
Office Assistant,,18.0,,Full-time,,,Entry level,FULL_TIME
CDL Truck Driver & Material Handler,,22.0,,Full-time,,,Entry level,FULL_TIME
Staff Site Reliability Engineer (Remote),,220000.0,,Full-time,,1.0,Mid-Senior level,FULL_TIME
CDL Driver Class A - Tractor Trailer,,25.0,,Full-time,,,Associate,FULL_TIME
Product Manager,,130000.0,,Full-time,,1.0,Mid-Senior level,FULL_TIME
Dietary Aide,,15.85,,Full-time,,,Entry level,FULL_TIME
Hazmat Tanker Driver With Sign On Bonus,,5000.0,,Full-time,,,Entry level,FULL_TIME
"Manager, Contract Compliance",,120000.0,,Contract,,1.0,Mid-Senior level,CONTRACT
"Manager, Business Continuity & Disaster Recovery",,150000.0,,Full-time,,1.0,Mid-Senior level,FULL_TIME
Teller,,18.65,,Part-time,,,Entry level,PART_TIME
Patient Care Technician (PCT),,18.0,,Full-time,,,Entry level,FULL_TIME
Physician Assistant (PA) or Nurse Practitioner (NP),,70.0,,Part-time,,,Entry level,PART_TIME
Physician Assistant (PA) or Nurse Practitioner (NP),,70.0,,Part-time,,,Entry level,PART_TIME
Gov. Contract Coordinator,,68600.0,,Contract,,1.0,Entry level,CONTRACT
Seasonal Food & Beverage Intern - (Full-Time) ,,23.0,,Full-time,,,Internship,FULL_TIME
"Director, Information Security",,206000.0,,Full-time,,1.0,Director,FULL_TIME
Contract Compliance Specialist,,76000.0,,Contract,,1.0,Mid-Senior level,CONTRACT
Sanitation Associate,,18.41,,Full-time,,,Entry level,FULL_TIME
Cleaner,,15.5,,Full-time,,,Entry level,FULL_TIME
"Administrative Assistant- $1,000 Retention Bonus ",,22.0,,Full-time,,,Entry level,FULL_TIME
Direct Support Professional - Day Programs,,16.0,,Full-time,,,Entry level,FULL_TIME
Senior Project Engineering Manager,,135000.0,,Full-time,,,Mid-Senior level,FULL_TIME
Plant Maintenance/Mechanic,,42.11,,Full-time,,,Entry level,FULL_TIME
GROUNDS MAINTENANCE LABORER,,22.96,,Full-time,,,Entry level,FULL_TIME
Housekeeping | Room Attendant | Part Time | $17/hr ,,17.0,,Part-time,,,Entry level,PART_TIME
Stewarding - Supervisor ,,21.0,,Full-time,,,Mid-Senior level,FULL_TIME
HEAVY EQUIPMENT MECHANIC,,32.85,,Full-time,,,Entry level,FULL_TIME
Truck Driver,,27.5,,Full-time,,,Entry level,FULL_TIME
"Per Diem Registered Nurse - Med Surg, Days",,70.0,,Temporary,,,,TEMPORARY
Ambulatory Care Nurse - Outpatient Radiology - Garden City,,106000.0,,Full-time,,,,FULL_TIME
Service Technician,,120000.0,,Full-time,,,Entry level,FULL_TIME
Overnight Security Officer ,,22.0,,Full-time,,,Entry level,FULL_TIME
"Valet Attendant |Benefits Include: Paid Vacation, Complimentary Nights Stay, and MANY MORE! ",,16.5,,Full-time,,,Entry level,FULL_TIME
Housekeeper/Room Attendant ,,24.78,,Full-time,,,Entry level,FULL_TIME
GROUNDS MAINTENANCE LABORER,,22.96,,Full-time,,,Entry level,FULL_TIME
Research Specialist,,45000.0,,Full-time,,,Mid-Senior level,FULL_TIME
Student Resource Specialist I (TEMP),,15.66,,Temporary,,,Internship,TEMPORARY
Onboarding Specialist - Remote,,25.0,,Full-time,3.0,1.0,Entry level,FULL_TIME
Delivery Driver - Pharmacy Services,,21.0,,Full-time,,,Entry level,FULL_TIME
Retail Associate (Seasonal),,15.0,,Part-time,,,Mid-Senior level,PART_TIME
Behavior Technician - ST,,21.0,,Full-time,,,Entry level,FULL_TIME
Certified Nursing Assistant (CNA) - Full-Time Evening/NOC,,26.0,,Full-time,,,Entry level,FULL_TIME
"Psychiatric Technician, Inpatient",,19.5,,Full-time,,,Entry level,FULL_TIME
Retail Merchandiser - Electronics - Part Time,,18.0,,Part-time,,,Entry level,PART_TIME
Retail Merchandiser - Electronics - Part Time,,17.0,,Part-time,,,Entry level,PART_TIME
Spa Retail Attendant - Regent Santa Monica Beach Opening 2024,,19.0,,Full-time,,,Entry level,FULL_TIME
Part-Time Customer Care Call Center,,19.0,,Other,,,Entry level,OTHER
Kohler Manufacturing - Molding Operators,,21.95,,Full-time,,,Entry level,FULL_TIME
Maintenance Technician III,,40.63,,Full-time,,,Entry level,FULL_TIME
Apprentice Technician,,8000.0,,Part-time,,,Internship,PART_TIME
Esthetician - Regent Santa Monica Beach Opening 2024,,19.0,,Full-time,,,Entry level,FULL_TIME
Food & Beverage Hourly Manager - City Cruises Baltimore,,20.0,,Full-time,,,Mid-Senior level,FULL_TIME
Retail Merchandiser - Electronics - Part Time,,16.0,,Part-time,,,Entry level,PART_TIME
Maintenance Technician II,,31.77,,Full-time,,,Entry level,FULL_TIME
Lead Supervisor I,,18.0,,Full-time,,,Mid-Senior level,FULL_TIME
Massage Therapist - Regent Santa Monica Beach Opening 2024,,19.0,,Full-time,,,Entry level,FULL_TIME
Operations Analyst,,33.0,,Full-time,,,Mid-Senior level,FULL_TIME
CNA - LTC - $29/hr,,29.0,,Full-time,,,Entry level,FULL_TIME
Behavior Technician - ST,,21.0,,Full-time,,,Entry level,FULL_TIME
Retail Merchandiser - Electronics - Part Time,,18.0,,Part-time,,,Entry level,PART_TIME
SLP 24-25 SY,,75.0,,Full-time,,,Entry level,FULL_TIME
LPN Long Term Care (LTC),,38.0,,Full-time,,,Entry level,FULL_TIME
Behavior Technician - ST,,21.0,,Full-time,,,Entry level,FULL_TIME
Cannabis Inventory Specialist,,22.0,,Full-time,,,Entry level,FULL_TIME
Licensed Vocational Nurse (LVN),,33.41,,Part-time,,,Entry level,PART_TIME
Groundskeeper,,22.0,,Full-time,,,,FULL_TIME
Business Sales Representative - Solutions Advisor,,150000.0,,Full-time,,,,FULL_TIME
Real ID Specialist (Multiple Positions) (Limited Duration),,3619.0,,Full-time,,,Mid-Senior level,FULL_TIME
Registered Nurse (RN),,51.45,,Full-time,,,Mid-Senior level,FULL_TIME
"Internal Medicine Physician - $/yearly - $360,000/yearly",,360000.0,,Full-time,,,Mid-Senior level,FULL_TIME
NON-CDL Driver,,22.0,,Full-time,,,,FULL_TIME
Cannabis Inventory Specialist,,22.0,,Full-time,,,Entry level,FULL_TIME
"Family Practice-Without OB Physician - $/yearly - $270,000/yearly",,270000.0,,Full-time,,,Mid-Senior level,FULL_TIME
"Family Practice-Without OB Physician - $/yearly - $315,000/yearly",,315000.0,,Full-time,,,Mid-Senior level,FULL_TIME
RAD Travel Interventional Radiology Technologist - Job Id: JO03721389,,2512.0,,Full-time,,,Mid-Senior level,FULL_TIME
OR Travel RN - Job Id: JO03721419,,2164.0,,Full-time,,,Mid-Senior level,FULL_TIME
Cardiovascular (CVOR) Travel Surgical Technologist - Job Id: JO03721351,,2082.0,,Full-time,,,Entry level,FULL_TIME
RAD Travel Rad Technologist - Job Id: JO03721329,,2489.0,,Full-time,,,Mid-Senior level,FULL_TIME
Senior Application Security Engineer,,96.0,,Full-time,,,Mid-Senior level,FULL_TIME
CDLA Delivery Driver,,30.5,,Full-time,,,,FULL_TIME
Cable Assembler,,16.0,,Full-time,,,Entry level,FULL_TIME
L&D Travel RN - Job Id: JO03721428,,2611.0,,Full-time,,,Mid-Senior level,FULL_TIME
CT Travel CT Technologist - Job Id: JO03721390,,2225.0,,Full-time,,,Mid-Senior level,FULL_TIME
TELE Travel RN - Job Id: JO03721425,,2035.0,,Full-time,,,Mid-Senior level,FULL_TIME
Business Sales Representative - Solutions Advisor,,150000.0,,Full-time,,,,FULL_TIME
Trailer Mechanic - FAC SHift,,34.28,,Full-time,,,,FULL_TIME
"Family Practice-Without OB Physician - $/yearly - $315,000/yearly",,315000.0,,Full-time,,,Mid-Senior level,FULL_TIME
"Family Practice-Without OB Physician - $/yearly - $370,000/yearly",,370000.0,,Full-time,,,Mid-Senior level,FULL_TIME
MRI Travel MRI Technologist - Job Id: JO03721402,,2525.0,,Full-time,,,Mid-Senior level,FULL_TIME
Cardiac Sonographer (Echo) Travel Echo Technician - Job Id: JO03721361,,2252.0,,Full-time,,,Entry level,FULL_TIME
RAD Travel Interventional Radiology Technologist - Job Id: JO03721350,,2399.0,,Full-time,,,Mid-Senior level,FULL_TIME
X-Ray Travel Rad Technologist - Job Id: JO03721392,,2193.0,,Full-time,,,Mid-Senior level,FULL_TIME
CT Travel CT Technologist - Job Id: JO03721395,,2225.0,,Full-time,,,Mid-Senior level,FULL_TIME
"Family Practice-Without OB Physician - $/yearly - $315,000/yearly",,315000.0,,Full-time,,,Mid-Senior level,FULL_TIME
L&D Travel RN - Job Id: JO03721429,,2611.0,,Full-time,,,Mid-Senior level,FULL_TIME
L&D Travel RN - Job Id: JO03721430,,2611.0,,Full-time,,,Mid-Senior level,FULL_TIME
Quality Technician,,22.0,,Full-time,,,Entry level,FULL_TIME
CT Travel CT Technologist - Job Id: JO03721391,,2225.0,,Full-time,,,Mid-Senior level,FULL_TIME
L&D Travel RN - Job Id: JO03721328,,2115.0,,Full-time,,,Mid-Senior level,FULL_TIME
MRI Travel MRI Technologist - Job Id: JO03721397,,2049.0,,Full-time,,,Mid-Senior level,FULL_TIME
Cardiac Sonographer (Echo) Travel Echo Technician - Job Id: JO03721410,,2249.0,,Full-time,,,Entry level,FULL_TIME
L&D Travel RN - Job Id: JO03721431,,2611.0,,Full-time,,,Mid-Senior level,FULL_TIME
Travel RRT - Job Id: JO03721423,,2013.0,,Full-time,,,Entry level,FULL_TIME
"Part Time Nabisco Merchandiser - West New York, NJ",,16.0,,Part-time,,,Entry level,PART_TIME
Logistics & Operations Associate II,,26.5,,Full-time,,,Mid-Senior level,FULL_TIME
Associate Service Coordinator – 100% Remote,,18.0,,Full-time,,1.0,Entry level,FULL_TIME
Customer Service Representative,,16.28,,Part-time,,,Mid-Senior level,PART_TIME
Tour Guide,,16.0,,Full-time,,,Entry level,FULL_TIME
Financial Advisor II - Metropole,,73500.0,,Full-time,,,Mid-Senior level,FULL_TIME
Field Technician,,20.75,,Full-time,,,Entry level,FULL_TIME
Supervising Social Worker - Hybrid - Career progression,,49400.0,,Full-time,,,Entry level,FULL_TIME
Tire Service Technician - Beaufort,,14.0,,Full-time,,,Entry level,FULL_TIME
CDL-A Delivery Driver - Home Daily - Earn Up to $105k/Year + Benefits,,105000.0,,Full-time,,,Entry level,FULL_TIME
"Welder - 2nd Shift - $4,000 sign-on bonus!",,21.75,,Full-time,,,Entry level,FULL_TIME
"Sr. Chef Manager - Los Angeles, CA",,80000.0,,Full-time,,,Mid-Senior level,FULL_TIME
Community Mental Health Advocate,,11000.0,,Full-time,,,Mid-Senior level,FULL_TIME
Warehouse Associate,,27.37,,Full-time,,,Entry level,FULL_TIME
Forklift Operator,,19.75,,Full-time,,,Entry level,FULL_TIME
Admitting Representative (Sun & Sat 4pm-12am),,27.47,,Full-time,,,,FULL_TIME
Admitting Representative (Mon-Fri 12am-8am),,50003.12,,Full-time,,,,FULL_TIME
Insurance Verification Specialist,,22.0,,Full-time,,,Entry level,FULL_TIME
Floating Maintenance Technician - California,,25.0,,Part-time,,,Entry level,PART_TIME
Medical Receptionist,,24.0,,Full-time,,,Entry level,FULL_TIME
"Physical Therapist, Per Visit Home Health Care",,78.0,,Temporary,,,,TEMPORARY
Admitting Representative (Per Diem),,27.47,,Full-time,,,,FULL_TIME
Admitting Representative (Sun & Sat 4pm-12am),,27.47,,Full-time,,,,FULL_TIME
"Chaplain Fellow - Spiritual Care Services - Fixed Term (1.0 FTE, Days)",,52000.0,,Part-time,,,Entry level,PART_TIME
Admitting Representative (Per Diem),,27.47,,Full-time,,,,FULL_TIME
Remote Licensed Clinical Psychologist,,84.0,,Full-time,,1.0,Mid-Senior level,FULL_TIME
Ambulance Care Assistant (Driver) - Days,,25351.44,,Full-time,,,,FULL_TIME
Ford Service Technician,,42.0,,Full-time,,,Entry level,FULL_TIME
Full Time Nabisco Merchandiser/Order Writer,,18.0,,Full-time,,,Entry level,FULL_TIME
Field Technician,,18.75,,Full-time,,,Entry level,FULL_TIME
Ford Service Technician,,42.0,,Full-time,,,Entry level,FULL_TIME
SECURITY OFFICER (EVENING OR OVERNIGHT SHIFT) (SIGN-ON BONUS),,16.15,,Full-time,,,Entry level,FULL_TIME
Nursing Assistant - Infusion Center; 0.7 FTE; Day/PM Shift,,19.03,,Part-time,,,Entry level,PART_TIME
Groundskeeper #41910,,15.33,,Full-time,,,Entry level,FULL_TIME
Long Term Care Complaint Investigator ,,8260.0,,Full-time,,,,FULL_TIME
Sales Support Representative,,50000.0,,Full-time,,,Associate,FULL_TIME
Director of Business Development,,120000.0,,Full-time,,,Director,FULL_TIME
Sales Executive,,125000.0,,Full-time,,,Associate,FULL_TIME
Environmental Designer [74498],,30.0,,Contract,,,Entry level,CONTRACT
Sales Executive,,100000.0,,Full-time,,,Associate,FULL_TIME
Seasonal Repair Service Specialist,,19.0,,Full-time,,,Mid-Senior level,FULL_TIME
Anti-Money Laundering Team Lead,,85000.0,,Full-time,,,Mid-Senior level,FULL_TIME
Outside Sales Representative,,80000.0,,Full-time,,,Associate,FULL_TIME
Housekeeping Manager,,75000.0,,Full-time,1.0,,Mid-Senior level,FULL_TIME
Sales Executive,,80000.0,,Full-time,,,Associate,FULL_TIME
Data Capability Development Lead | Remote,,85.0,,Contract,,,Mid-Senior level,CONTRACT
Food Runner ,,15.5,,Full-time,,,Entry level,FULL_TIME
Outside Sales Representative,,65000.0,,Full-time,,,Associate,FULL_TIME
Territory Sales Representative,,60000.0,,Full-time,,,Associate,FULL_TIME
APP Nurse Anesthetist/UKHC,,75.03,,Full-time,,,Mid-Senior level,FULL_TIME
HEAVY TRUCK DRIVER,,29.67,,Part-time,,,Entry level,PART_TIME
Contract Manager,,57.24,,Contract,,1.0,,CONTRACT
"Management Information Specialist, CG-0301-14 (ICTAP)",,252500.0,,Full-time,,,Executive,FULL_TIME
Facilities Maintenance Technician - DIA - $32.65 Per Hour,,32.65,,Full-time,,,Entry level,FULL_TIME
Physical Therapist Bayway St. Petersburg Orthopedics,,70000.0,,Full-time,,,Entry level,FULL_TIME
LinkedIn Editor,,60.0,,Contract,20.0,1.0,,CONTRACT
Fulfillment Specialist,,21.0,,Full-time,,,Entry level,FULL_TIME
Co Producer,,40.0,,Temporary,,,,TEMPORARY
Merchandiser (Seasonal/Part Time),,22.65,,Part-time,,,,PART_TIME
Assistant Store Manager,,60000.0,,Full-time,1.0,,Entry level,FULL_TIME
Class A CDL Associate Driver,,25.0,,Full-time,,,,FULL_TIME
Security Site Supervisor,,27.0,,Full-time,,,,FULL_TIME
Reach Truck Operator,,21.0,,Full-time,,,Entry level,FULL_TIME
Accounts Payable Accountant - 24307,,45.0,,Contract,2.0,,Entry level,CONTRACT
Junior Level E-Discovery,,50.0,,Contract,2.0,,,CONTRACT
NEON - Lead Field Technician - Mammalogy - AZ,,17.59,,Full-time,,1.0,Mid-Senior level,FULL_TIME
System Deliver Manager - Global Benefits,,80000.0,,Full-time,,,Associate,FULL_TIME
Route Service Delivery Driver CDL,,63605.0,,Full-time,,,,FULL_TIME
Licensed Behavioral Health Professional,,45.0,,Full-time,,,Entry level,FULL_TIME
General Labor - Operations Part-time/Seasonal,,19.45,,Part-time,,,,PART_TIME
FT Host - The George,,21.84,,Full-time,,,Entry level,FULL_TIME
Journeyman HVAC Technician (JPL),,54.18,,Full-time,,,Entry level,FULL_TIME
Claims Lawyer,,130000.0,,Full-time,,,Mid-Senior level,FULL_TIME
Route Service Delivery Driver CDL,,63605.0,,Full-time,,,,FULL_TIME
Dental Hygienist,,55.0,,Full-time,,,Entry level,FULL_TIME
Board Certified Behavior Analyst (BCBA),,85000.0,,Full-time,,,Associate,FULL_TIME
Sales Manager - Roofing Industry,,100000.0,,Full-time,,,Mid-Senior level,FULL_TIME
"Apprentice Jeweler - Signet Jewelers - Shops at La Palmera - Corpus Christi, TX",,15.0,,Full-time,,,Internship,FULL_TIME
Maintenance Technician III,,25.0,,Full-time,,,Entry level,FULL_TIME
Driver - Transport Driver (tractor trailer) Part Time Kissimmee,,32000.0,,Part-time,1.0,,,PART_TIME
Class A Driver- Centreville,,65000.0,,Full-time,,,,FULL_TIME
Route Service Delivery Driver CDL,,57825.0,,Full-time,,,,FULL_TIME
CDL Truck Driver Roll Off,,21.0,,Full-time,,,Entry level,FULL_TIME
Diesel Mechanic,,25.75,,Full-time,,,Entry level,FULL_TIME
Customer Service Representative,,18.86,,Contract,8.0,,Associate,CONTRACT
Director of Software Engineering,,200000.0,,Full-time,2.0,,Director,FULL_TIME
Dental Assistant,,15.0,,Full-time,,,Entry level,FULL_TIME
Dental Assistant,,27.0,,Full-time,,,Entry level,FULL_TIME
Mobile Donor Phlebotomist (Paid Training) Tues-Sat,,17.0,,Full-time,,,Entry level,FULL_TIME
Production Associate - Garment Hanger/Inspector - Up To $19.25/Hour,,19.25,,Full-time,,,,FULL_TIME
Production Operator - 1872963,,20.63,,Full-time,,,Associate,FULL_TIME
Purchasing Clerk,,22.25,,Full-time,,,Entry level,FULL_TIME
Appellate Court Judicial Law Clerk/Secretary,,91761.0,,Full-time,1.0,,Associate,FULL_TIME
Area Coach/Hair Stylist Educator,,65000.0,,Full-time,,,Mid-Senior level,FULL_TIME
Production Line Laborer,,25.25,,Full-time,1.0,,,FULL_TIME
Relief Veterinarian,,70.0,,Full-time,,,Entry level,FULL_TIME
HOURLY: Roll Tender,,19.87,,Full-time,,,,FULL_TIME
Marketing Manager,,48.0,,Contract,1.0,,,CONTRACT
General Labor,,20.0,,Full-time,,,Entry level,FULL_TIME
Residential Support Counselor,,19.0,,Full-time,,,Mid-Senior level,FULL_TIME
Director of Specialized Training Supports,,85000.0,,Full-time,,,Director,FULL_TIME
"Associate Vice Chancellor, Enrollment Management",,190000.0,,Full-time,,,Director,FULL_TIME
CTE Program Coordinator (Grant),,53000.0,,Full-time,,,Entry level,FULL_TIME
"Temporary Liquor Store Associate, University Hills, #478",,18.54,,Temporary,,,Mid-Senior level,TEMPORARY
Adobe Target Developer,,59000.0,,Full-time,,,,FULL_TIME
Warehouse Associate - South Nashville,,14.42,,Full-time,,,Entry level,FULL_TIME
Custodian- AM Shift,,17.0,,Full-time,,,Entry level,FULL_TIME
Laboratory Director,,130000.0,,Full-time,,,Director,FULL_TIME
Customer Service Representative,,45000.0,,Full-time,2.0,,Entry level,FULL_TIME
Residential Support Counselor,,19.0,,Full-time,,,Mid-Senior level,FULL_TIME
Residential Support Counselor - Weekend,,19.0,,Full-time,,,Mid-Senior level,FULL_TIME
Field Data Collector - MCBS,,18.5,,Part-time,,,Entry level,PART_TIME
Lead,,27.0,,Full-time,,,Mid-Senior level,FULL_TIME
Retail Sales Associate (Part Time),,25.0,,Part-time,,,Entry level,PART_TIME
Service BDC Associate - Carson Honda,,19.0,,Full-time,,,Associate,FULL_TIME
Software Development Engineering Intern,,33.0,,Temporary,229.0,1.0,,TEMPORARY
Temporary Laboratory Assistant (Nights),,21.0,,Temporary,,,,TEMPORARY
Guest Experience Agent,,30.0,,Full-time,2.0,,Entry level,FULL_TIME
Information System Security Engineer (ISSE),,5250.0,,Full-time,6.0,,Mid-Senior level,FULL_TIME
Supply Chain Intern,,18.0,,Internship,4.0,,Internship,INTERNSHIP
Clinical Research Coordinator | Diabetes Research,,38.5,,Full-time,2.0,,Entry level,FULL_TIME
Senior Evaluation Manager,,72500.0,,Full-time,1.0,,Mid-Senior level,FULL_TIME
Career Coach,,60.0,,Contract,102.0,1.0,,CONTRACT
Production Associate - Garment Hanger/Inspector - Up To $19.25/Hour,,19.25,,Full-time,,,,FULL_TIME
REGION TRANSPORTATION ENGINEER- 04162024- 56965,,109524.0,,Full-time,,,Entry level,FULL_TIME
MIS Reporting Consultant,,37.0,,Contract,,,Mid-Senior level,CONTRACT
Warehouse Specialist - 1st Shift - $18.00/hour,,18.0,,Full-time,,,Entry level,FULL_TIME
Warehouse Associate,,22.0,,Full-time,,,,FULL_TIME
Warehouse Associate - Plano,,15.45,,Full-time,1.0,,Entry level,FULL_TIME
Onsite Lab Lead Technician,,34.08,,Full-time,3.0,,Entry level,FULL_TIME
R&D Applications Lab Intern,,22.2,,Internship,2.0,,Entry level,INTERNSHIP
Jewelry Sales Consultant,,22.0,,Full-time,1.0,,Entry level,FULL_TIME
Showroom Concierge,,21.0,,Full-time,,,Entry level,FULL_TIME
Jewelry Sales Consultant,,23.0,,Full-time,,,Entry level,FULL_TIME
Jewelry Sales Consultant,,24.0,,Full-time,3.0,,Entry level,FULL_TIME
Agent,,35.0,,Full-time,1.0,,Entry level,FULL_TIME
Substation Electrician,,31.0,,Full-time,,,,FULL_TIME
Pool Bartender  ,,11.0,,Full-time,1.0,,Entry level,FULL_TIME
Genr Statn Clerk,,30.05,,Full-time,,,Entry level,FULL_TIME
Lead Package Handler,,19.0,,Full-time,,,Mid-Senior level,FULL_TIME
Branch Manager,,72000.0,,Full-time,,,Mid-Senior level,FULL_TIME
Bilingual Loan Specialist,,41000.0,,Full-time,,,Associate,FULL_TIME
Account Executive,,75000.0,,Full-time,5.0,1.0,,FULL_TIME
Maintenance Technician,,18.0,,Full-time,,,Entry level,FULL_TIME
Welder,,27.0,,Full-time,,,Mid-Senior level,FULL_TIME
"Sales Development Representative, Email Security",,60000.0,,Full-time,1.0,,,FULL_TIME
Maintenance Mechanic - Lubrication and Coolant,,28.94,,Full-time,,,Entry level,FULL_TIME
Account Executive,,35000.0,,Full-time,1.0,1.0,Associate,FULL_TIME
Procurement/Supply Chain Contractor,,23.0,,Full-time,1.0,,Mid-Senior level,FULL_TIME
RESEARCH SPECIALIST SR,,51875.0,,Full-time,,,,FULL_TIME
Temporary Research Assistant,,15.0,,Full-time,4.0,,Entry level,FULL_TIME
Inventory Control Clerk,,19.98,,Full-time,,,Entry level,FULL_TIME
Shipper/Receiver,,23.0,,Full-time,1.0,,Associate,FULL_TIME
Quality Technician,,20.33,,Full-time,,,Entry level,FULL_TIME
Lead Package Handler,,19.0,,Full-time,,,Mid-Senior level,FULL_TIME
Material Handler - 2nd Shift,,20.0,,Full-time,,,Entry level,FULL_TIME
CDL A 1ST SHIFT LOCAL,,26.0,,Full-time,,,,FULL_TIME
CDL B Hazmat Driver,,26.5,,Temporary,,,Entry level,TEMPORARY
Preschool Center Director,,70000.0,,Full-time,,,Director,FULL_TIME
Program Coordinator,,16.0,,Contract,,,Entry level,CONTRACT
Patient Care Representative - Trenton Clinic,,15.75,,Full-time,,,Entry level,FULL_TIME
Retail Stocking Supervisor,,16.5,,Full-time,,,Mid-Senior level,FULL_TIME
General Production Labor - 1st Shift - Eufaula Fresh Plant,,16.95,,Full-time,,,,FULL_TIME
Retail Sales Supervisor,,19.4,,Full-time,,,Mid-Senior level,FULL_TIME
Production Operator,,24.58,,Full-time,,,Associate,FULL_TIME
Curatorial Assistant,,29.0,,Part-time,1.0,,,PART_TIME
General Production Labor - 1st Shift - Eufaula Further Processing,,16.95,,Full-time,,,,FULL_TIME
ASSOCIATE ATTORNEY,,85000.0,,Full-time,,,Entry level,FULL_TIME
Angular Developer,,66.0,,Full-time,23.0,,Entry level,FULL_TIME
Warehouse Unloader,,17.5,,Full-time,,,Entry level,FULL_TIME
A-Zone Selector,,17.0,,Full-time,,,Entry level,FULL_TIME
Retail Stocking Associate,,17.0,,Part-time,,,Entry level,PART_TIME
Senior Retail Sales Associate,,15.15,,Full-time,,,Entry level,FULL_TIME
Groundskeeper,,17.0,,Full-time,,,Entry level,FULL_TIME
Administrative Manager,,57000.0,,Full-time,,,,FULL_TIME
"Senior Business Development Manager, Community Solar (Boston,MA)",,175000.0,,Full-time,2.0,,Mid-Senior level,FULL_TIME
Med Transporter / DSP,,17.5,,Full-time,,,Entry level,FULL_TIME
Retail Consultant | Aesop Aventura | Part Time,,20.0,,Part-time,,,Entry level,PART_TIME
Key Account Specialist,,55000.0,,Full-time,8.0,1.0,,FULL_TIME
RESEARCH SPECIALIST I,,16.72,,Full-time,,,,FULL_TIME
General Maintenance Worker,,32.27,,Full-time,,,Entry level,FULL_TIME
Loan Specialist,,41000.0,,Full-time,,,Associate,FULL_TIME
Team Leader,,23.0,,Full-time,,,Mid-Senior level,FULL_TIME
Sales Representative,,21.63,,Full-time,,,Entry level,FULL_TIME
Counter Sales Representative,,20.0,,Full-time,,,Entry level,FULL_TIME
Per Diem RN II/III/IV Operating Room (ASC,,50.99,,Full-time,,,,FULL_TIME
Milk Plant - Quality Assurance Technician I,,42.0,,Full-time,3.0,,Entry level,FULL_TIME
Cloud Administrator,,130000.0,,Full-time,12.0,1.0,Entry level,FULL_TIME
Full Stack Developer - Angular,,86.0,,Full-time,1.0,,Entry level,FULL_TIME
Termite Technician,,75000.0,,Full-time,,,Entry level,FULL_TIME
Senior Retail Stocking Associate,,14.5,,Full-time,,,Mid-Senior level,FULL_TIME
Retail Sales Associate,,20.5,,Part-time,,,Entry level,PART_TIME
Senior Retail Sales Associate,,15.3,,Full-time,,,Entry level,FULL_TIME
Retail Stocking Supervisor,,18.8,,Full-time,,,Mid-Senior level,FULL_TIME
Retail Stocking Associate,,18.5,,Part-time,,,Entry level,PART_TIME
Operations Shift Supervisor,,52.78,,Full-time,,,Mid-Senior level,FULL_TIME
Temporary Administrative Associates - Utilites and Energy Management - (UTEMPS),,18.0,,Full-time,,,,FULL_TIME
"Software Developer, UT Libraries",,50000.0,,Full-time,10.0,,,FULL_TIME
Direct Support Professional,,19.35,,Part-time,,,Entry level,PART_TIME
General Production Labor - 2nd Shift - Eufaula Fresh Plant,,16.95,,Full-time,,,,FULL_TIME
General warehouse,,25.0,,Full-time,,,Executive,FULL_TIME
Assembler 1,,20.5,,Full-time,,,Associate,FULL_TIME
Financial Center Teller (Part Time),,18.0,,Part-time,1.0,,Entry level,PART_TIME
Food & Beverage Supervisor,,24.1,,Full-time,,,Mid-Senior level,FULL_TIME
Part-Time Line Cook,,24.05,,Part-time,,,Entry level,PART_TIME
Retail Consultant | Aesop Free Market | Part Time,,19.0,,Part-time,1.0,,Entry level,PART_TIME
Senior Business Program Analyst (US),,112320.0,,Full-time,2.0,,Mid-Senior level,FULL_TIME
Machine Operator,,16.02,,Full-time,,,Entry level,FULL_TIME
Foster Care Case Manager,,41600.0,,Full-time,,,Mid-Senior level,FULL_TIME
Class A Linehaul Truck Drivers,,95000.0,,Full-time,,,Entry level,FULL_TIME
"CDL A City P&D Drivers, $29.28 hr",,29.28,,Full-time,,,Entry level,FULL_TIME
Registered Nurse - Per Diem Weekends,,45.0,,Part-time,,,Mid-Senior level,PART_TIME
RETAIL CUSTOMER SERVICE REPRESENTATIVE/CASHIER - Pay Range $18.29-$26/HR,,15.9,,Part-time,,,Mid-Senior level,PART_TIME
Test Equipment Design Engineer,,108000.0,,Full-time,1.0,,Entry level,FULL_TIME
Security Guard - Weekly Pay,,17.0,,Full-time,,,Entry level,FULL_TIME
"Trailer AX Mechanic, Starting at $26.75 hr",,26.75,,Full-time,,,Entry level,FULL_TIME
Part Time Entry Level Hospital Services Technician,,19.2,,Full-time,,,Entry level,FULL_TIME
Spanish Speaking Bilingual Entry Level Insurance Sales (2989),,4800.0,,Full-time,,,Entry level,FULL_TIME
Flight Watch Coordinator- TEMP,,25.0,,Temporary,1.0,,Mid-Senior level,TEMPORARY
Classroom Aide/1:1,,16.5,,Part-time,,,Entry level,PART_TIME
2nd Shift - Operator I,,14.0,,Full-time,,,Entry level,FULL_TIME
"Fleet Assistant - Chicago, IL",,21.25,,Full-time,1.0,,Entry level,FULL_TIME
Salesforce Developer – Governance & Security,,73678.0,,Full-time,1.0,,Entry level,FULL_TIME
Registered Behavior Technician (RBT),,2500.0,,Full-time,,,Entry level,FULL_TIME
Security Shift Supervisor,,18.0,,Part-time,,,Mid-Senior level,PART_TIME
Student Development Associate,,33354.24,,Full-time,,,Internship,FULL_TIME
Physical Therapist (PT) OP - 13 Week Assignment - $65/hour | Luling Rehab/LTACH,,65.0,,Full-time,,,Entry level,FULL_TIME
Accounting Clerk,,60000.0,,Full-time,1.0,,,FULL_TIME
Part Time DSP,,18.0,,Part-time,,,,PART_TIME
Production Worker - Temporary - Part Time,,21.0,,Part-time,,,,PART_TIME
"[2024-2026] Career Engagement Fellow, KIPP Forward",,58500.0,,Full-time,,,Associate,FULL_TIME
Security Officer - Weekly Pay,,20.0,,Full-time,,,Entry level,FULL_TIME
Assembly Operator Temporary,,16.0,,Full-time,,,Associate,FULL_TIME
Technical Product Owner,,75.0,,Full-time,35.0,1.0,Mid-Senior level,FULL_TIME
Part Time Sharps Collection Technician,,23.0,,Full-time,,,Entry level,FULL_TIME
Shuttle Driver PDOT,,15.0,,Full-time,,,Entry level,FULL_TIME
Registered Nurse Behavioral Health,,34.0,,Full-time,,,Mid-Senior level,FULL_TIME
Line 3 Scaler - 3rd Shift,,24.7,,Full-time,1.0,,,FULL_TIME
Food Safety & Quality Assurance (FSQA) Technician - 2nd Shift,,22.05,,Full-time,2.0,,,FULL_TIME
Driver CDL - Day Shift,,25.0,,Full-time,,,Entry level,FULL_TIME
Safety and Security Officer,,19.8,,Full-time,,,Entry level,FULL_TIME
Registered Behavior Technician,,20.0,,Full-time,,,Entry level,FULL_TIME
Behavior Technician,,18.0,,Full-time,,,Entry level,FULL_TIME
Warehouse Material Handler,,19.0,,Full-time,,,Internship,FULL_TIME
Warehouse Worker - 3rd Shift,,19.75,,Full-time,,,Entry level,FULL_TIME
Hourly Maintenance Technician,,33.39,,Full-time,,,Entry level,FULL_TIME
"Dispatch Clerk, $17.00 hr",,17.0,,Full-time,,,Entry level,FULL_TIME
Branch Intern,,18.0,,Part-time,1.0,,Internship,PART_TIME
Material Handler,,21.25,,Full-time,1.0,,Entry level,FULL_TIME
Material Handler,,21.25,,Full-time,,,Entry level,FULL_TIME
Retail Banker (40) Hilton Head,,28.25,,Full-time,,,Mid-Senior level,FULL_TIME
Security Supervisor,,17.75,,Full-time,,,Mid-Senior level,FULL_TIME
Machine Operator -Perry Harvest Plant,,32.0,,Part-time,,,Entry level,PART_TIME
Copy of Leasing Consultant,,20.0,,Full-time,,,Mid-Senior level,FULL_TIME
Social Service Aide II,,43945.2,,Full-time,,,Entry level,FULL_TIME
"Forklift Operator FT, $22.31 hr Loader IV",,22.31,,Full-time,,,Entry level,FULL_TIME
"Check in Clerk, $16.00 hr",,16.0,,Part-time,,,Entry level,PART_TIME
"Diesel A Mechanic, Starting at $27.73 hr",,27.73,,Full-time,,,Entry level,FULL_TIME
Traveling Area Sales Manager,,120000.0,,Full-time,,1.0,Mid-Senior level,FULL_TIME
Order Filler Picker,,18.55,,Full-time,1.0,,Entry level,FULL_TIME
Retail Consultant | Aesop Edgehill | Part Time,,19.0,,Part-time,1.0,,Entry level,PART_TIME
Chicago Early Learning Coordinator Bilingual Spanish 5/1-9/13/24,,22.0,,Full-time,,,Entry level,FULL_TIME
Security Shift Supervisor,,18.0,,Part-time,,,Mid-Senior level,PART_TIME
Blood Collection Staff/Customer Service - Driver,,21.0,,Full-time,4.0,,,FULL_TIME
Customer Service Manager,,17.0,,Full-time,,,Mid-Senior level,FULL_TIME
Registered Nurse,,38.35,,Full-time,,,Mid-Senior level,FULL_TIME
Registered Nurse,,28.92,,Full-time,,,Mid-Senior level,FULL_TIME
Blood Collection Staff/Customer Service - Training Provided,,22.0,,Full-time,2.0,,,FULL_TIME
Math Intervention Specialist: Uplift Hampton Middle School (24-25),,60000.0,,Full-time,,,Entry level,FULL_TIME
"Logistics Specialist (Material Handler/Delivery Driver)- Las Vegas, NV",,17.65,,Full-time,,,Entry level,FULL_TIME
Healthcare Recruiter,,45000.0,,Full-time,154.0,1.0,Associate,FULL_TIME
Medical Assistant-No weekends or holidays,,19.5,,Full-time,,,Entry level,FULL_TIME
Retail Account Analyst - Latin America & the Caribbean,,90000.0,,Full-time,3.0,,Entry level,FULL_TIME
IRL Technologist I,,29.25,,Full-time,,,,FULL_TIME
Entry Level Hospital Services Technician,,16.15,,Full-time,,,Entry level,FULL_TIME
Privacy Engineer,,66.67,,Contract,11.0,1.0,Mid-Senior level,CONTRACT
Life Enrichment Lead,,30.77,,Full-time,,,Mid-Senior level,FULL_TIME
Receptionist,,25.0,,Contract,8.0,,Entry level,CONTRACT
Registered Nurse - RN - Medical Surgical,,52.0,,Full-time,,,Mid-Senior level,FULL_TIME
CDL TRUCK DRIVER,,85000.0,,Full-time,,,Entry level,FULL_TIME
Freight Analyst,,65000.0,,Full-time,6.0,,Associate,FULL_TIME
Team Lead,,23.75,,Full-time,,,Entry level,FULL_TIME
Telemedicine Mental Health Therapists: Personal Injury,,70.0,,Contract,,1.0,,CONTRACT
Registered Nurse - RN - LTAC,,53.0,,Full-time,,,Mid-Senior level,FULL_TIME
Radiology Technologist,,69000.0,,Full-time,,,Mid-Senior level,FULL_TIME
2024 Local Seasonal General Manufacturing Opportunity,,16.0,,Temporary,,,Associate,TEMPORARY
Registered Nurse - RN - Medical Surgical,,52.0,,Full-time,,,Mid-Senior level,FULL_TIME
Experienced Vacation Ownership Sales Manager - Elite Line,,12700.0,,Full-time,,,Mid-Senior level,FULL_TIME
Registered Nurse - RN - Medical Surgical,,66.0,,Full-time,,,Mid-Senior level,FULL_TIME
Medical Lab Technician/Technician (ASCP),,90000.0,,Full-time,,,Entry level,FULL_TIME
"Speech Language Pathologist (SLP) - Travel/Local Contract *Up To $2,500/WK!*",,2500.0,,Contract,,,Entry level,CONTRACT
Physical Therapist (Full-Time),,91400.0,,Full-time,,,Entry level,FULL_TIME
"Travel/Local Contract Speech Language Pathologist (SLP) - *Up To $2,500/WK!*",,2500.0,,Contract,,,Entry level,CONTRACT
Latitudes Consultant,,12700.0,,Full-time,,,Entry level,FULL_TIME
Programs and Outreach Administrator (Hybrid),,50000.0,,Full-time,1.0,,Associate,FULL_TIME
Registered Nurse - RN - Rehab,,52.75,,Full-time,,,Mid-Senior level,FULL_TIME
Executive Business Consultant,,62.0,,Contract,5.0,,Mid-Senior level,CONTRACT
Registered Nurse - RN - Medical Surgical,,57.0,,Full-time,,,Mid-Senior level,FULL_TIME
Radiology Technologist (CT),,70000.0,,Full-time,,,Mid-Senior level,FULL_TIME
Registered Nurse - RN - Medical Surgical,,52.0,,Full-time,,,Mid-Senior level,FULL_TIME
Validation Engineer,,25.0,,Contract,3.0,,Entry level,CONTRACT
Accountant,,19.0,,Contract,,,Associate,CONTRACT
Registered Nurse - RN - Medical Surgical,,66.0,,Full-time,,,Mid-Senior level,FULL_TIME
Registered Nurse - RN - Medical Surgical,,57.0,,Full-time,,,Mid-Senior level,FULL_TIME
"Travel/Local Contract Speech Language Pathologist (SLP) *Up To $2,500/WK!*",,2500.0,,Contract,,,Entry level,CONTRACT
Full Time Registered Nurse,,80000.0,,Full-time,,,Mid-Senior level,FULL_TIME
"Travel/Local Contract Speech Language Pathologist (SLP) - *Up To $2,500/WK!*",,2500.0,,Contract,,,Entry level,CONTRACT
Data Analytics Intern,,27.0,,Internship,18.0,,Internship,INTERNSHIP
Outreach Associate,,17.0,,Full-time,8.0,1.0,Entry level,FULL_TIME
H&M Sales Associate,,15.5,,Part-time,1.0,,Entry level,PART_TIME
Customer Care Advocate,,20.0,,Full-time,29.0,1.0,,FULL_TIME
Field Technician,,20.0,,Full-time,,,Entry level,FULL_TIME
Warehouse Receiver,,21.22,,Full-time,,,Entry level,FULL_TIME
From Homeless to Housed Case Manager,,46500.0,,Full-time,2.0,,,FULL_TIME
Display Builder,,15.24,,Part-time,,,Mid-Senior level,PART_TIME
Passport Support Associate III,,20.19,,Full-time,,,Entry level,FULL_TIME
Driver Sub-Foreperson - Facilities & Services,,91222.14,,Full-time,,,Entry level,FULL_TIME
Office Administrator - Department of Dance,,44850.0,,Full-time,1.0,,Entry level,FULL_TIME
Laboratory Mechanic - Electrical and Computer Engineering,,36.82,,Internship,,,Entry level,INTERNSHIP
"Training Coordinator (Ability to be based out of Wichita, Topeka, or Kansas City)",,23.0,,Full-time,,,Entry level,FULL_TIME
2025 Corporate & IB Summer Analyst Program – Credit,,110000.0,,Full-time,6.0,,,FULL_TIME
Warehouse Associate - 2nd Shift,,23.0,,Full-time,,,Entry level,FULL_TIME
Retail Store Visual Lead,,19.0,,Full-time,,,Entry level,FULL_TIME
H&M Sales Associate,,15.5,,Part-time,,,Entry level,PART_TIME
Retail Sales and Store Support,,18.94,,Part-time,,,Entry level,PART_TIME
Front End Entry Level,,18.94,,Part-time,,,,PART_TIME
Veterinary Customer Service Receptionist,,22.0,,Full-time,3.0,,Mid-Senior level,FULL_TIME
Assistant Director for Marketing and Communication - Krannert Art Museum,,60000.0,,Contract,,,Mid-Senior level,CONTRACT
"Visiting Scientific Specialist, Historic Mining & Geology - Illinois State Geological Survey",,60000.0,,Contract,,,Entry level,CONTRACT
Manager In Training,,55000.0,,Full-time,,,Mid-Senior level,FULL_TIME
Retail Sales and Store Support,,18.94,,Part-time,,,Entry level,PART_TIME
Registered Nurse (RN) - Rehabilitation - $21 per hour - 278768,,21.0,,Full-time,,,Mid-Senior level,FULL_TIME
H&M Sales Associate,,16.5,,Full-time,,,Entry level,FULL_TIME
Field Technician,,20.0,,Full-time,,,Entry level,FULL_TIME
Passport Support Associate II,,18.47,,Full-time,,,Entry level,FULL_TIME
Passport Support Associate II,,17.96,,Full-time,,,Entry level,FULL_TIME
Inside Sales Associate CosmoProf 06062,,15.0,,Other,,,Entry level,OTHER
Front End Developer,,65000.0,,Full-time,7.0,,Entry level,FULL_TIME
Warehouse Technician - Part Time On Call,,22.0,,Part-time,,,Entry level,PART_TIME
Passport Support Associate Level II - All Shifts,,19.53,,Full-time,,,Entry level,FULL_TIME
Payroll Manager,,95000.0,,Full-time,,,Mid-Senior level,FULL_TIME
Assistant Director/Associate Director/Director of Development - College of LAS,,65000.0,,Contract,,,Entry level,CONTRACT
Forensic Psychiatrist,,350000.0,,Full-time,,,Mid-Senior level,FULL_TIME
"Abercrombie & Fitch - Assistant Manager, Somerset North",,19.0,,Full-time,,,Entry level,FULL_TIME
Part Time Clinical Consultant - Desert Franchise,,60.0,,Part-time,,,Mid-Senior level,PART_TIME
Customer Support Representative I,,24.0,,Full-time,1.0,,Entry level,FULL_TIME
Direct Support Staff,,18.5,,Full-time,,,Entry level,FULL_TIME
"Abercrombie & Fitch - Assistant Manager, Somerset North",,19.0,,Full-time,,,Entry level,FULL_TIME
HVAC Administrative Assistant,,60000.0,,Full-time,,,Entry level,FULL_TIME
"Sales Counselor, Inbound Call Center (Remote – Texas Based Position)",,18.25,,Full-time,4.0,1.0,Mid-Senior level,FULL_TIME
Server,,20.0,,Full-time,,,Entry level,FULL_TIME
Maintenance Technician I,,24.94,,Full-time,,,Entry level,FULL_TIME
Personal Care Attendant III,,24.0,,Full-time,,,Entry level,FULL_TIME
System Design Manager,,148764.0,,Full-time,,,Associate,FULL_TIME
Residential Program Manager,,44600.0,,Full-time,,,Mid-Senior level,FULL_TIME
Part Time Clinical Consultant - Tampa,,60.0,,Part-time,,,Mid-Senior level,PART_TIME
Receptionist,,24.0,,Full-time,,,Entry level,FULL_TIME
Urgently Hiring Machine Operators & Shipping Clerks - Day Shift – No Experience Needed,,17.0,,Full-time,,,Entry level,FULL_TIME
Account Executive,,50000.0,,Full-time,,,Associate,FULL_TIME
Front Office Manager,,75000.0,,Full-time,,,Mid-Senior level,FULL_TIME
AML/KYC Analyst,,70000.0,,Full-time,,,Associate,FULL_TIME
Inside Sales Specialist,,55000.0,,Full-time,,,Associate,FULL_TIME
GROUNDS MAINTENANCE LABORER,,22.96,,Full-time,,,Entry level,FULL_TIME
Contracts and Grants Accountant I,,48722.0,,Contract,,,Entry level,CONTRACT
Computer & Information Systems,,150000.0,,Full-time,,,Director,FULL_TIME
APP Nurse Anesthetist/UKHC,,75.03,,Full-time,,,Mid-Senior level,FULL_TIME
Account Manager,,85000.0,,Full-time,,,Associate,FULL_TIME
PT-CUSTODIAN 12 MONTH_MIAMI GARDENS ELEMEN(1324100),,31304.0,,Contract,,,Entry level,CONTRACT
Full Time Site Work Crew Lead,,21.17,,Full-time,,,Mid-Senior level,FULL_TIME
Health Navigator,,22.5,,Contract,,1.0,Associate,CONTRACT
Contracts and Grants Accountant III,,64518.0,,Contract,,,Mid-Senior level,CONTRACT
Bioprocess Associate,,24.7,,Full-time,,,Entry level,FULL_TIME
Business Development Representative,,65000.0,,Full-time,,,Associate,FULL_TIME
Certified Nursing Assistant (CNA) - Part-Time 3rd Shift,,26.0,,Part-time,,,Entry level,PART_TIME
Certified Nursing Assistant (CNA) - Full-Time All Shifts,,24.0,,Full-time,,,Entry level,FULL_TIME
Certified Nursing Assistant (CNA) - Full-Time Evening/NOC,,26.0,,Full-time,,,Entry level,FULL_TIME
Sales Executive,,85000.0,,Full-time,,,Mid-Senior level,FULL_TIME
Fabrication Technician- Weekend Shift,,10000.0,,Full-time,,,Entry level,FULL_TIME
Safety Observer,,28.0,,Full-time,,,Entry level,FULL_TIME
3rd Grade Teacher – Breckenridge Franklin Elementary School (2024-2025)*Enhanced Support Stipend Eligible School - Start Time 9:40,,46096.47,,Full-time,,,Entry level,FULL_TIME
Quality Inspector,,36.0,,Contract,,,Mid-Senior level,CONTRACT
HCM Data Specialist,,140000.0,,Full-time,,,Entry level,FULL_TIME
Kit Production Technician,,18.0,,Full-time,,,Entry level,FULL_TIME
Warehouse Associate- 2nd Shift,,19.0,,Full-time,,,Entry level,FULL_TIME
Network Configuring Manager (Python),,63.0,,Contract,,,Mid-Senior level,CONTRACT
General Clerk,,26.0,,Contract,,,Entry level,CONTRACT
Data Analyst,,48.0,,Contract,,,Entry level,CONTRACT
Data Storage & Protection Engineer,,70.0,,Contract,,,Entry level,CONTRACT
Nursing Station Technician - Pediatric ICU,,22.5,,Part-time,,,Entry level,PART_TIME
Operations Specialist,,20.0,,Contract,,,Entry level,CONTRACT
Project Manager,,65.0,,Contract,,,Entry level,CONTRACT
C#.NET Developer,,65.0,,Contract,,,Entry level,CONTRACT
Python/Golang Developer,,79.0,,Contract,,,Entry level,CONTRACT
Red Hat Linux Engineer,,58.0,,Contract,,,Entry level,CONTRACT
Database Developer (DB2 preferred),,175000.0,,Full-time,,,Entry level,FULL_TIME
Java Developer,,78.0,,Contract,,,Entry level,CONTRACT
Storage Engineer,,62.0,,Contract,,,Entry level,CONTRACT
Full Stack Developer (Java/React),,78.0,,Contract,,,Entry level,CONTRACT
Mainframe Engineer,,91.0,,Contract,,,Entry level,CONTRACT
Nursing Station Technician - Pediatric CVICU,,22.5,,Full-time,,,Entry level,FULL_TIME
Software Quality Assurance Intern,,20.0,,Full-time,,,Internship,FULL_TIME
Legal Administrator,,40000.0,,Full-time,,,Associate,FULL_TIME
Python/Django Developer,,75.0,,Contract,,,Entry level,CONTRACT
Sr. Business Application Developer (Maximo),,120000.0,,Full-time,,,Mid-Senior level,FULL_TIME
Application/Production Support Specialist with AWS,,150000.0,,Full-time,,,Mid-Senior level,FULL_TIME
Nursing Station Technician - Med/Surg,,19.49,,Part-time,,,Entry level,PART_TIME
Clinical Research Coordinator,,30.0,,Full-time,,,,FULL_TIME
Wastewater Production Team Leader,,47459.0,,Full-time,,,Mid-Senior level,FULL_TIME
Brand Ambassador,,45.0,,Full-time,1.0,1.0,,FULL_TIME
Coffee Packaging Associate,,18.2,,Full-time,,,Entry level,FULL_TIME
Water Quality Assurance Analyst,,28672.0,,Full-time,,,Entry level,FULL_TIME
Paralegal Assistant,,30.0,,Contract,,,,CONTRACT
Head Welder,,22.0,,Full-time,,,Entry level,FULL_TIME
Humanitarian Assistant,,23.0,,Contract,,,Entry level,CONTRACT
Warehouse Reach Truck Operator,,19.0,,Full-time,,,Entry level,FULL_TIME
Grounds Maintenance,,17.0,,Full-time,,,Entry level,FULL_TIME
Grant Specialist,,22.28,,Contract,,,Entry level,CONTRACT
Accounting Coordinator,,26.0,,Temporary,,,Associate,TEMPORARY
Certified Medical Assistant,,20.0,,Full-time,,,Entry level,FULL_TIME
Entry Level Digital Media Planner ,,19.24,,Full-time,4.0,,Entry level,FULL_TIME
Entry Level Account Executive,,50000.0,,Full-time,5.0,,Entry level,FULL_TIME
Clinic Shift Lead,,19.0,,Full-time,,,Mid-Senior level,FULL_TIME
Loader,,18.5,,Full-time,,,Entry level,FULL_TIME
"Director of Capital Planning, Operations - 22705",,119449.0,,Full-time,,,Director,FULL_TIME
"Wound, Ostomy, and Continence Nurse",,3075.0,,Contract,,,,CONTRACT
Maintenance Technician,,34.11,,Full-time,,,Entry level,FULL_TIME
Clinic Shift Lead,,20.0,,Full-time,,,Mid-Senior level,FULL_TIME
Physician Assistant (PA) or Nurse Practitioner (NP),,70.0,,Full-time,,,Entry level,FULL_TIME
Marketing Intern,,20.0,,Temporary,3.0,,Internship,TEMPORARY
Care Attendant - Premium Weekend Overnights - Grand Arbor,,25.0,,Part-time,,,Entry level,PART_TIME
Entry Level Account Executive,,50000.0,,Full-time,,,Entry level,FULL_TIME
Physician Assistant (PA) or Nurse Practitioner (NP),,80.0,,Part-time,,,Entry level,PART_TIME
Commodity Manager,,62.0,,Contract,1.0,,Mid-Senior level,CONTRACT
Smartsheet Developer,,50.0,,Contract,,1.0,Mid-Senior level,CONTRACT
Sales Executive,,80000.0,,Full-time,1.0,,Associate,FULL_TIME
Receptionist,,15.0,,Part-time,,,Entry level,PART_TIME
Licensed Practical Nurse (LPN),,38.7,,Full-time,,,Entry level,FULL_TIME
DTC Sales Inventory Planning Analyst,,70000.0,,Full-time,2.0,,,FULL_TIME
"Housekeeping Aide, $15.00/hour",,15.0,,Full-time,,,Entry level,FULL_TIME
Recruiter - Entry Level,,52000.0,,Full-time,,,Entry level,FULL_TIME
Cook,,13.0,,Full-time,,,Entry level,FULL_TIME
Registered Nurse (RN),,37.35,,Full-time,,,Entry level,FULL_TIME
Licensed Practical Nurse (LPN),,32.7,,Full-time,,,Entry level,FULL_TIME
Restaurant Manager,,18.0,,Full-time,,,Mid-Senior level,FULL_TIME
Workplace Experience Coordinator,,25.5,,Full-time,,,Entry level,FULL_TIME
PT Sales Associate,,15.0,,Part-time,,,Entry level,PART_TIME
Stocker (Mon-Fri 7:00 am to 3:30 pm),,16.0,,Full-time,,,,FULL_TIME
Automation Specialist - AM Shift,,35.0,,Temporary,,,Entry level,TEMPORARY
Nuclear Professional,,33.0,,Temporary,,,Entry level,TEMPORARY
PT Sales Associate,,15.0,,Part-time,,,Entry level,PART_TIME
Receiver / Inbound Freight Processor - Day Shift!,,15.5,,Full-time,,,,FULL_TIME
Restaurant Crewmember – Closing Shift (8pm- 2am),,12.0,,Full-time,,,Entry level,FULL_TIME
Assistant Restaurant Leader,,50000.0,,Full-time,,,Entry level,FULL_TIME
Assistant Restaurant Leader,,55000.0,,Full-time,,,Entry level,FULL_TIME
Mobile Operating Engineer,,38.46,,Full-time,,,Entry level,FULL_TIME
Controls Technician - 1st Shift - Lawrence Plant,,40.0,,Full-time,,,Entry level,FULL_TIME
"Corporate Partnership Manager, Rip City Remix",,70000.0,,Full-time,,,Mid-Senior level,FULL_TIME
Facilities Coordinator,,24.51,,Full-time,1.0,1.0,Entry level,FULL_TIME
LPN - Skilled Nursing Facility - 42.00 Hourly ALL SHIFTS!,,42.0,,Part-time,,,Entry level,PART_TIME
$54 / hour - Home Health MSW,,43.0,,Full-time,,,Entry level,FULL_TIME
Warehouse Associate,,18.0,,Full-time,,,Entry level,FULL_TIME
"Part-Time Floor Lead - Fulton Market (Chicago, IL)",,19.0,,Part-time,,,Mid-Senior level,PART_TIME
Industrial Lubrication Technician,,35.0,,Full-time,,,Entry level,FULL_TIME
Packer (Mon-Fri 9:30a-6p),,15.5,,Full-time,,,,FULL_TIME
Corporate/Procurement Leadership Development Program - Emerging Leader,,72000.0,,Full-time,,,Mid-Senior level,FULL_TIME
"Retail Ambassador - SF Outlets (Livermore, CA )",,18.0,,Part-time,,,Mid-Senior level,PART_TIME
"Manager, IT Ops Process and Metrics",,262621.0,,Full-time,,,Mid-Senior level,FULL_TIME
Warehouse Worker (Part Time),,19.9,,Full-time,,,Entry level,FULL_TIME
Warehouse Worker (Nights),,19.5,,Full-time,,,Entry level,FULL_TIME
Warehouse Worker (Days),,18.0,,Full-time,,,Entry level,FULL_TIME
Meat Cutter,,23.0,,Full-time,,,Associate,FULL_TIME
Background Investigator I,,23.3,,Part-time,,,Mid-Senior level,PART_TIME
Warehouse Operations (Nights),,19.5,,Full-time,,,Entry level,FULL_TIME
"Medical Social Worker - (LMSW/LCSW) Towson, MD - $50/hr",,50.0,,Full-time,,,Entry level,FULL_TIME
Heavy Civil QC Engineer,,90000.0,,Full-time,,,Entry level,FULL_TIME
Outpatient Rehab Physical Therapist,,35.0,,Full-time,,,Entry level,FULL_TIME
"RN Telemetry - South Weymouth, MA",,60.0,,Full-time,,,Mid-Senior level,FULL_TIME
School Behavior Technician,,18.0,,Part-time,,,Entry level,PART_TIME
LVN School Nurse - Lodi California,,30.0,,Full-time,,,Entry level,FULL_TIME
Merchandiser,,19.25,,Full-time,,,Entry level,FULL_TIME
Clinical Dietitian PRN,,25.0,,Part-time,,,Entry level,PART_TIME
Per Diem - LPN/LVN Long Term Care,,36.0,,Full-time,,,Entry level,FULL_TIME
Speech Language Pathologist Assistant (School)- $50/hourly,,50.0,,Full-time,,,Entry level,FULL_TIME
Speech Language Pathologist Early Intervention - Greensburg Pennsylvania,,55.0,,Full-time,,,Entry level,FULL_TIME
Utility Operator,,5000.0,,Full-time,,,Entry level,FULL_TIME
Psych RN | $70 local | 12 hour nights,,70.0,,Full-time,,,Mid-Senior level,FULL_TIME
Special Education Teacher - Chandler Arizona,,48.0,,Full-time,,,Entry level,FULL_TIME
"Childcare Center Assistant Director- La Petite Academy, E Tregallas Rd",,31.0,,Full-time,,,Entry level,FULL_TIME
Member Experience Associate (Part Time) - West LA,,25.25,,Part-time,,,Entry level,PART_TIME
Barista Clerk PT,,14.0,,Full-time,,,Entry level,FULL_TIME
Cashier PT,,13.0,,Full-time,,,Entry level,FULL_TIME
Warehouse Team Lead - 1st Shift,,20.8,,Full-time,,,Associate,FULL_TIME
Credentialed Background Investigator Level II,,23.3,,Full-time,,,Mid-Senior level,FULL_TIME
ENVIRONMENTAL HEALTH & SAFETY COORDINATOR - CUTWATER,,31.0,,Full-time,,,Entry level,FULL_TIME
Beer Den/Wine Clerk PT,,14.0,,Full-time,,,Entry level,FULL_TIME
Part Time Hotel Maintenance 18hr,,18.0,,Part-time,,,Entry level,PART_TIME
Bartender-Beverage 1,,11.29,,Full-time,,,Mid-Senior level,FULL_TIME
House Attendant,,14.0,,Full-time,,,Entry level,FULL_TIME
Industrial Maintenance Technician I-III,,33.45,,Full-time,,,,FULL_TIME
Warranty Service Representative- Fort Collins area,,60000.0,,Full-time,,,Entry level,FULL_TIME
LFTG Personal Shopper PT,,15.0,,Full-time,,,Entry level,FULL_TIME
Experienced Client Service Representative,,15.0,,Full-time,,,Entry level,FULL_TIME
Housekeeper - $17/Hr,,17.0,,Full-time,,,Entry level,FULL_TIME
Rehab Therapy Aide / PRN,,18.25,,Part-time,,,Entry level,PART_TIME
MRI Travel Rad Technologist - Job Id: JO03721635,,2017.0,,Full-time,,,Mid-Senior level,FULL_TIME
Research Marketing Analyst,,26.0,,Full-time,,,Mid-Senior level,FULL_TIME
"Male Spa Attendant, Part Time",,19.06,,Part-time,,,,PART_TIME
Room Service Supervisor,,28.33,,Full-time,,,,FULL_TIME
PRN Radiation Therapist I,,40.0,,Part-time,,,Mid-Senior level,PART_TIME
Electronics Technician II or Simulation Technician II,,46.06,,Contract,,,Entry level,CONTRACT
Supply Chain Operations Associate - Hybrid,,50000.0,,Full-time,,,Entry level,FULL_TIME
Sales Associate - PT,,16.0,,Part-time,,,Entry level,PART_TIME
FVP Head of Defined Contribution Distribution | Flex,,250000.0,,Full-time,,,Director,FULL_TIME
Expansion Sales Lead,,150000.0,,Full-time,,1.0,Mid-Senior level,FULL_TIME
Customer Care Representative,,21.74,,Full-time,,1.0,,FULL_TIME
TELE Travel RN - Job Id: JO03721675,,2360.0,,Full-time,,,Mid-Senior level,FULL_TIME
Psych Travel RN - Job Id: JO03721719,,2098.0,,Full-time,,,Mid-Senior level,FULL_TIME
Personal Account Representative - Float - Tillamook Branch,,20.0,,Full-time,,,Entry level,FULL_TIME
Material Coordinator,,28.5,,Full-time,,,Entry level,FULL_TIME
Athletics District Grounds Superintendent,,50000.0,,Full-time,,,Mid-Senior level,FULL_TIME
Certified Medical Coder III (Remote),,16.0,,Full-time,,1.0,Mid-Senior level,FULL_TIME
Unit HR Coordinator,,50000.0,,Full-time,,,Entry level,FULL_TIME
Part-Time Bell Attendant,,28.4,,Part-time,,,,PART_TIME
"Deployment Strategist, Internship",,6300.0,,Internship,,,,INTERNSHIP
Warehouse Operations Manager,,80000.0,,Full-time,,,Mid-Senior level,FULL_TIME
MS Travel Ultrasound-Sonographer - Job Id: JO03721814,,2002.0,,Full-time,,,Entry level,FULL_TIME
Admissions Coordinator- FT- Days - Augusta,,23.0,,Full-time,,,Entry level,FULL_TIME
Admissions Coordinator- FT- Days - Augusta,,23.0,,Full-time,,,Entry level,FULL_TIME
Sales Associates - Premier Chevrolet of Carlsbad,,16.0,,Full-time,,,Entry level,FULL_TIME
Certified Medical Coder III (Remote),,16.0,,Full-time,,1.0,Mid-Senior level,FULL_TIME
Patient Support Medical/Biller Claims Processing Representative,,23.0,,Full-time,,1.0,Entry level,FULL_TIME
MS Travel RN - Job Id: JO03721618,,2224.0,,Full-time,,,Mid-Senior level,FULL_TIME
Personal Account Representative I - Newport Branch,,20.0,,Full-time,,,Entry level,FULL_TIME
"Sr. Analyst, Credit Risk",,82000.0,,Full-time,,,Mid-Senior level,FULL_TIME
Customer Service Representative,,16.28,,Part-time,,,Mid-Senior level,PART_TIME
Administrative Assistant,,21.5,,Full-time,,,Entry level,FULL_TIME
Entry Level Utility,,22.07,,Full-time,,,Entry level,FULL_TIME
"Treatment Coordinator, Ortho",,21.0,,Full-time,,,Entry level,FULL_TIME
2nd Shift Ink Maker/Production Operator,,22.0,,Full-time,,,Entry level,FULL_TIME
CT Travel CT Technologist - Job Id: JO03721762,,2332.0,,Full-time,,,Mid-Senior level,FULL_TIME
Full Time Nabisco Merchandiser/Order Writer,,19.0,,Full-time,,,Entry level,FULL_TIME
Warehouse Specialist - Palmdale,,20.34,,Full-time,,,Entry level,FULL_TIME
HVAC Mechanic II,,45894.42,,Full-time,,,Entry level,FULL_TIME
CAD-GIS Coordinator,,65000.0,,Full-time,,,Entry level,FULL_TIME
Material Handler - 1st Shift,,17.5,,Full-time,,,Entry level,FULL_TIME
Warehouse Specialist,,19.77,,Full-time,,,Entry level,FULL_TIME
Staff Associate I,,60471.0,,Full-time,1.0,,,FULL_TIME
Hotel General Manager,,70000.0,,Full-time,,,Mid-Senior level,FULL_TIME
Inside Sales Representative,,12.0,,Part-time,,,Entry level,PART_TIME
Assistant Manager Part Time,,14.45,,Part-time,,,Mid-Senior level,PART_TIME
Supply Chain Execution Contractor ,,48.0,,Contract,,,Mid-Senior level,CONTRACT
Account Executive,,50000.0,,Full-time,,,Associate,FULL_TIME
Assistant Manager,,11.0,,Full-time,,,Mid-Senior level,FULL_TIME
Florida Blue Florida Classic Corporate Partnerships Intern,,15.0,,Internship,,,,INTERNSHIP
Project Coordinator,,60.0,,Contract,2.0,,Mid-Senior level,CONTRACT
Assistant Manager Part Time,,16.0,,Part-time,,,Mid-Senior level,PART_TIME
06716 Inside Sales,,13.8,,Other,,,Entry level,OTHER
Palliative Care Physician,,5000.0,,Full-time,,,Mid-Senior level,FULL_TIME
Information Technology Technical Services Manager,,108171.0,,Full-time,,,,FULL_TIME
Assistant Manager,,16.15,,Full-time,,,Mid-Senior level,FULL_TIME
Assistant Manager Part Time,,15.0,,Part-time,,,Mid-Senior level,PART_TIME
Senior Java Developer (Full Stack) - $120K,,120000.0,,Full-time,7.0,1.0,Mid-Senior level,FULL_TIME
Plant Manager,,80000.0,,Full-time,,,Mid-Senior level,FULL_TIME
Shipper Receiver I,,19.27,,Full-time,,,Entry level,FULL_TIME
Assistant Manager,,16.0,,Full-time,,,Mid-Senior level,FULL_TIME
Public Health Nutritionist II,,57588.0,,Full-time,1.0,,,FULL_TIME
"Hydrovac Operator - Conway, AR",,30.0,,Full-time,,,Entry level,FULL_TIME
Entry Level Order Processing Representative,,18.0,,Contract,,,Entry level,CONTRACT
Assistant Manager,,16.0,,Full-time,,,Mid-Senior level,FULL_TIME
Assistant Manager,,15.0,,Full-time,,,Mid-Senior level,FULL_TIME
Assistant Manager,,18.0,,Full-time,,,Mid-Senior level,FULL_TIME
Assistant Manager Part Time,,16.0,,Part-time,,,Mid-Senior level,PART_TIME
Assistant Manager,,17.85,,Full-time,,,Mid-Senior level,FULL_TIME
Assistant Manager,,16.15,,Full-time,,,Mid-Senior level,FULL_TIME
Marketing Communications Intern,,0.0,,Internship,1.0,1.0,,INTERNSHIP
Inside Sales Associate 10805,,16.78,,Other,,,Entry level,OTHER
"03293 Inside Sales - Gilroy, CA",,16.0,,Other,,,Entry level,OTHER
Assistant Manager,,16.0,,Part-time,1.0,,Mid-Senior level,PART_TIME
High School Academy Leader,,94000.0,,Full-time,,,Associate,FULL_TIME
Clerical Assistant 2,,34621.0,,Full-time,,,Entry level,FULL_TIME
Patient Care Coordinator,,5250.0,,Full-time,,,Entry level,FULL_TIME
Class A Route Driver - Requisition ID: 2262,,45.0,,Full-time,1.0,,Entry level,FULL_TIME
E&I Technician,,40.24,,Full-time,,,Entry level,FULL_TIME
Extruder Operator II,,24.16,,Full-time,,,Entry level,FULL_TIME
Community Engagement Specialist,,65000.0,,Full-time,3.0,,,FULL_TIME
Assembler,,18.0,,Full-time,,,Entry level,FULL_TIME
2nd Shift Painter,,22.16,,Full-time,,,Mid-Senior level,FULL_TIME
Transit Package Developer,,35.0,,Contract,2.0,,Associate,CONTRACT
Registered Veterinary Technician,,22.0,,Full-time,,,,FULL_TIME
Procurement and Logistics Assistant,,66100.0,,Full-time,2.0,,,FULL_TIME
Insurance Advisors/Dual-Licensed - Remote,,20.0,,Full-time,,1.0,Associate,FULL_TIME
Rehabilitation Nurse,,61800.0,,Full-time,3.0,1.0,Mid-Senior level,FULL_TIME
Reprographics Technician II,,40680.0,,Full-time,1.0,,,FULL_TIME
"Intern, Brand Insights",,20.0,,Internship,16.0,1.0,Internship,INTERNSHIP
Quality Inspector,,35.0,,Full-time,1.0,,Mid-Senior level,FULL_TIME
Certified or Registered Respiratory Therapist - Chabert - Full Time - Advanced Compensation !,,15000.0,,Full-time,,,Entry level,FULL_TIME
Investment Services Representative,,33.17,,Contract,,,,CONTRACT
Warehouse – Retail Shipping and Receiving,,15.0,,Part-time,,,Entry level,PART_TIME
Chief Compliance Officer- $75 Billion Alternative Asset Manager,,300000.0,,Full-time,12.0,,Executive,FULL_TIME
Rehabilitation Nurse,,61800.0,,Full-time,1.0,1.0,Mid-Senior level,FULL_TIME
Property Caretaker,,17.0,,Full-time,,,Entry level,FULL_TIME
Restaurant Host - Hostess,,15.0,,Full-time,,,Mid-Senior level,FULL_TIME
Strategic Logistics Growth Manager,,180000.0,,Full-time,,1.0,Mid-Senior level,FULL_TIME
Sales Representative,,73.0,,Full-time,5.0,1.0,,FULL_TIME
Programming Analyst,,110000.0,,Contract,84.0,1.0,Mid-Senior level,CONTRACT
CDl Route Driver Sponsorships available 3K sign on Bonus,,23.5,,Full-time,,,Entry level,FULL_TIME
Mailroom/Data Capture Clerk,,16.0,,Full-time,,,Entry level,FULL_TIME
Audio Manager,,130000.0,,Full-time,,,Mid-Senior level,FULL_TIME
Warehouse Breakpack Full Time 2nd Shift,,19.5,,Full-time,,,Entry level,FULL_TIME
Logistics Management Specialist with Security Clearance,,170000.0,,Full-time,,,Entry level,FULL_TIME
Cloud Security Engineer,,70.0,,Full-time,4.0,,Entry level,FULL_TIME
LEER - Fiberglass Roller,,20.0,,Full-time,,,,FULL_TIME
VP Investment Management Compliance (MNPI)- $45 Billion Alternative Asset Manager,,225000.0,,Full-time,7.0,,Executive,FULL_TIME
Environmental Lab Tech,,22.0,,Full-time,,,Entry level,FULL_TIME
Production Assistant,,16.0,,Full-time,1.0,,Entry level,FULL_TIME
Production Associate,,28.0,,Full-time,,,Entry level,FULL_TIME
Education Manager,,65000.0,,Full-time,,,,FULL_TIME
Instructional Aide,,18.0,,Full-time,,,Entry level,FULL_TIME
Operator III (3rd Shift),,17.5,,Full-time,,,Entry level,FULL_TIME
Warehouse Wave Replenishment Full Time 2nd Shift,,19.8,,Full-time,,,Entry level,FULL_TIME
Licensed Massage Therapists Ritz Carlton Chicago,,50.0,,Full-time,,,,FULL_TIME
Environmental Lab Tech,,22.0,,Full-time,,,Entry level,FULL_TIME
Cloud Security Architect,,85.0,,Full-time,,,Mid-Senior level,FULL_TIME
Merchandiser,,21.0,,Full-time,,,,FULL_TIME
Construction Safety Trainer,,80.0,,Full-time,,,Entry level,FULL_TIME
Consumer Banker 1/Teller,,17.0,,Full-time,,,,FULL_TIME
Sr. Agile Project Manager,,84.0,,Full-time,3.0,,Mid-Senior level,FULL_TIME
"Self-contained Special Education Teacher, (Secondary) → $5,000 Sign-on Bonus!",,60000.0,,Full-time,,,Entry level,FULL_TIME
Heavy Equipment Operator II,,20.0,,Full-time,,,Entry level,FULL_TIME
"Senior .NET Developer - Local to Bothell, WA",,75.0,,Full-time,,,Mid-Senior level,FULL_TIME
"Self-Contained Special Education Teacher, Elementary (Grades 3-5) → $5,000 Sign-on Bonus!",,60000.0,,Full-time,,,Mid-Senior level,FULL_TIME
"SRE / Software Engineer (Kubernetes, AWS)",,90.0,,Full-time,2.0,1.0,Entry level,FULL_TIME
Loan Servicing Consumer Clerk,,17.1,,Full-time,,,Entry level,FULL_TIME
Dispatcher/Router Combo,,21.0,,Full-time,1.0,1.0,Entry level,FULL_TIME
Nursing Supervisor ,,104000.0,,Full-time,,,Associate,FULL_TIME
Warehouse Cherry Picker Operator,,18.2,,Full-time,,,,FULL_TIME
Contracts Coordinator,,85524.0,,Full-time,1.0,,,FULL_TIME
"HOA Director, Fueling M&O",,175000.0,,Full-time,,,,FULL_TIME
Customer Service Representative - Specialty Paint Division,,18.0,,Full-time,,,Mid-Senior level,FULL_TIME
Customer Service Representative,,16.0,,Part-time,,,Mid-Senior level,PART_TIME
"Internal Sales Associate (Charlotte, North Carolina (hybrid) or Remote)",,45900.0,,Internship,,1.0,Entry level,INTERNSHIP
Real Estate Acquisitions Analyst,,100000.0,,Full-time,,,Entry level,FULL_TIME
Portfolio Community Manager (Temporary) - San Diego,,75000.0,,Temporary,,,Mid-Senior level,TEMPORARY
Warehouse Cherry Picker Operator,,18.2,,Full-time,,,,FULL_TIME
Warehouse Operator,,20.55,,Full-time,,,Entry level,FULL_TIME
Mobile Donor Phlebotomist (Paid training) Tues-Sat,,17.0,,Full-time,,,Entry level,FULL_TIME
Business Development Manager,,80000.0,,Full-time,15.0,1.0,,FULL_TIME
Account Executive,,35000.0,,Full-time,2.0,1.0,Associate,FULL_TIME
OAK Fueling Agent,,22.0,,Full-time,,,,FULL_TIME
Venue Booking Specialist,,25.0,,Full-time,,,,FULL_TIME
Team Member - Brookfield,,14.0,,Part-time,,,Entry level,PART_TIME
Clinical Trial Specialist (Develop Study Plans),,40.67,,Contract,66.0,1.0,Associate,CONTRACT
LAX Cargo Warehouse Agent,,24.73,,Full-time,1.0,,,FULL_TIME
HOURLY: Roll Tender,,19.87,,Full-time,,,,FULL_TIME
Maintenance Technician,,29.04,,Full-time,1.0,,Entry level,FULL_TIME
Physician - ENT-Otolaryngology,,500000.0,,Full-time,,,Mid-Senior level,FULL_TIME
Movement Disorders Neurologist Opportunity with Kaiser Permanente in Baldwin Park,,372431.0,,Full-time,,,Mid-Senior level,FULL_TIME
Animal Care Technician,,23.0,,Contract,,,Entry level,CONTRACT
MCO Passenger Service Supervisor,,21.0,,Full-time,,,,FULL_TIME
Accounts Payable Analyst/Business Support Specialist,,42.03,,Contract,2.0,,Associate,CONTRACT
Dentist,,10000.0,,Full-time,,,Mid-Senior level,FULL_TIME
Case Manager,,64000.0,,Full-time,1.0,,Mid-Senior level,FULL_TIME
Product Manager Intern (MBA) – FinTech,,64.52,,Internship,33.0,,Mid-Senior level,INTERNSHIP
Multimedia Journalist,,15.0,,Full-time,1.0,,,FULL_TIME
Charles George VAMC- Inter. Cardiologist opportunity,,370000.0,,Full-time,,,Mid-Senior level,FULL_TIME
Accounts Receivable Specialist,,23.0,,Full-time,1.0,,Associate,FULL_TIME
Inside Sales Customer Service,,52000.0,,Full-time,,,Entry level,FULL_TIME
Emergency Medical Technician / EMT - Full Time,,21.64,,Full-time,,,Entry level,FULL_TIME
Physician - Gastroenterology,,450000.0,,Full-time,,,Mid-Senior level,FULL_TIME
"Senior Research Associate, Biomarker",,90000.0,,Full-time,2.0,,Mid-Senior level,FULL_TIME
Associate Quality Engineer,,70000.0,,Full-time,,,Entry level,FULL_TIME
Radiologic Technologist,,2125.0,,Contract,,,Mid-Senior level,CONTRACT
Identity Management Consultant,,62.43,,Contract,4.0,,Mid-Senior level,CONTRACT
Audio Visual Specialist,,28.0,,Contract,,,Associate,CONTRACT
"Coder, Provider Practice Hospitalist",,30.5,,Full-time,,,Entry level,FULL_TIME
Retail Sales Technician (Electronics Repair),,17.0,,Full-time,,,Entry level,FULL_TIME
Talent Acquisition Recruiter,,65000.0,,Full-time,2.0,,Mid-Senior level,FULL_TIME
"Research Analyst, Global Occupier Services",,65000.0,,Full-time,14.0,,Associate,FULL_TIME
Linux Engineer,,160000.0,,Full-time,15.0,,Mid-Senior level,FULL_TIME
Assistant Store Manager,,17.0,,Full-time,,,Entry level,FULL_TIME
IT Billing Specialist ,,27.46,,Contract,1.0,,Associate,CONTRACT
Student Success Coach,,65000.0,,Full-time,4.0,1.0,Internship,FULL_TIME
Data Analyst,,33.0,,Contract,110.0,,Mid-Senior level,CONTRACT
Physician Assistant,,160000.0,,Full-time,,,Mid-Senior level,FULL_TIME
Sales Consultant - Part Time,,20.0,,Part-time,,,Mid-Senior level,PART_TIME
Project Manager,,100000.0,,Full-time,59.0,1.0,,FULL_TIME
Administrative Assistant,,25.0,,Part-time,60.0,1.0,Associate,PART_TIME
Client Experience Specialist,,50000.0,,Full-time,,,Entry level,FULL_TIME
"Mid Level - Project Facade Specialists, Senior Facade Specialists, Project Managers",,60000.0,,Full-time,1.0,,Mid-Senior level,FULL_TIME
Accessibility Consultant,,60.0,,Contract,2.0,,,CONTRACT
Alykl Bromides Operator,,25.34,,Full-time,,,Entry level,FULL_TIME
School Bus Attendant,,16.5,,Part-time,,,Entry level,PART_TIME
Sales Consultant,,22.0,,Full-time,,,Mid-Senior level,FULL_TIME
Payroll Manager,,80000.0,,Full-time,,,Mid-Senior level,FULL_TIME
Retail Sales Consultant,,15.0,,Part-time,,,,PART_TIME
Account Manager - Fully Remote - Northeast or Midwest Territory,,97600.0,,Full-time,2.0,1.0,Associate,FULL_TIME
Social Media Intern,,15.0,,Part-time,27.0,,,PART_TIME
Sales Development Representative,,50.0,,Full-time,2.0,,Entry level,FULL_TIME
School Bus Monitor,,15.5,,Part-time,,,Entry level,PART_TIME
Member Services Admin,,20.0,,Contract,2.0,,Entry level,CONTRACT
Residential Aide,,15.76,,Full-time,1.0,,Entry level,FULL_TIME
Accounting Specialist,,31.25,,Other,,,Entry level,OTHER
SCUBA Instructor/Assistant - TASK Worker,,20.0,,Part-time,,,Entry level,PART_TIME
OFFICE SUPPORT ASSISTANT IV,,14.51,,Full-time,,,,FULL_TIME
Loan Specialist,,41000.0,,Full-time,,,Associate,FULL_TIME
Installer,,30.0,,Contract,,,,CONTRACT
Branch Manager,,72000.0,,Full-time,,,Mid-Senior level,FULL_TIME
Systems Engineer,,75000.0,,Full-time,4.0,,Entry level,FULL_TIME
"Intern, Sustainability Fellow",,15400.0,,Internship,,,Internship,INTERNSHIP
Lauder Politics and Policy Program Assistant,,35.0,,Part-time,,,Entry level,PART_TIME
HE Planning Internship,,23.5,,Full-time,,,,FULL_TIME
Electrical and Instrumentation Journeyman,,36.96,,Part-time,,,Entry level,PART_TIME
Payroll Specialist,,36.0,,Full-time,,,Entry level,FULL_TIME
Delivery Representative,,24.75,,Full-time,,,Mid-Senior level,FULL_TIME
Service Technician,,28.0,,Full-time,,,Entry level,FULL_TIME
Transfer Admissions Counselor,,47500.0,,Full-time,,,Mid-Senior level,FULL_TIME
Senior Claims Specialist - Bodily Injury,,58032.0,,Full-time,,,Mid-Senior level,FULL_TIME
Production Worker - MTP,,17.88,,Full-time,,,Entry level,FULL_TIME
Personal Trainer,,27.75,,Part-time,,,Mid-Senior level,PART_TIME
Product Manager,,81750.0,,Full-time,1.0,,Associate,FULL_TIME
Assistant Residence Manager,,44000.0,,Full-time,,,Mid-Senior level,FULL_TIME
Sr Direct Support Professional,,19.0,,Full-time,,,Mid-Senior level,FULL_TIME
"Production Worker (Lansing Grand River) Temporary, Full Time",,21.0,,Full-time,,,,FULL_TIME
Medical Assistant,,25.31,,Full-time,,,,FULL_TIME
Retail Stocking Associate,,16.5,,Part-time,,,Entry level,PART_TIME
Retail Sales Supervisor,,18.0,,Full-time,,,Mid-Senior level,FULL_TIME
Retail Sales Supervisor,,19.5,,Full-time,,,Mid-Senior level,FULL_TIME
Research Engineering/ Scientist Associate I,,40000.0,,Full-time,,,,FULL_TIME
"Senior CAD/EDA Engineer, Texas Institute for Electronics, Cockrell School of Engineering",,160000.0,,Full-time,,,,FULL_TIME
Database Administrator,,81750.0,,Full-time,1.0,,Mid-Senior level,FULL_TIME
Receptionist,,50.0,,Temporary,,,,TEMPORARY
Delivery Representative,,28.0,,Full-time,,,Mid-Senior level,FULL_TIME
Assistant Manager,,46000.0,,Full-time,,,Mid-Senior level,FULL_TIME
Domino's Customer Service Rep/Pizza Maker – - (Leominster) - Competitive Pay - (3734),,14.0,,Full-time,,,,FULL_TIME
Retail Sales Associate- Photographer,,16.75,,Part-time,,,Entry level,PART_TIME
Retail Sales Associate,,17.0,,Part-time,,,Entry level,PART_TIME
Retail Stocking Supervisor,,19.05,,Full-time,,,Mid-Senior level,FULL_TIME
Bodily Injury Claims Specialist,,73612.5,,Full-time,,,Entry level,FULL_TIME
Program Coordinator,,16.0,,Contract,,,Entry level,CONTRACT
Business Analyst Intern,,26.5,,Full-time,31.0,1.0,,FULL_TIME
Azure Project Manager ~ SME,,70.0,,Full-time,,,Entry level,FULL_TIME
Contractor - SAP Consultant,,75.0,,Contract,,1.0,Mid-Senior level,CONTRACT
Regulatory Information Management Specialist,,51.72,,Full-time,19.0,1.0,,FULL_TIME
Contract Fundraiser,,75000.0,,Contract,2.0,1.0,,CONTRACT
Data Entry Clerk,,23.0,,Full-time,3.0,,Entry level,FULL_TIME
"Administrative Associate, Department of Psychiatry and Behavioral Sciences, Dell Medical School",,38000.0,,Full-time,,,,FULL_TIME
Retail Bilingual Store Customer Service Specialist,,19.0,,Full-time,,,Entry level,FULL_TIME
Cobb - Hatchery Processing Worker (1stS),,16.0,,Full-time,,,,FULL_TIME
FSQR Lead,,25.27,,Full-time,,,Associate,FULL_TIME
Beef- Utilities Operator,,25.0,,Full-time,,,Associate,FULL_TIME
Salon Sales Representative,,20.0,,Full-time,,,Entry level,FULL_TIME
Page Designer,,14.0,,Full-time,,,Entry level,FULL_TIME
Retail Sales Associate,,16.0,,Part-time,,,Entry level,PART_TIME
Retail Sales Supervisor,,17.95,,Full-time,,,Mid-Senior level,FULL_TIME
Property Manager,,50.0,,Full-time,,,Mid-Senior level,FULL_TIME
Operations Technician,,25.0,,Full-time,,,Associate,FULL_TIME
Design Engineer,,50.0,,Contract,1.0,,Entry level,CONTRACT
Retail Stocking Associate,,21.0,,Part-time,,,Entry level,PART_TIME
"Forklift Opr PR04 - 2nd shift Danville, VA",,24.5,,Full-time,,,,FULL_TIME
Equipment and Fleet Mechanic,,41.48,,Full-time,,,Entry level,FULL_TIME
Client Services Analyst,,33.0,,Full-time,3.0,,Mid-Senior level,FULL_TIME
Retail Sales Associate,,15.5,,Part-time,,,Entry level,PART_TIME
Retail Sales Associate,,16.0,,Part-time,,,Entry level,PART_TIME
Retail Stocking Supervisor,,19.5,,Full-time,,,Mid-Senior level,FULL_TIME
Instructional Designer/Trainer,,75000.0,,Full-time,,,,FULL_TIME
Maintenance Technician 3rd Shift (11pm-7am),,32.95,,Full-time,,,Entry level,FULL_TIME
Packer 3rd Shift (11pm-7am),,18.6,,Full-time,,,Entry level,FULL_TIME
Seasoning Operator B Shift (7pm-7am),,20.45,,Full-time,,,Entry level,FULL_TIME
Packaging Machine Operator Salty D Shift (7pm-7am),,22.5,,Full-time,,,Entry level,FULL_TIME
Inside Sales Representative,,44000.0,,Full-time,1.0,,,FULL_TIME
"General Labor 1ST SHIFT- FULL TIME- Storm Lake Turkey, IA 50588",,19.5,,Full-time,,,,FULL_TIME
"Bagger Opr PR04 2nd shift Line 2 - Danville, AR",,24.5,,Full-time,,,,FULL_TIME
"General Labor (All Shifts) - Tyson of Rogers, AR",,15.85,,Full-time,,,,FULL_TIME
FILLER OPERATOR (TEMPORARY) - DAYS 6am to 6pm multiple positions,,26.54,,Full-time,,,Entry level,FULL_TIME
Legal Support Clerk,,16.0,,Full-time,,,Entry level,FULL_TIME
Distribution Picker,,17.65,,Full-time,,,Entry level,FULL_TIME
Forklift Operator,,21.0,,Full-time,,,Associate,FULL_TIME
Junior Managerial Accountant,,16.78,,Full-time,,,Internship,FULL_TIME
General Production,,18.5,,Full-time,,,Mid-Senior level,FULL_TIME
"Bilingual Delivery Driver (English, Spanish)",,15.5,,Full-time,,,Entry level,FULL_TIME
"RTE Lead PR05 - 2nd shift Line 2 - Danville, VA",,25.5,,Full-time,,,,FULL_TIME
Retail Consultant | Larchmont | New Store Opening,,21.0,,Full-time,,,Entry level,FULL_TIME
Packer B Shift (7pm-7am),,18.6,,Full-time,,,Entry level,FULL_TIME
Beef Skilled Machine Operator,,17.5,,Full-time,,,Associate,FULL_TIME
"CPST Specialist/Counselor - $2,000 Sign-On Bonus!",,48000.0,,Full-time,,,Mid-Senior level,FULL_TIME
Psychotherapist,,70000.0,,Full-time,,,,FULL_TIME
HQF - Multimedia Designer Paid Intern,,20.0,,Part-time,1.0,,Internship,PART_TIME
Portfolio Development Internship,,20.0,,Full-time,2.0,,,FULL_TIME
Assembler I,,16.0,,Full-time,,,Associate,FULL_TIME
SUPERVISOR - CRISIS CENTER,,70000.0,,Full-time,,,Mid-Senior level,FULL_TIME
Summer Program STEM Teacher,,38.0,,Temporary,,,,TEMPORARY
Security Officer - Level 2 Weekly Pay,,17.5,,Full-time,,,Entry level,FULL_TIME
Part Time Security Officer,,18.15,,Part-time,,,Entry level,PART_TIME
Armed Security Officer,,18.13,,Full-time,,,Entry level,FULL_TIME
Research Assistant,,25.0,,Contract,1.0,,Entry level,CONTRACT
"California Campus Retail Associate (Temp) EE-CA-D1-D1, EE-CA-D2-D2, EE-CA-D4-D4, EE-CA-D3-D3, EE-CA-D5-D5, EE-CA-D3-D2",,15.5,,Temporary,,,Mid-Senior level,TEMPORARY
NY State - Campus Retail Associate (Temp) Marist Bookstore,,15.0,,Temporary,,,Mid-Senior level,TEMPORARY
Machine Operator,,16.5,,Full-time,,,Entry level,FULL_TIME
Mail Processor,,18.0,,Full-time,,,Entry level,FULL_TIME
Registered Nurse Float Pool,,47.0,,Part-time,,,Mid-Senior level,PART_TIME
Armed Security Officer,,18.13,,Full-time,,,Entry level,FULL_TIME
"Rehabilitation Assistant, Weekends Only, 4:30pm-12:30am - Catonsville, MD",,17.5,,Part-time,,,Entry level,PART_TIME
1st Grade Teacher: Uplift Crescendo Primary (24-25),,60000.0,,Full-time,,,Entry level,FULL_TIME
Molder B - 2nd shift Temp,,17.0,,Full-time,,,,FULL_TIME
"Retail Store Associate 3rd Shift| $16.85 - Detroit Metro Airport Location, Paradies Lagardere",,16.0,,Full-time,,,Entry level,FULL_TIME
Valet,,18.0,,Full-time,,,Entry level,FULL_TIME
"Industrial Security Officer - Overnight - West Deptford, NJ",,22.0,,Full-time,,,Entry level,FULL_TIME
Cafeteria Worker: Uplift Summit Preparatory (24-25 SY),,15.0,,Full-time,,,Entry level,FULL_TIME
Hofstra University - Campus Store Retail Associate (Seasonal),,15.0,,Temporary,,,Entry level,TEMPORARY
Disputes Administrator,,25.0,,Full-time,,,Mid-Senior level,FULL_TIME
Registered Nurse Float Pool PRN,,47.0,,Part-time,,,Mid-Senior level,PART_TIME
Attendant - Driving,,18.29,,Full-time,,,Entry level,FULL_TIME
Valet,,18.0,,Part-time,,,Entry level,PART_TIME
Security Officer - Level 2 Weekly Pay,,17.5,,Full-time,,,Entry level,FULL_TIME
Retail Merchandise Processor – PT,,15.0,,Part-time,,,Entry level,PART_TIME
Valet,,19.07,,Part-time,,,Entry level,PART_TIME
Valet,,12.0,,Part-time,,,Entry level,PART_TIME
Security Officer - Paid Weekly,,17.0,,Part-time,,,Entry level,PART_TIME
"Clinical Case Manager, Enhanced Foster Care",,46612.0,,Full-time,,,Mid-Senior level,FULL_TIME
Mental Health Technician,,17.0,,Full-time,,,,FULL_TIME
Instrumentation & Electrical Technician (I&E Tech),,46.59,,Full-time,,,Entry level,FULL_TIME
Sanitation Associate 3rd Shift (10:30pm-7am),,19.25,,Full-time,,,Entry level,FULL_TIME
Local Delivery Driver,,21.0,,Full-time,,,Entry level,FULL_TIME
Valet,,19.07,,Part-time,,,Entry level,PART_TIME
Driver Route NonCDL,,19.0,,Full-time,,,Entry level,FULL_TIME
Cafeteria Worker: Uplift North Hills Prep (24-25 SY),,15.0,,Full-time,,,Entry level,FULL_TIME
Manufacturing Associate,,19.5,,Full-time,,,Entry level,FULL_TIME
6th Grade ELA Teacher: Uplift Mighty Middle School (24-25),,60000.0,,Full-time,,,Entry level,FULL_TIME
Front Desk Agent,,17.0,,Full-time,,,Entry level,FULL_TIME
Sales Executive,,80000.0,,Full-time,3.0,,Entry level,FULL_TIME
Power Block Operator - Power Plant,,39.27,,Full-time,,,Entry level,FULL_TIME
Behavioral Specialist,,41600.0,,Full-time,,,Entry level,FULL_TIME
Claims Associate (Total Loss),,48000.0,,Full-time,,,Entry level,FULL_TIME
Valet,,16.5,,Full-time,,,Entry level,FULL_TIME
Attendant,,16.5,,Full-time,,,Entry level,FULL_TIME
Plant Associate,,21.0,,Full-time,,,Entry level,FULL_TIME
Warehouse Technician,,18.0,,Full-time,,,Associate,FULL_TIME
Supervisor,,18.0,,Full-time,,,Mid-Senior level,FULL_TIME
Sr Operations Lead,,75000.0,,Full-time,4.0,1.0,Associate,FULL_TIME
Seasonal Mosquito Technician,,14.5,,Full-time,,,Entry level,FULL_TIME
Customer Service Representative,,14.0,,Full-time,,,Mid-Senior level,FULL_TIME
Attendant,,16.0,,Full-time,,,Entry level,FULL_TIME
Financial Services Representative,,50400.0,,Full-time,,,Entry level,FULL_TIME
Entry Level Hospital Services Technician,,20.19,,Full-time,,,Entry level,FULL_TIME
Driver Services Coordinator,,16.5,,Full-time,,,Entry level,FULL_TIME
Content Strategist - Financial or Regulated Industry,,73.34,,Contract,9.0,1.0,Mid-Senior level,CONTRACT
Office Administrator,,45000.0,,Full-time,1.0,,Entry level,FULL_TIME
HVAC Sales Coordinator,,21.0,,Full-time,,,Entry level,FULL_TIME
Account Manager,,47000.0,,Full-time,,,Associate,FULL_TIME
MR Fusion Specialist,,40.0,,Full-time,,,Entry level,FULL_TIME
Senior Azure Cloud Infrastructure Engineer -THIS IS NOT A DEVOPS ROLE-US Citizens or GCH- Perm/No Consultants,,125000.0,,Full-time,3.0,1.0,Mid-Senior level,FULL_TIME
Program/Project/Product Manager-Treasury Management-BANKING,,85.0,,Contract,2.0,,Mid-Senior level,CONTRACT
Wholesale Operations and Marketing Coordinator,,21.0,,Full-time,8.0,,,FULL_TIME
HVAC Install Assistant/Warehouse Helper-Moyer Indoor Outdoor,,21.0,,Full-time,,,Entry level,FULL_TIME
Enterprise Sales Executive,,150000.0,,Full-time,1.0,,Mid-Senior level,FULL_TIME
Front Desk Receptionist,,20.0,,Temporary,2.0,,Associate,TEMPORARY
Human Resources Payroll Manager,,95000.0,,Full-time,,,,FULL_TIME
Business Analyst ,,54.0,,Full-time,3.0,,,FULL_TIME
Summer Intern - Engineering,,16.0,,Full-time,1.0,,,FULL_TIME
Business Analyst,,39.0,,Contract,57.0,1.0,Associate,CONTRACT
Part-Time Project Coordinator (Hybrid),,20.0,,Part-time,2.0,,,PART_TIME
Clinical Veterinarian (Consultant) ,,125.0,,Contract,,,Associate,CONTRACT
Veterinary Clinic Team Manager,,47000.0,,Full-time,,,Mid-Senior level,FULL_TIME
Development Intern,,20.0,,Full-time,,1.0,,FULL_TIME
Dietitian (PRN) - Housewide Dietitians,,32.64,,Part-time,,,,PART_TIME
Travel Radiology Tech (CT + XR),,65.0,,Full-time,,,Entry level,FULL_TIME
Paralegal,,55000.0,,Full-time,,,Entry level,FULL_TIME
Grill Cook - Corporate Dining,,18.0,,Full-time,,,Entry level,FULL_TIME
Financial Advisor,,50000.0,,Full-time,,1.0,Entry level,FULL_TIME
Lighting & Audio Technician,,18.0,,Full-time,,,,FULL_TIME
Oracle Cloud Functional R2R Analyst,,150000.0,,Full-time,,,Mid-Senior level,FULL_TIME
Grill Cook - Corporate Dining,,17.35,,Full-time,,,Entry level,FULL_TIME
Sales Associate Part Time - TOMMY HILFIGER,,15.0,,Part-time,,,Entry level,PART_TIME
"Travel/Contract RN *up to $2,400/wk*",,2400.0,,Contract,,,Mid-Senior level,CONTRACT
Clinical Trial Associate,,34.0,,Contract,2.0,1.0,Associate,CONTRACT
Learning Support Special Ed. Teacher,,50.0,,Contract,,,Entry level,CONTRACT
"Travel/Contract RN *up to $2,400/wk*",,2400.0,,Contract,,,Mid-Senior level,CONTRACT
Case Manager - Family Court,,24.09,,Full-time,,,Mid-Senior level,FULL_TIME
Registered Nurse,,40.0,,Full-time,,,,FULL_TIME
"Business Intelligence Intern, Inventory Planning",,17.0,,Internship,1.0,,Internship,INTERNSHIP
Weekend Clean-up Crew,,23.04,,Full-time,,,Entry level,FULL_TIME
MetroWest Nonprofit Network Coordinator,,27.0,,Part-time,,,,PART_TIME
Service Desk Analyst II,,60000.0,,Full-time,,,Mid-Senior level,FULL_TIME
Outside Sales Consultant,,50000.0,,Full-time,,,,FULL_TIME
Payroll Tax Filing Delivery Manager (616462),,45.0,,Contract,,1.0,Mid-Senior level,CONTRACT
WAREHOUSE STAMP OPERATOR,,22.5,,Full-time,,,Entry level,FULL_TIME
Business Execution Consultant,,30.0,,Full-time,,,Associate,FULL_TIME
Underwriting Intern,,22.0,,Internship,,,Internship,INTERNSHIP
Customer Service Representative,,21.0,,Full-time,,,Associate,FULL_TIME
Part Time Sales Associate- CALVIN KLEIN- Starting pay $14.00/hr,,14.0,,Part-time,,,Entry level,PART_TIME
WAREHOUSE DAMAGE/RETURNS PROCESSOR - $18.00/HR,,18.0,,Full-time,,,Entry level,FULL_TIME
Customer Service Representative/Store Associate,,21.0,,Full-time,,,Associate,FULL_TIME
Assistant Store Manager- TOMMY HILFIGER- Starting at $24.00,,24.0,,Full-time,,,Entry level,FULL_TIME
DIRECTOR OF NURSING,,130000.0,,Full-time,,,Director,FULL_TIME
WAREHOUSE CHECKER/LOADER IV,,18.0,,Full-time,,,Entry level,FULL_TIME
NURSING SUPERVISOR,,45.0,,Full-time,,,Mid-Senior level,FULL_TIME
Assistant Teacher,,20.0,,Part-time,,,,PART_TIME
Receptionist #36275,,20.0,,Temporary,,,Entry level,TEMPORARY
Center/Enrollment Director,,53000.0,,Full-time,,,,FULL_TIME
Regional Sales Manager,,122000.0,,Full-time,,1.0,Mid-Senior level,FULL_TIME
School Nutrition Foundation Manager,,94000.0,,Full-time,,,Mid-Senior level,FULL_TIME
Visual Merchandiser,,26.0,,Contract,,,Associate,CONTRACT
Bindery Operator,,24.0,,Full-time,,,Entry level,FULL_TIME
Licensed Practical Nurse - Primary Care PACT - UP TO 10k SIGN ON BONUS,,144000.0,,Full-time,,,Mid-Senior level,FULL_TIME
"2024 MBA Summer Internship, Commercial",,50.0,,Full-time,,,Internship,FULL_TIME
Retail Sales Associate,,11.75,,Part-time,,,Entry level,PART_TIME
H&M Sales Associate,,17.5,,Part-time,,,Entry level,PART_TIME
Retail Merchandiser,,26.0,,Contract,,,Associate,CONTRACT
Housekeeping & Locker Room Attendant,,18.0,,Full-time,,,Entry level,FULL_TIME
Beauty Advisor (Inside Sales) Sally Beauty 03580,,14.0,,Other,,,Mid-Senior level,OTHER
Application Engineer,,72.0,,Contract,,,Mid-Senior level,CONTRACT
Clerical Assistant,,17.44,,Contract,,,Associate,CONTRACT
Coin Processing Teller,,20.0,,Full-time,,,Entry level,FULL_TIME
Dental Hygiene Assistant,,19.0,,Full-time,,,Entry level,FULL_TIME
Bilingual Wireless Fraud Care Specialist,,21.92,,Full-time,,,Entry level,FULL_TIME
Environmental Planning Intern,,17.0,,Internship,,,,INTERNSHIP
Wardrobe Fabricator (Sewing/Alterations Specialist),,18.0,,Part-time,,,Entry level,PART_TIME
Food and Beverage - Warehouse 3rd Shift Distributor (Valid FLDL Required),,17.5,,Part-time,,,Entry level,PART_TIME
Staff Accountant,,60000.0,,Full-time,,,Entry level,FULL_TIME
Automotive Lube Technician,,16.0,,Full-time,,,Entry level,FULL_TIME
IV Room Tech (PRN) - Pharmacy,,20.53,,Part-time,,,,PART_TIME
Full-Time Server,,14.5,,Full-time,,,Entry level,FULL_TIME
Kitchen Supervisor,,23.0,,Full-time,,,Mid-Senior level,FULL_TIME
Full-time Dishwasher/Utility Worker,,12.56,,Full-time,,,Entry level,FULL_TIME
"Environment, Health and Safety Coordinator",,40.0,,Full-time,,,,FULL_TIME
DISH Installation Technician - Field,,19.75,,Full-time,,,Entry level,FULL_TIME
"Sales Development Representative, Inbound",,25.0,,Full-time,,,Associate,FULL_TIME
Court Clerk,,20.0,,Full-time,,,Associate,FULL_TIME
Accounting Clerk,,29.75,,Full-time,,,Associate,FULL_TIME
Project Manager,,55.0,,Full-time,,,Mid-Senior level,FULL_TIME
"Program Coordinator, Office of Undergraduate Research and Fellowships (less than half-time)",,30.0,,Part-time,,,,PART_TIME
Driver Supervisor,,19.0,,Full-time,,,Mid-Senior level,FULL_TIME
Contract Credentialing Liaison ,,25.0,,Contract,,,Entry level,CONTRACT
Associate Sales Representative - Advanced Surgical - Central NJ,,65000.0,,Full-time,,,Mid-Senior level,FULL_TIME
"Summer Intern, Ad Tech",,16.0,,Internship,,1.0,Internship,INTERNSHIP
Associate Sales Representative - Advanced Surgical - Sacramento,,65000.0,,Full-time,,,Mid-Senior level,FULL_TIME
Market Reporter - Americas Chemical and Polymer,,85000.0,,Full-time,,,,FULL_TIME
Payroll Specialist,,28.08,,Full-time,,,Associate,FULL_TIME
Warehouse Person (FLDL Required),,18.5,,Part-time,,,Entry level,PART_TIME
Food Service Manager,,60000.0,,Full-time,,,Mid-Senior level,FULL_TIME
Part-Time Server,,14.5,,Part-time,,,Mid-Senior level,PART_TIME
Pool Support (Seasonal)-Kimpton Sawyer Hotel,,16.0,,Temporary,,,Entry level,TEMPORARY
Warehouse Associate,,18.0,,Full-time,,,Entry level,FULL_TIME
Datacenter Analyst,,53.06,,Contract,1.0,,Mid-Senior level,CONTRACT
Pool Server (Seasonal)-Kimpton Sawyer Hotel,,16.0,,Temporary,,,Mid-Senior level,TEMPORARY
Material Handler (Contractor),,19.0,,Full-time,,,Mid-Senior level,FULL_TIME
Server,,20.0,,Full-time,,,Entry level,FULL_TIME
Server,,20.0,,Full-time,,,Entry level,FULL_TIME
Front Office Supervisor (Overnight) - Hilton Vancouver,,20.05,,Full-time,,,Mid-Senior level,FULL_TIME
Valet Parking Cashier - Hilton Los Angeles Airport,,24.3,,Full-time,,,Entry level,FULL_TIME
YARD DRIVER (CDL) - DC - Starting pay $19.00 hr,,19.0,,Part-time,,,Entry level,PART_TIME
Credit Assistant Manager,,16.0,,Full-time,,,Mid-Senior level,FULL_TIME
Sales Assistant Manager,,16.0,,Full-time,,,Mid-Senior level,FULL_TIME
Systems or Software Engineers - 100% Remote - (SSE.R.RIC.2),,145000.0,,Full-time,,1.0,Entry level,FULL_TIME
Social Media Manager,,22.0,,Full-time,,,,FULL_TIME
Cook,,18.0,,Part-time,,,Entry level,PART_TIME
Basic Life Support Instructor,,35.0,,Part-time,,,,PART_TIME
Pool Host (Seasonal)-Revival,,16.5,,Temporary,,,Entry level,TEMPORARY
School Crossing Guard - Phoenixville,,17.0,,Full-time,,,Entry level,FULL_TIME
Therapeutic Youth Support,,20.42,,Full-time,,,Entry level,FULL_TIME
Sr. Buyer III,,87000.0,,Full-time,,,Mid-Senior level,FULL_TIME
"Multispecies Livestock Hand (Clay Center, NE)",,18.0,,Full-time,,,,FULL_TIME
Host/Hostess - Hudson and Nash Restaurant - Hilton San Diego Bayfront,,17.08,,Full-time,,,Mid-Senior level,FULL_TIME
Delivery Specialist,,14.45,,Full-time,,,Entry level,FULL_TIME
National Virtual PEO Sales Representative,,74000.0,,Full-time,,1.0,Entry level,FULL_TIME
UTS - Temporary Howling Cow Dairy Education Center and Creamery Team Member - at NC State,,15.0,,Temporary,,,Entry level,TEMPORARY
Shipping/Receiving Clerk (Onsite),,18.0,,Contract,,,Entry level,CONTRACT
"Operator, Extruder II",,28.47,,Full-time,,,Entry level,FULL_TIME
Pool Bartender (Seasonal)-Kimpton Sawyer Hotel,,16.0,,Temporary,,,Mid-Senior level,TEMPORARY
Recruitment Assistant,,20.0,,Full-time,,,Entry level,FULL_TIME
Retail Cashier - Customer Service Associate,,15.0,,Part-time,,,Entry level,PART_TIME
Maintenance Technician 3 (Electrical) - 3rd Shift,,34.0,,Full-time,,,Mid-Senior level,FULL_TIME
Production Technician (Part Time),,15.5,,Part-time,,,,PART_TIME
Electrician,,34.36,,Full-time,,,,FULL_TIME
Currents Restaurant Supervisor,,21.0,,Full-time,,,Mid-Senior level,FULL_TIME
Delivery Specialist,,19.0,,Full-time,,,Entry level,FULL_TIME
Paramedic Field Operations Supervisor,,83000.0,,Full-time,,,,FULL_TIME
Application Architect IV - .NET,,70.0,,Contract,,,Mid-Senior level,CONTRACT
Bulk Product Handler,,26.95,,Full-time,,,Associate,FULL_TIME
Consumer Banker 2,,17.0,,Full-time,,,,FULL_TIME
Registered Nurse (RN) - Per Diem/PRN,,50.0,,Part-time,,,Mid-Senior level,PART_TIME
Inventory Control Clerk - 3rd Shift Receiving,,18.39,,Full-time,,,,FULL_TIME
"Sales Manager, Finance Cloud",,260000.0,,Full-time,,,Mid-Senior level,FULL_TIME
Store Manager-In Training,,21.5,,Full-time,,,Mid-Senior level,FULL_TIME
Sr. Compliance Analyst- (Remote),,144000.0,,Full-time,,1.0,Mid-Senior level,FULL_TIME
Customer Service Representative,,17.5,,Full-time,,,Mid-Senior level,FULL_TIME
Material Handler,,18.85,,Full-time,,,Entry level,FULL_TIME
Overnight Security Officer - Hilton Fort Lauderdale Marina,,18.0,,Full-time,,,Entry level,FULL_TIME
Urgently Hiring Machine Operators & Shipping Clerks - Day Shift – No Experience Needed,,17.0,,Full-time,,,Entry level,FULL_TIME
"Associate Clinical Account Specialist - Atlanta, GA - Biosense Webster, Inc",,70000.0,,Full-time,,,,FULL_TIME
Sr. Claim Specialist - Construction (Open to Remote),,100000.0,,Full-time,,1.0,Mid-Senior level,FULL_TIME
Store Pricing & Signage Specialist,,16.0,,Full-time,,,,FULL_TIME
"Multispecies Livestock Hand (Clay Center, NE)",,18.0,,Full-time,,,,FULL_TIME
Case Manager - Employment - HYS-HSS,,32.5,,Full-time,,,Mid-Senior level,FULL_TIME
"Accountant, Sr",,71.0,,Full-time,,,Mid-Senior level,FULL_TIME
Senior Anaplan Architect,,100000.0,,Full-time,,,Mid-Senior level,FULL_TIME
Heavy Equipment Operator,,19.0,,Full-time,,,Entry level,FULL_TIME
Guest Service Agent (Overnight) - Hilton Vancouver,,18.5,,Full-time,,,Entry level,FULL_TIME
Bell Captain - Hilton Los Angeles Airport,,25.34,,Full-time,,,Mid-Senior level,FULL_TIME
"Associate Clinical Account Specialist - Philadelphia East / New Jersey South - Biosense Webster, Inc",,70000.0,,Full-time,,,,FULL_TIME
Patient Care Customer Service Evenings & Weekends REMOTE,,15.0,,Full-time,,1.0,Entry level,FULL_TIME
Senior Regulatory Compliance Analyst - Mental Health Parity (Remote),,128700.0,,Full-time,,1.0,Mid-Senior level,FULL_TIME
Customer Care Desk Associate,,14.75,,Full-time,,,,FULL_TIME
Janitor,,16.0,,Full-time,,,Entry level,FULL_TIME
Manufacturing Supervisor,,58000.0,,Full-time,,,Mid-Senior level,FULL_TIME
HR Intern,,25.0,,Full-time,,1.0,Internship,FULL_TIME
Customer Care Representative B,,30.39,,Full-time,,,Entry level,FULL_TIME
Surveillance Operator (3pm-11pm),,15.0,,Full-time,,,Entry level,FULL_TIME
Paid Social Marketing Manager,,95000.0,,Full-time,,,Mid-Senior level,FULL_TIME
Occupational Therapy Assistant / FT,,28.7,,Full-time,,,Entry level,FULL_TIME
Sales Rep - Small Format,,69489.0,,Full-time,,,,FULL_TIME
CX Content Strategist,,70.0,,Contract,,1.0,Mid-Senior level,CONTRACT
Restaurant Busser - Part Time PM Shift - Hilton Des Moines,,13.0,,Part-time,,,Entry level,PART_TIME
"Associate Clinical Account Specialist - New Jersey South / Philadelphia East - Biosense Webster, Inc",,70000.0,,Full-time,,,,FULL_TIME
Systems or Software Engineers - 100% Remote - (SSE.R.BOS.2),,145000.0,,Full-time,,1.0,Entry level,FULL_TIME
E-Commerce Shipping Now Hiring!,,15.0,,Full-time,,,Entry level,FULL_TIME
Microbiology Technician IV,,28.85,,Full-time,,,Entry level,FULL_TIME
Palletizer Operator,,26.95,,Full-time,,,Associate,FULL_TIME
Journeyman Industrial Electrician,,78666.0,,Full-time,,,Entry level,FULL_TIME
Account Executive - South Atlantic,,23.0,,Full-time,,1.0,Mid-Senior level,FULL_TIME
Registered Nurse RN,,38.0,,Part-time,,,Mid-Senior level,PART_TIME
CDL Truck Driver Container,,21.0,,Full-time,,,Entry level,FULL_TIME
Sales Rep - Large Format,,55500.0,,Full-time,,,,FULL_TIME
Seasonal Housekeeper,,25.0,,Temporary,,,Mid-Senior level,TEMPORARY
"Customer Service Representative - Remote, ME",,14.5,,Full-time,,1.0,Mid-Senior level,FULL_TIME
Maintenance Mechanic,,41.75,,Full-time,,,Entry level,FULL_TIME
"Warehouse Operator Night Shift 6PM-6AM Hourly-$63,000/year",,63000.0,,Full-time,,,Entry level,FULL_TIME
Warehouse Person (Loader) - Evenings,,24.5,,Full-time,,,,FULL_TIME
Pharmacist Nights,,62.0,,Full-time,,,Entry level,FULL_TIME
Fulfillment Specialist,,17.0,,Full-time,,,Entry level,FULL_TIME
Senior Welder,,35.18,,Full-time,,,Entry level,FULL_TIME
"Merchandiser (Seasonal, Ends Labor Day 2024)",,19.0,,Full-time,,,,FULL_TIME
Customer Care Representative B - Bilingual (Spanish),,30.39,,Full-time,,,Entry level,FULL_TIME
Sanitation Technician II - 2nd Shift,,20.51,,Full-time,,,Associate,FULL_TIME
"Swing, Driver, Roll Off",,29.76,,Full-time,,,Entry level,FULL_TIME
"Temporary Laboratory Assistant (Specimen Processing, Days, 30 hrs)",,20.0,,Temporary,,,,TEMPORARY
"Trauma Associate Sales Representative (Spokane, WA)",,60000.0,,Full-time,,,Associate,FULL_TIME
JFK Cargo Warehouse Supervisor,,21.5,,Full-time,,,,FULL_TIME
SENIOR IT ANALYST/PROGRAMMER,,52.0,,Full-time,,,Mid-Senior level,FULL_TIME
Fulfillment Specialist - Nights,,16.5,,Full-time,,,Entry level,FULL_TIME
Merchandiser - Seasonal (Rocklin / Auburn),,21.3,,Full-time,,,,FULL_TIME
Delivery Driver / CDL A required,,65494.0,,Full-time,,,,FULL_TIME
Merchandiser - Beaverton / Hillsboro,,23.5,,Full-time,,,,FULL_TIME
Warehouse Person (Loader) - Evening Shift / Seasonal,,20.98,,Full-time,,,,FULL_TIME
Merchandiser - Part Time / Seasonal,,23.5,,Part-time,,,,PART_TIME
Merchandiser,,20.75,,Full-time,,,,FULL_TIME
Retail Sales - Accessories - Fashion Show,,13.25,,Part-time,,,Entry level,PART_TIME
OB GYN Physician,,383000.0,,Full-time,,,Mid-Senior level,FULL_TIME
"Temporary Laboratory Assistant (Specimen Processing, Days, 30 hrs)",,19.0,,Temporary,,,,TEMPORARY
"Coordinator, South Buena Vista",,32.0,,Contract,,,,CONTRACT
PHX GSE Mechanic,,26.0,,Full-time,,,,FULL_TIME
Nestle Tollhouse Production Operator,,20.85,,Full-time,,,Associate,FULL_TIME
Local Delivery Driver - CDL A,,32.6,,Full-time,,,,FULL_TIME
Merchandiser - Part Time,,22.0,,Part-time,,,,PART_TIME
Delivery Driver,,66450.0,,Full-time,,,,FULL_TIME
Merchandiser (Vacaville; Dixon; Davis; Woodland),,21.3,,Full-time,,,,FULL_TIME
"Trauma Associate Sales Representative (Portland, OR)",,60000.0,,Full-time,,,Associate,FULL_TIME
"Mattel Retail Services Team Associate Merchandiser - Kissimmee, FL 34741",,15.0,,Full-time,,,,FULL_TIME
Route Service Sales Representative (4-Day Workweek) - $24/Hour,,24.0,,Full-time,,,,FULL_TIME
CDL Truck Driver,,32.75,,Full-time,,,Entry level,FULL_TIME
Summer Mentor Position,,25.0,,Full-time,1.0,,,FULL_TIME
Bus Driver,,18.86,,Part-time,,,Entry level,PART_TIME
Operations Technician (MEM),,21.25,,Full-time,,,,FULL_TIME
HOURLY: Packer,,15.95,,Full-time,,,Entry level,FULL_TIME
Team Member - Palatine,,14.0,,Part-time,,,Entry level,PART_TIME
Delivery Driver,,26.8,,Full-time,,,,FULL_TIME
Warehouse Person (Loader) - Night Shift,,30.75,,Full-time,,,,FULL_TIME
Field Service Technician (Level 2),,26.55,,Full-time,,,,FULL_TIME
Commercial CSR,,17.0,,Full-time,,,,FULL_TIME
CNC Machine Operator 3 -2nd Shift (Machine Shop),,23.7,,Full-time,,,Associate,FULL_TIME
"Audience Services Concierge (Sales, Customer Service)",,20000.0,,Part-time,,,,PART_TIME
Production Packaging Associate - 3rd Shift,,20.25,,Full-time,,,Entry level,FULL_TIME
General Manager,,24.0,,Full-time,,,Executive,FULL_TIME
General Manager,,24.0,,Full-time,,,Executive,FULL_TIME
Field Data Collector - MCBS,,19.75,,Part-time,,,Entry level,PART_TIME
Receptionist,,22.0,,Full-time,,,Entry level,FULL_TIME
"Technical Support Specialist, Adult Learning",,42.0,,Full-time,,1.0,,FULL_TIME
"Manufacturing Support Associate, Accuform NMC Brooksville - 3rd Shift",,16.5,,Full-time,,,Entry level,FULL_TIME
Production Supervisor,,72000.0,,Full-time,,,,FULL_TIME
Restaurant GM Saline,,10000.0,,Full-time,,,Mid-Senior level,FULL_TIME
ATL Cargo Warehouse Agent,,16.5,,Full-time,,,,FULL_TIME
PHX Ramp Agent,,18.0,,Part-time,,,,PART_TIME
Field Data Collector - MCBS,,19.75,,Part-time,,,Entry level,PART_TIME
Accountant,,53000.0,,Full-time,,,Mid-Senior level,FULL_TIME
Driver-PRN,,14.35,,Part-time,,,Entry level,PART_TIME
Clinical Associate,,23.43,,Full-time,,,,FULL_TIME
PM - Dock Worker / Forklift Operator (Part-Time) | $21.95/hr.,,21.95,,Part-time,,,Entry level,PART_TIME
Director of Human Resources - Hospitality,,90000.0,,Full-time,,,Executive,FULL_TIME
Accountant,,53000.0,,Full-time,,,Mid-Senior level,FULL_TIME
CNA Homecare Whitewater\/Fort Atkinson Area,,18.0,,Full-time,,,Entry level,FULL_TIME
Operations HR Program Officer,,90000.0,,Other,,,Entry level,OTHER
Accounts Payable Lead,,65000.0,,Other,,,Mid-Senior level,OTHER
Welder,,27.0,,Full-time,,,Mid-Senior level,FULL_TIME
Director of Development Services,,180000.0,,Full-time,,,Director,FULL_TIME
Customer Service Representative Gas,,24.41,,Full-time,,,Mid-Senior level,FULL_TIME
"Associate, Transfer Pricing - NYC Summer 2024",,80000.0,,Part-time,,,Associate,PART_TIME
Logan County OhioRISE Moderated Care Coordinator,,45000.0,,Full-time,,,Entry level,FULL_TIME
Server | Spirit - City Cruises,,15.0,,Part-time,,,,PART_TIME
Pest Control Technician,,75000.0,,Full-time,,,Entry level,FULL_TIME
Material Handler,,17.97,,Full-time,,,Entry level,FULL_TIME
Driver,,18.5,,Full-time,,,Entry level,FULL_TIME
Retail Sales Associate,,15.5,,Part-time,,,Entry level,PART_TIME
Retail Stocking Supervisor,,18.0,,Full-time,,,Mid-Senior level,FULL_TIME
Retail Sales Associate,,15.25,,Part-time,,,Entry level,PART_TIME
Retail Stocking Supervisor,,18.5,,Full-time,,,Mid-Senior level,FULL_TIME
Warehouse Operations Assistant,,21.02,,Full-time,,,Entry level,FULL_TIME
Pest Control Technician,,75000.0,,Full-time,,,Entry level,FULL_TIME
Construction Technician,,10000.0,,Full-time,,,Entry level,FULL_TIME
Account Manager - Automation and Control,,70000.0,,Full-time,,,Mid-Senior level,FULL_TIME
Retail Stocking Associate,,16.5,,Part-time,,,Entry level,PART_TIME
Retail Stocking Associate,,17.5,,Part-time,,,Entry level,PART_TIME
Retail Sales Associate,,20.0,,Part-time,,,Entry level,PART_TIME
Armed Nuclear Security Officer,,23.42,,Full-time,,,Entry level,FULL_TIME
Project Engineer,,20.0,,Full-time,,,Entry level,FULL_TIME
Collection Assistant,,19.0,,Full-time,,,Entry level,FULL_TIME
Retail Sales Associate,,17.0,,Part-time,,,Entry level,PART_TIME
Retail Sales Associate,,15.5,,Part-time,,,Entry level,PART_TIME
Senior Retail Stocking Associate,,20.0,,Full-time,,,Mid-Senior level,FULL_TIME
Senior Retail Sales Associate,,15.0,,Full-time,,,Entry level,FULL_TIME
Client Operations Analyst,,26.0,,Full-time,,,Mid-Senior level,FULL_TIME
Machine Operator - Nights,,21.0,,Full-time,,,Entry level,FULL_TIME
HVAC Technician,,37.4,,Full-time,,,Entry level,FULL_TIME
"Product Engineer I, Product Engineer II, Sr. Product Engineer, Texas Institute for Electronics, Cockrell School of Engineering",,80000.0,,Full-time,,,,FULL_TIME
Miami: [2024-2025] Middle School ELA Teacher (Gr. 5-8),,55000.0,,Full-time,,,,FULL_TIME
Assistant Store Manager,,19.0,,Full-time,,,Associate,FULL_TIME
UT Elementary School Teacher,,56000.0,,Full-time,,,,FULL_TIME
Retail Sales Associate,,14.25,,Part-time,,,Entry level,PART_TIME
Retail Sales Associate,,20.0,,Part-time,,,Entry level,PART_TIME
Grassroots Organizer,,25.0,,Part-time,,,,PART_TIME
Senior Account Executive,,40000.0,,Full-time,,1.0,Associate,FULL_TIME
Physical Therapy Aide,,18.0,,Full-time,,,Entry level,FULL_TIME
Loan Specialist,,41000.0,,Full-time,,,Associate,FULL_TIME
Customer Service Represenative,,19.5,,Full-time,,,Mid-Senior level,FULL_TIME
"Consultant, FedRAMP Advisory | Remote US",,64000.0,,Full-time,,1.0,,FULL_TIME
Retail Stocking Associate,,17.5,,Part-time,,,Entry level,PART_TIME
Retail Stocking Associate,,16.75,,Part-time,,,Entry level,PART_TIME
Retail Stocking Supervisor,,19.05,,Full-time,,,Mid-Senior level,FULL_TIME
Onsite Merchant Support Specialist,,24.0,,Full-time,,,Entry level,FULL_TIME
"Utility Supdice-A Shift- Full Time - North Richland Hills DFW, TX 76180-12",,16.85,,Full-time,,,,FULL_TIME
"Utility Opr Pack Line L 1&5- A Shift- Full Time- North Richland Hills DTW, TX",,16.85,,Full-time,,,,FULL_TIME
Surgical Pack Assembler / 5am Start,,17.6,,Full-time,,,Entry level,FULL_TIME
Program Support Coordinator,,17.0,,Contract,,,Entry level,CONTRACT
Test Engineer Intern,,27.75,,Internship,,,Internship,INTERNSHIP
Retail Stocking Associate,,15.5,,Part-time,,,Entry level,PART_TIME
Retail Stocking Associate,,19.0,,Part-time,,,Entry level,PART_TIME
Retail Sales Associate,,17.5,,Part-time,,,Entry level,PART_TIME
Associate Editor,,60000.0,,Full-time,,,Associate,FULL_TIME
Client Services Representative,,19.0,,Full-time,,,Entry level,FULL_TIME
Full Time Assistant Manager,,20.0,,Full-time,,,Associate,FULL_TIME
Laboratory Research Assistant I,,36000.0,,Full-time,,,,FULL_TIME
Hvac Installer,,30.0,,Contract,,,,CONTRACT
Tasker,,20.0,,Full-time,,,,FULL_TIME
HVAC Teardown/Recycle Tech - Manufacturing,,17.0,,Full-time,,,Entry level,FULL_TIME
Part-Time Cafeteria Grill Cook Attendant Graveyard (17.35/hr),,17.35,,Part-time,,,Mid-Senior level,PART_TIME
Fixed Assets Accounting Manager,,140000.0,,Full-time,,,Mid-Senior level,FULL_TIME
Financial Center Operations Specialist,,22.0,,Full-time,,,Entry level,FULL_TIME
Customer Service Representative,,22.01,,Full-time,,,,FULL_TIME
Store Manager,,66560.0,,Full-time,,,Mid-Senior level,FULL_TIME
Operator Apprentice,,18.54,,Full-time,,,Internship,FULL_TIME
Material Handler,,17.87,,Full-time,,,Entry level,FULL_TIME
Delivery Driver,,19.0,,Full-time,,,Entry level,FULL_TIME
Retail Stocking Associate,,17.28,,Part-time,,,Entry level,PART_TIME
Retail Stocking Associate,,14.65,,Part-time,,,Entry level,PART_TIME
Retail Sales Associate,,15.05,,Part-time,,,Entry level,PART_TIME
Shift Supervisor,,22.0,,Full-time,,,Mid-Senior level,FULL_TIME
Assistant Store Manager ($18/hr),,19.0,,Full-time,,,Associate,FULL_TIME
Assistant Store Manager,,18.0,,Full-time,,,Associate,FULL_TIME
General Production - 2nd Shift,,18.45,,Full-time,,,Mid-Senior level,FULL_TIME
Server,,14.9,,Full-time,,,Entry level,FULL_TIME
Housekeeper,,28.6,,Part-time,,,Entry level,PART_TIME
Financial Center Teller,,18.0,,Full-time,,,Entry level,FULL_TIME
"Store Associate, FT - Glenarden",,16.0,,Full-time,,,Entry level,FULL_TIME
"Store Associate, SEA - Nike Well Collective - Colorado Springs",,18.5,,Full-time,,,Entry level,FULL_TIME
Seasonal Forklift Operator,,16.42,,Full-time,,,,FULL_TIME
Customer Service Representative,,20.63,,Full-time,,,,FULL_TIME
Retail Sales Associate,,18.0,,Part-time,,,Entry level,PART_TIME
Retail Sales Associate,,18.45,,Part-time,,,Entry level,PART_TIME
Retail Sales Associate,,15.75,,Part-time,,,Entry level,PART_TIME
Sub Direct Support Professional,,17.12,,Part-time,,,Entry level,PART_TIME
Store Manager ($18.50/Hr),,18.5,,Full-time,,,Associate,FULL_TIME
Senior Audit Associate,,85000.0,,Full-time,,,Mid-Senior level,FULL_TIME
Group Creative Director,,64480.0,,Full-time,,,Director,FULL_TIME
"Staff or Sr. Accountant, Cash and Consolidations",,100000.0,,Full-time,,,Mid-Senior level,FULL_TIME
"Fry General Laborer - Moses Lake, WA",,18.86,,Full-time,,,Entry level,FULL_TIME
Physical Therapist - 13 Week Assignment - $65/hr | Corpus Christi Rehab,,65.0,,Part-time,,,Entry level,PART_TIME
Office Coordinator,,17.5,,Full-time,,,Entry level,FULL_TIME
Customer Service Associate,,14.5,,Full-time,,,Entry level,FULL_TIME
Warehouse Quality Control,,17.5,,Full-time,,,Entry level,FULL_TIME
Retail Sales Associate,,15.05,,Part-time,,,Entry level,PART_TIME
Retail Sales Associate,,14.0,,Part-time,,,Entry level,PART_TIME
Retail Store Associate,,15.0,,Full-time,,,Associate,FULL_TIME
Assistant Store Manager,,18.0,,Full-time,,,Associate,FULL_TIME
Full Time Assistant Managr,,19.5,,Full-time,,,Mid-Senior level,FULL_TIME
Assistant Store Manager ($17/Hr),,17.0,,Full-time,,,Associate,FULL_TIME
Direct Support Professional,,16.5,,Part-time,,,Entry level,PART_TIME
Controls Planner Specialist 192431,,64.5,,Contract,,,Director,CONTRACT
B2B Administrator,,19.5,,Full-time,,,Internship,FULL_TIME
Front Desk Agent,,18.29,,Full-time,,,Entry level,FULL_TIME
Material Handler/Forklift Operator (Spring),,23.0,,Full-time,,,Entry level,FULL_TIME
Service Specialist I - Spokane,,19.0,,Full-time,,,Entry level,FULL_TIME
Service Specialist I - Colville,,19.0,,Full-time,,,Entry level,FULL_TIME
Research Engineering/Scientist Assistant,,34000.0,,Full-time,,,,FULL_TIME
Groundskeeper,,16.5,,Full-time,,,Entry level,FULL_TIME
Remanufacturing Tech,,22.0,,Full-time,,,Entry level,FULL_TIME
Front Desk Agent (Seasonal & mid-May start),,20.0,,Temporary,,,Entry level,TEMPORARY
Auditor,,19.5,,Full-time,,,Mid-Senior level,FULL_TIME
Operations Assistant,,18.05,,Full-time,,,Entry level,FULL_TIME
Inventory Control Coordinator,,21.0,,Full-time,,,Entry level,FULL_TIME
Maintenance Technician,,36.0,,Full-time,,,Entry level,FULL_TIME
"2024 Commercial Banking Development Program-Credit Analyst- San Francisco, CA- Technology Banking Group",,36.06,,Full-time,,,Entry level,FULL_TIME
Full Time Assistant Manager,,20.0,,Full-time,,,Associate,FULL_TIME
Staff Applications Specialist - Power (Kansas City),,10000.0,,Full-time,,,,FULL_TIME
FRESH PLANT: 2nd Shift General Labor PR01,,16.15,,Full-time,,,,FULL_TIME
Assembler - Manufacturing,,17.0,,Full-time,,,Entry level,FULL_TIME
Maintenance Technician III,,38.08,,Full-time,,,Entry level,FULL_TIME
Classroom Installer ON-CALL - Various Locations,,20.0,,Part-time,,,Entry level,PART_TIME
Classroom Installer ON-CALL - Various Locations,,20.0,,Part-time,,,Entry level,PART_TIME
"Sanitation 1 - Moses Lake, WA",,21.68,,Full-time,,,Mid-Senior level,FULL_TIME
Mechanic,,24.5,,Contract,,,Entry level,CONTRACT
Part Time Territory Supervisor - Bozeman MT 59718,,18.75,,Part-time,,,Mid-Senior level,PART_TIME
Construction Engineer Intern,,22.5,,Internship,,,Internship,INTERNSHIP
Revenue Accounting Manager,,140000.0,,Full-time,,,Mid-Senior level,FULL_TIME
Retail Banker II (US),,30.0,,Full-time,,,Mid-Senior level,FULL_TIME
Classroom Installer ON-CALL - Various Locations,,20.0,,Part-time,,,Entry level,PART_TIME
Press Operator,,16.5,,Full-time,,,Internship,FULL_TIME
Families First Case Manager,,38480.0,,Full-time,,,Entry level,FULL_TIME
Sr. Inventory Accountant,,110000.0,,Full-time,,,Mid-Senior level,FULL_TIME
Industrial Maintenance Mechanic,,26.59,,Full-time,,,,FULL_TIME
SPC Operator,,19.24,,Full-time,,,,FULL_TIME
Operator Helper,,28.71,,Full-time,,,Entry level,FULL_TIME
Valet,,16.5,,Full-time,,,Entry level,FULL_TIME
Ambulatory Primary Care Physician Leader - Community Health Centers,,317358.0,,Full-time,,,Mid-Senior level,FULL_TIME
WAREHOUSE DRIVER (GLACIER NP),,17.0,,Temporary,,,Entry level,TEMPORARY
Physical Therapist (PT) - PRN OP | Corpus Christi Rehab,,60.0,,Part-time,,,Entry level,PART_TIME
Account Manager - Technology Company,,150000.0,,Full-time,,,Mid-Senior level,FULL_TIME
Quality Technician II,,20.0,,Full-time,,,Entry level,FULL_TIME
Veterinary Assistant,,14.0,,Full-time,,,Entry level,FULL_TIME
Customer Experience Sales Guide,,50000.0,,Full-time,,,Associate,FULL_TIME
Room Attendant - Lodge,,18.0,,Full-time,,,Entry level,FULL_TIME
Water Fitness Instructor,,20.0,,Part-time,,,Mid-Senior level,PART_TIME
Occupational Therapist (OTR) - PRN IP | Corpus Christi Bayfront,,60.0,,Part-time,,,Entry level,PART_TIME
CDL/Laborer/Apprentice,,70000.0,,Full-time,,,Entry level,FULL_TIME
Shuttle Driver DOT,,22.0,,Part-time,,,Entry level,PART_TIME
Senior Mobile Engineer (Android),,30.0,,Full-time,,,Mid-Senior level,FULL_TIME
Worm Editor (Newsletter Editor - Crikey),,80197.0,,Part-time,,1.0,Associate,PART_TIME
Front Office Receptionist,,36000.0,,Full-time,,,,FULL_TIME
Graphic Design & Marketing Intern,,16.0,,Internship,,,,INTERNSHIP
CT Technologist *$20k Sign-on!*,,20000.0,,Full-time,,,Mid-Senior level,FULL_TIME
Delegating Nurse- RN,,45.0,,Full-time,,,,FULL_TIME
Business Banking Center Support Lead,,28.0,,Full-time,,,Mid-Senior level,FULL_TIME
Enterprise Sales Consultant,,75000.0,,Full-time,,,,FULL_TIME
Desktop Support Specialist,,20.0,,Contract,,,Mid-Senior level,CONTRACT
FORKLIFT OPERATOR,,23.0,,Full-time,,,Entry level,FULL_TIME
Case Coordinator - Residential Youth Treatment Program,,22.0,,Full-time,,,Entry level,FULL_TIME
Full-Time Clinic Psychiatrist (PHD),,300000.0,,Full-time,,,Mid-Senior level,FULL_TIME
CT Technologist *Up to $42/hr*,,42.0,,Full-time,,,Mid-Senior level,FULL_TIME
Special Education Teacher k-6,,50.0,,Contract,,,Entry level,CONTRACT
RN - Long Term Care,,70000.0,,Full-time,,,Mid-Senior level,FULL_TIME
Sr E-Commerce Merchandiser,,60857.0,,Full-time,,,Mid-Senior level,FULL_TIME
Project Development Engineer (Steep Slope),,175000.0,,Full-time,,1.0,Entry level,FULL_TIME
Paid Internship - Corporate IT Department (In-Office),,18.0,,Internship,,,Internship,INTERNSHIP
Registered Nurse (Long Term Care) - FT,,70000.0,,Full-time,,,Mid-Senior level,FULL_TIME
Full Time Registered Nurse,,80000.0,,Full-time,,,Mid-Senior level,FULL_TIME
Business Support Relationship Specialist,,25.0,,Full-time,1.0,,Entry level,FULL_TIME
Digital Marketing Client Account Manager,,45000.0,,Full-time,,1.0,,FULL_TIME
TRUCK DRIVER TRAINEE,,24.7,,Full-time,,,Internship,FULL_TIME
RESIDENT CARE ASSISTANT (RCA),,16.0,,Full-time,,,Entry level,FULL_TIME
Warehouse Order Selector,,23.6,,Full-time,,,Entry level,FULL_TIME
"Sales Associate - 352 Long Island City, NY 11101",,16.0,,Part-time,,,Entry level,PART_TIME
Merchandise Specialist,,17.0,,Full-time,,,Entry level,FULL_TIME
Physical Therapy Aide- Columbus Circle,,16.0,,Full-time,,,Entry level,FULL_TIME
Retail Sales Associate,,11.75,,Part-time,,,Entry level,PART_TIME
Front End Entry Level,,18.94,,Part-time,,,,PART_TIME
Front End Entry Level,,18.94,,Part-time,,,,PART_TIME
Command Center Associate,,15.15,,Full-time,,,Entry level,FULL_TIME
Beauty Advisor,,13.0,,Other,,,Mid-Senior level,OTHER
03225 Inside Sales,,14.13,,Other,,,Entry level,OTHER
Property & Casualty Insurance Advisors - Remote,,20.0,,Full-time,,1.0,Entry level,FULL_TIME
Pro Services Specialist,,17.0,,Full-time,,,Entry level,FULL_TIME
Assistant Manager,,21.5,,Full-time,,,Mid-Senior level,FULL_TIME
Designer,,15.24,,Full-time,,,Entry level,FULL_TIME
Senior Designer,,16.78,,Full-time,,,Mid-Senior level,FULL_TIME
Retail Sales Associate,,11.75,,Part-time,,,Entry level,PART_TIME
Office Administrator - Illinois Human Resources,,50000.0,,Full-time,,,Entry level,FULL_TIME
Production Worker,,18.0,,Full-time,,,Entry level,FULL_TIME
Part Time Clinical Consultant - Charleston,,60.0,,Full-time,,,,FULL_TIME
Beauty Advisor (Inside Sales) Sally Beauty 10769,,16.9,,Other,,,Mid-Senior level,OTHER
Inside Sales Associate CosmoProf 06062,,15.0,,Other,,,Entry level,OTHER
Principal Consultant - Utility Prudence Expert,,200000.0,,Full-time,,,Mid-Senior level,FULL_TIME
Principal Consultant - Gas Pipeline/FERC Expert,,200000.0,,Full-time,,,Mid-Senior level,FULL_TIME
Legal Assistant (Management Analyst I),,25.72,,Full-time,,,Entry level,FULL_TIME
Production Specialist/Supervisor (Swing Shift) - $30.75/hr.,,30.75,,Full-time,,,Mid-Senior level,FULL_TIME
Seasonal Housekeeper,,24.0,,Temporary,,,Mid-Senior level,TEMPORARY
Seasonal Housekeeper,,22.0,,Temporary,,,Mid-Senior level,TEMPORARY
Experienced Forklift/Reach Truck/Cherry Picker Operator,,16.0,,Full-time,,,Mid-Senior level,FULL_TIME
Warehouse Associate FT Perm,,15.0,,Full-time,,,Entry level,FULL_TIME
Field Service Technician Trainee (MEM) - Rotating Shift,,23.3,,Full-time,,,Entry level,FULL_TIME
Customer Service Representative,,16.28,,Part-time,,,Mid-Senior level,PART_TIME
Part Time Clinical Consultant - Charleston,,60.0,,Part-time,,,Mid-Senior level,PART_TIME
Consumer Success Representative,,16.0,,Full-time,,,,FULL_TIME
Prep Cook - Full Time,,18.65,,Full-time,,,Entry level,FULL_TIME
Compliance Officer,,150000.0,,Full-time,,,,FULL_TIME
Assistant Manager,,21.5,,Full-time,,,Mid-Senior level,FULL_TIME
Assistant Manager,,21.5,,Full-time,,,Mid-Senior level,FULL_TIME
Digimaster Printer Operator - 2nd Shift (Mon - Fri 2pm-10pm),,17.0,,Full-time,,,Entry level,FULL_TIME
Seasonal Housekeeper,,22.0,,Temporary,,,Mid-Senior level,TEMPORARY
"Non-CDL Driver, Hazardous Waste",,26.0,,Full-time,,,Entry level,FULL_TIME
Merchandiser,,19.85,,Full-time,,,,FULL_TIME
In-Home Designer,,70000.0,,Full-time,,,Entry level,FULL_TIME
"Dentist- 4 Days/Week, PPO/FFS Office - Sign on Bonus!",,350000.0,,Full-time,,,Mid-Senior level,FULL_TIME
Facility Operations Specialist - Crop Sciences,,45000.0,,Full-time,,,Entry level,FULL_TIME
Assistant Manager,,21.5,,Full-time,,,Mid-Senior level,FULL_TIME
Part Time Clinical Consultant - San Francisco,,60.0,,Part-time,,,Mid-Senior level,PART_TIME
Delivery Specialist,,12.5,,Full-time,,,Entry level,FULL_TIME
Radiologic Technologist (Mobile X-Ray) - $37/hr (Negotiable),,37.0,,Full-time,,,Mid-Senior level,FULL_TIME
Merchandiser,,23.5,,Full-time,,,,FULL_TIME
Facilities Maintenance Technician - $32.65 Per Hour - Denver International Airport,,32.65,,Full-time,,,Entry level,FULL_TIME
Restaurant Host - Hostess,,15.0,,Full-time,,,Mid-Senior level,FULL_TIME
Seasonal Housekeeper,,24.0,,Temporary,,,Mid-Senior level,TEMPORARY
"Case Manager, Intake",,28.0,,Full-time,,,Mid-Senior level,FULL_TIME
Merchandiser (Part-time),,17.95,,Part-time,,,,PART_TIME
Fountain Installer - Rotating Shifts / Seasonal,,34.1,,Full-time,,,,FULL_TIME
Work at Home Retention Specialist,,16.0,,Full-time,,,Entry level,FULL_TIME
Registered Nurse - Sub School Nurse,,38.0,,Full-time,,,Mid-Senior level,FULL_TIME
Baker II,,23.75,,Full-time,,,Entry level,FULL_TIME
Advanced Provider - Emergency Medicine - Adventist Health White Memorial Montebello,,57.0,,Part-time,,,Mid-Senior level,PART_TIME
Part Time Clinical Consultant - Tampa,,60.0,,Full-time,,,,FULL_TIME
2nd shift Machine Operator - Silent-Aire,,20.0,,Full-time,,,Entry level,FULL_TIME
Receiving Clerk,,25.0,,Full-time,,,,FULL_TIME
"Registered Nurse, RN - Homecare",,1000.0,,Full-time,,,Mid-Senior level,FULL_TIME
Seasonal Housekeeper,,22.0,,Temporary,,,Mid-Senior level,TEMPORARY
Driver - Geo Delivery - CDL A,,25.65,,Full-time,,,,FULL_TIME
Mortgage Loan Originator,,24.04,,Full-time,,,Entry level,FULL_TIME
"Clinician (Contractor, Washington) - Hybrid",,90.0,,Contract,,1.0,Entry level,CONTRACT
Board Certified Behavior Analyst (BCBA),,80000.0,,Full-time,,,Associate,FULL_TIME
RN - Visiting Nurse,,65.0,,Full-time,,,Mid-Senior level,FULL_TIME
Retail Sales Associate I,,19.97,,Part-time,,,Entry level,PART_TIME
QA Lead,,19.0,,Full-time,,,Associate,FULL_TIME
Merchandiser,,19.52,,Full-time,,,,FULL_TIME
Beer Sales Representative,,19.5,,Full-time,,,,FULL_TIME
Assembler / Tester 2 (Laminations),,19.0,,Full-time,,,Associate,FULL_TIME
"Warehouse Associate-Tracy, CA",,22.0,,Full-time,,,,FULL_TIME
"Warehouse Associate-Marysville, WA",,22.0,,Full-time,,,,FULL_TIME
Baker III,,27.25,,Full-time,,,Mid-Senior level,FULL_TIME
Retail Sales - Women's Apparel - Valley Fair,,18.95,,Part-time,,,Entry level,PART_TIME
Material Handler 2,,19.0,,Full-time,,,Associate,FULL_TIME
Production Operator - 1872963,,20.63,,Full-time,,,Associate,FULL_TIME
Advanced Provider - Emergency Medicine - Adventist Health White Memorial Montebello,,57.0,,Full-time,,,Mid-Senior level,FULL_TIME
BAADER TECHNCIAN ASSISTANT AKUTAN ALASKA,,14.0,,Full-time,,,Entry level,FULL_TIME
Deputy Traffic Safety Resource Prosecutor,,80000.0,,Full-time,,,Mid-Senior level,FULL_TIME
"Truck Driver OTR - Mebane, NC",,105000.0,,Full-time,,,Entry level,FULL_TIME
"Sales Trainee, Select",,35000.0,,Full-time,,,Internship,FULL_TIME
Operations Manager - Carlsbad,,66500.0,,Full-time,,,Mid-Senior level,FULL_TIME
Accounts Receivable Specialist,,62000.0,,Other,,,Entry level,OTHER
Creative Marketing Intern,,32.0,,Full-time,,,Internship,FULL_TIME
Clinic Director - Physician Assistant (PA-C) or Nurse Practitioner (NP),,150000.0,,Full-time,,,Director,FULL_TIME
Jack Driver Operator - 2nd Shift - Chick N Quick,,16.4,,Full-time,,,,FULL_TIME
Host/Hostess,,17.1,,Full-time,,,Mid-Senior level,FULL_TIME
Pasta Coater,,20.69,,Full-time,,,,FULL_TIME
Security Site Manager,,24.0,,Full-time,,,Mid-Senior level,FULL_TIME
Bookkeeper,,25.0,,Other,,,Entry level,OTHER
SQES Intern,,25.0,,Internship,,,Internship,INTERNSHIP
Executive Administrative Assistant,,28.85,,Full-time,1.0,,Entry level,FULL_TIME
"Registered Nurse (RN), per diem",,43.0,,Full-time,,,Mid-Senior level,FULL_TIME
Physical Therapist Assistant (PTA) OP - 13 Week Assignment - $50/hour | Luling Rehab/LTACH,,50.0,,Full-time,,,Entry level,FULL_TIME
Accounts Payable Specialist,,24.0,,Other,,,Entry level,OTHER
Registered Dental Hygienist - $55/hour,,55.0,,Full-time,,,,FULL_TIME
Account Executive,,100000.0,,Full-time,,,Mid-Senior level,FULL_TIME
"Store Associate, Seas- Chesterfield",,15.5,,Full-time,,,Entry level,FULL_TIME
Sales Agent,,100000.0,,Full-time,,,Mid-Senior level,FULL_TIME
"Senior Quality Assurance Manager, BPO, Commercial",,248000.0,,Full-time,,,Mid-Senior level,FULL_TIME
Club Janitorial Attendant,,19.06,,Part-time,,,Entry level,PART_TIME
Security Site Manager,,24.0,,Full-time,,,Mid-Senior level,FULL_TIME
Welder - 2nd Shift,,23.0,,Full-time,,,,FULL_TIME
"CDL A Truck Driver (East Syracuse, NY)",,30.0,,Full-time,,,,FULL_TIME
California Only- Part-Time Sales Associate - Outlets at Tejon 2378,,16.0,,Part-time,,,Entry level,PART_TIME
Case Sealer Helper,,22.07,,Full-time,,,Entry level,FULL_TIME
"Registered Nurse (RN), per diem",,33.0,,Full-time,,,Mid-Senior level,FULL_TIME
Material Handler,,19.0,,Full-time,,,Entry level,FULL_TIME
Tasker,,20.0,,Full-time,,,,FULL_TIME
Registered Nurse-RN,,33.92,,Full-time,,,Mid-Senior level,FULL_TIME
Pasta Coater,,20.69,,Full-time,,,,FULL_TIME
"Store Associate, SEAS - Nike Well Collective Riverton",,15.5,,Full-time,,,Entry level,FULL_TIME
Registered Nurse - RN,,33.92,,Full-time,,,Mid-Senior level,FULL_TIME
High Quality Flex Security Officer,,21.5,,Full-time,,,Entry level,FULL_TIME
Social Behavioral Counselor: 24-25 School Year,,59000.0,,Full-time,,,Mid-Senior level,FULL_TIME
Xfinity Retail Sales Consultant,,19.0,,Full-time,,,Associate,FULL_TIME
Xfinity Retail Sales Consultant,,18.0,,Full-time,,,Associate,FULL_TIME
Customer Service Representative $18/Hr.,,18.0,,Full-time,,,,FULL_TIME
Pest Control Technician- $20/Hr,,20.0,,Full-time,,,,FULL_TIME
Home Sales Inspector,,56000.0,,Full-time,,,,FULL_TIME
Pest Control Technician- $20/Hr,,20.0,,Full-time,,,,FULL_TIME
Pest Control Technician $19/HR (Seasonal),,19.0,,Full-time,,,,FULL_TIME
Sales Representative $80k+,,80000.0,,Full-time,,,,FULL_TIME
B2B Outside Sales Representative $80K+,,80000.0,,Full-time,,,,FULL_TIME
Sales Representative- $80K,,80000.0,,Full-time,,,,FULL_TIME
Pest Control Technician $19/Hr,,19.0,,Full-time,,,,FULL_TIME
Security Officer - $17.50,,17.5,,Part-time,,,Entry level,PART_TIME
Security Officer at Allegan Hospital,,18.04,,Part-time,,,Entry level,PART_TIME
Forklift Operator,,21.5,,Part-time,,,Entry level,PART_TIME
Security Officer - Construction Site,,17.09,,Part-time,,,Entry level,PART_TIME
Security Officer Weekend Part Time,,15.97,,Part-time,,,Entry level,PART_TIME
Armed Security Officer - $22.66/hour,,22.66,,Part-time,,,Entry level,PART_TIME
Outpatient Internal Medicine Physician Southpark,,3000.0,,Full-time,,,,FULL_TIME
House person,,19.5,,Full-time,,,Entry level,FULL_TIME
Legal Assistant (Management Analyst I),,18.88,,Full-time,,,Entry level,FULL_TIME
Corrections Officer Trainee - SCI Cambridge Springs (Female Only),,21.45,,Full-time,,,Internship,FULL_TIME
Records Specialist 1 - SCI Huntingdon,,39003.0,,Full-time,,,Mid-Senior level,FULL_TIME
00892 Inside Sales,,16.9,,Other,,,Entry level,OTHER
Legal Assistant (Management Analyst I),,21.92,,Full-time,,,Entry level,FULL_TIME
Corrections Officer Trainee - SCI Houtzdale,,21.45,,Full-time,,,Internship,FULL_TIME
Corrections Officer Trainee - SCI Somerset and SCI Laurel Highlands,,21.45,,Full-time,,,Internship,FULL_TIME
Legal Assistant 1,,39003.0,,Full-time,,,Mid-Senior level,FULL_TIME
Corrections Officer Trainee - SCI Chester,,21.45,,Full-time,,,Internship,FULL_TIME
Police Communications Operator,,46944.0,,Full-time,,,Entry level,FULL_TIME
Beauty Advisor- Sally Beauty 02981,,15.0,,Other,,,Mid-Senior level,OTHER
Corrections Food Service Instructor - SCI Muncy,,44753.0,,Full-time,,,Mid-Senior level,FULL_TIME
Legal Assistant (Management Analyst I),,23.0,,Full-time,,,Entry level,FULL_TIME
Corrections Stock Clerk - SCI Frackville,,40664.0,,Full-time,,,Entry level,FULL_TIME
Parole Communications Operator,,46944.0,,Full-time,,,Entry level,FULL_TIME
Registered Nurse (RN) - Float - $32-52 per hour - R110187,,11.0,,Full-time,,,Mid-Senior level,FULL_TIME
Lead Linen Specialist,,20.0,,Full-time,,,Mid-Senior level,FULL_TIME
HVAC Service Development Manager - Northeast,,135000.0,,Full-time,,,Mid-Senior level,FULL_TIME
"Specialist, Speaker Bureau & Customer Engagement (Remote)",,120000.0,,Full-time,,1.0,Mid-Senior level,FULL_TIME
Quality Assurance Analyst - Electronic Health Records - Remote!,,96000.0,,Full-time,,1.0,Entry level,FULL_TIME
Data Reporting Analyst - 100% Remote,,90000.0,,Full-time,,1.0,Mid-Senior level,FULL_TIME
Distinguished Software Engineer Cryptography and Data Protection (REMOTE),,300500.0,,Full-time,,1.0,Executive,FULL_TIME
Technical Construction Document Validation Specialists (DVS) - 100% REMOTE,,75000.0,,Full-time,,1.0,Entry level,FULL_TIME
Salesforce Administrator (*) Remote,,110000.0,,Full-time,,1.0,Entry level,FULL_TIME
Cust Svc Support Rep- Remote,,21.0,,Full-time,,1.0,Entry level,FULL_TIME
Sr EDI Software Engineer I (Remote),,140000.0,,Full-time,,1.0,Entry level,FULL_TIME
WORK FROM HOME - Service Desk Analyst II (Fully Remote),,52000.0,,Full-time,,1.0,Entry level,FULL_TIME
Accounts Receivable Specialist III - Remote/Hybrid,,80000.0,,Full-time,,1.0,Entry level,FULL_TIME
Business Analyst III - Tableau (Remote),,150280.0,,Full-time,,1.0,Mid-Senior level,FULL_TIME
Work From Home Remote Sales Specialist,,175000.0,,Full-time,,1.0,Entry level,FULL_TIME
SQL/Crystal Reports Automation Specialist - Fully Remote,,80000.0,,Full-time,,1.0,Entry level,FULL_TIME
Data Analyst IV (Remote),,120000.0,,Full-time,,1.0,Mid-Senior level,FULL_TIME
AAA - Emergency Roadside Driver,,20.0,,Full-time,,,Entry level,FULL_TIME
Manager Customer Success- Digital Marketing Solutions- Team Lead (Remote),,100000.0,,Full-time,,1.0,Mid-Senior level,FULL_TIME
Remote Customer Service Advisor (full-time) WFH,,13.0,,Full-time,,1.0,Mid-Senior level,FULL_TIME
"Assistant Professor - Clinical Counseling, Master's Program (MACC) - Remote",,70100.0,,Full-time,,1.0,Mid-Senior level,FULL_TIME
Remote Licensed Mental Health Counselor,,95.0,,Full-time,,1.0,Mid-Senior level,FULL_TIME
Remote Licensed Mental Health Counselor,,89.0,,Full-time,,1.0,Mid-Senior level,FULL_TIME
Get hired today! Work Remotely - Customer Service Agent,,14.75,,Full-time,,1.0,Mid-Senior level,FULL_TIME
Customer Success Specialist (remote),,10000.0,,Full-time,,1.0,Entry level,FULL_TIME
Remote Licensed Mental Health Counselor,,90.0,,Full-time,,1.0,Mid-Senior level,FULL_TIME
Machine Operator Production,,25.59,,Full-time,,,,FULL_TIME
PT Clerk - Florist - 0593,,15.0,,Full-time,,,Entry level,FULL_TIME
Remote Licensed Psychiatric Nurse Practitioner,,89.0,,Full-time,,1.0,Mid-Senior level,FULL_TIME
Remote Licensed Mental Health Counselor,,89.0,,Full-time,,1.0,Mid-Senior level,FULL_TIME
Remote Licensed Mental Health Counselor,,95.0,,Full-time,,1.0,Mid-Senior level,FULL_TIME
Merchandiser,,20.0,,Full-time,,,,FULL_TIME
Remote Licensed Mental Health Counselor,,90.0,,Full-time,,1.0,Mid-Senior level,FULL_TIME
Kona Retail Beer Stocker,,23.0,,Full-time,,,,FULL_TIME
Retail Beer Stocker,,22.0,,Full-time,,,,FULL_TIME
Remote Licensed Mental Health Counselor,,89.0,,Full-time,,1.0,Mid-Senior level,FULL_TIME
Remote Licensed Mental Health Counselor,,90.0,,Full-time,,1.0,Mid-Senior level,FULL_TIME
Maui Retail Beer Stocker,,23.0,,Full-time,,,,FULL_TIME
PT Night Crew-Clerk - Grocery - 0503,,15.0,,Full-time,,,Entry level,FULL_TIME
PT Clerk - Pharmacy - 0553,,15.0,,Full-time,,,Entry level,FULL_TIME
"Security Officer - Pool (Seasonal, On Call)",,20.5,,Part-time,,,Entry level,PART_TIME
Retail Beer Stocker,,23.0,,Full-time,,,,FULL_TIME
Lead Merchandiser,,21.0,,Full-time,,,,FULL_TIME
Remote Licensed Mental Health Counselor,,95.0,,Full-time,,1.0,Mid-Senior level,FULL_TIME
Remote Licensed Mental Health Counselor,,90.0,,Full-time,,1.0,Mid-Senior level,FULL_TIME
CDL Class A Driver,,30.85,,Full-time,,,,FULL_TIME
Director of Broadband Grants,,105000.0,,Full-time,,,,FULL_TIME
Kauai Retail Beer Stocker,,23.0,,Full-time,,,,FULL_TIME
Production Operator - 1872963,,20.63,,Full-time,,,Associate,FULL_TIME
Certified Veterinary Technician,,22.0,,Full-time,,,Entry level,FULL_TIME
forklift operator - 1178346,,16.0,,Full-time,,,Associate,FULL_TIME
Production: UniClean Cleanroom Services,,19.5,,Full-time,,,Mid-Senior level,FULL_TIME
Account Manager,,70.0,,Full-time,,1.0,,FULL_TIME
Warehouse Package Handler,,16.5,,Part-time,,,Entry level,PART_TIME
Public Affairs Manager - NYC Ferry,,75000.0,,Full-time,,,,FULL_TIME
Warehouse Package Handler,,16.0,,Part-time,,,Entry level,PART_TIME
Clinician - Mental Health Behavioral Supports,,45240.0,,Full-time,,,,FULL_TIME
Billing Analyst,,29.0,,Contract,,,Associate,CONTRACT
Rubber Mold Operator,,18.9,,Full-time,,,,FULL_TIME
Begin a Career in Autism Therapy! - Training Provided!,,17.0,,Full-time,,,,FULL_TIME
Warehouse Package Handler - AM,,18.29,,Part-time,,,Entry level,PART_TIME
Behavior Technician (BT) / Registered Behavior Technician (RBT),,15.5,,Full-time,,,,FULL_TIME
Machine Operator PR05 (Revo) - 1st Shift - Waterloo KPR,,21.9,,Full-time,,,,FULL_TIME
Autism Paraprofessional - Entry Level,,15.5,,Full-time,,,,FULL_TIME
Part Time Accounting Clerk,,23.0,,Part-time,,,,PART_TIME
Acute Care RN,,75.91,,Part-time,,,,PART_TIME
Chief Acquisition Specialist,,225000.0,,Full-time,,,Director,FULL_TIME
Electronics Assembler - 3rd Shift,,23.0,,Full-time,,,Entry level,FULL_TIME
"Store Associate, Seas- Americana",,17.5,,Full-time,,,Entry level,FULL_TIME
Assembler Technician,,18.0,,Contract,,,Entry level,CONTRACT
New Healthcare Sales Consultant,,73.0,,Full-time,,1.0,,FULL_TIME
Maintenance Technician - Oakland 34 / Maple Square,,23.0,,Full-time,,,Entry level,FULL_TIME
Senior Human Resources Assistant,,75957.0,,Full-time,,,,FULL_TIME
Administrative Assistant - Healthcare Scheduler,,30.45,,Full-time,,,Entry level,FULL_TIME
Buildings Equipment Mechanic,,50.0,,Full-time,,,Entry level,FULL_TIME
Security Officer - Medical Center,,15.0,,Full-time,,,Entry level,FULL_TIME
"Junior IT Project Manager (DIN-03HF) // 100% Onsite Bethesda, MD",,30.0,,Full-time,,,Entry level,FULL_TIME
Security Operations Center Dispatcher,,27.23,,Full-time,,,Entry level,FULL_TIME
Environmental Health Nurse,,30.0,,Contract,,,,CONTRACT
Lead Billing Assistant,,20.0,,Full-time,,,,FULL_TIME
Cyber Security Engineer - Hybrid - No C2C,,60.0,,Contract,,,Mid-Senior level,CONTRACT
Security Officer Hospital,,17.0,,Full-time,,,Entry level,FULL_TIME
Health Care Sales Business Development,,73.0,,Full-time,,1.0,,FULL_TIME
Security Officer - Flex - Distribution Center,,17.0,,Full-time,,,Entry level,FULL_TIME
Medical Scribe,,15.0,,Full-time,,,,FULL_TIME
Teacher,,20.5,,Full-time,,,Entry level,FULL_TIME
Life Enrichment Coordinator,,20.0,,Full-time,,,Entry level,FULL_TIME
Help Desk Support,,25.0,,Contract,,,Entry level,CONTRACT
Customer Service Representative,,20.0,,Full-time,,,,FULL_TIME
Resident Teacher,,47000.0,,Full-time,,,,FULL_TIME
Senior Account Executive,,40000.0,,Full-time,,1.0,Associate,FULL_TIME
Account Executive,,35000.0,,Full-time,,1.0,Associate,FULL_TIME
Project Coordinator,,58000.0,,Full-time,,,,FULL_TIME
"Physical Therapy Aide - Scarsdale, NY",,16.0,,Full-time,,,Entry level,FULL_TIME
SAP Commerce Cloud UI Developer,,60.0,,Contract,,1.0,Mid-Senior level,CONTRACT
Learning Experience Designer,,45.0,,Contract,2.0,1.0,Mid-Senior level,CONTRACT
Help Desk Technician,,23.0,,Full-time,,,Entry level,FULL_TIME
03225 Inside Sales,,14.13,,Other,,,Entry level,OTHER
09889 Inside Sales,,13.7,,Other,,,Entry level,OTHER
Physical Therapy Aide- Hoboken,,15.0,,Full-time,,,Entry level,FULL_TIME
Inside Sales Associate CosmoProf 06062,,15.0,,Other,,,Entry level,OTHER
Hospital Security Officer- $15/HR Weekends,,15.0,,Full-time,,,Entry level,FULL_TIME
Sr IT Project Manager ,,75.0,,Contract,,,Mid-Senior level,CONTRACT
Communications Specialist,,30.0,,Contract,,1.0,Associate,CONTRACT
Prep Cook,,18.0,,Full-time,,,Associate,FULL_TIME
Clerical Assistant 2,,34621.0,,Full-time,,,Entry level,FULL_TIME
Motor Vehicle Operator | Senior Services - Paratransit Division,,43680.0,,Full-time,,,Entry level,FULL_TIME
Temporary Travel Respiratory Therapist - Holly Springs,,60.0,,Temporary,,,Entry level,TEMPORARY
Information Technology Infrastructure Manager,,145000.0,,Full-time,,,Mid-Senior level,FULL_TIME
Receptionist,,15.0,,Full-time,,,,FULL_TIME
Court Reporter,,28.0,,Contract,,,,CONTRACT
"Hollister Co. - Key Holder, Cross County",,19.0,,Full-time,,,Entry level,FULL_TIME
Production Associate,,20.4,,Full-time,,,Entry level,FULL_TIME
Assistant Manager,,17.0,,Full-time,,,Mid-Senior level,FULL_TIME
Assistant Manager,,17.0,,Full-time,,,Mid-Senior level,FULL_TIME
Master Data Analyst,,43.0,,Contract,,,Entry level,CONTRACT
Assistant Manager,,17.0,,Full-time,,,Mid-Senior level,FULL_TIME
"Production Associate/Machine Operator - West Monroe, LA",,16.81,,Full-time,,,Entry level,FULL_TIME
Production/Quality Technician ,,25.0,,Contract,,,Associate,CONTRACT
Assistant Manager,,17.0,,Full-time,,,Mid-Senior level,FULL_TIME
Financial Advisor,,33.17,,Contract,,,,CONTRACT
Production Associate/Machine Operator (hiring on 2nd and 3rd shift),,22.0,,Full-time,,,Entry level,FULL_TIME
Assistant Manager,,20.5,,Full-time,,,Mid-Senior level,FULL_TIME
Maintenance Mechanic,,40.64,,Full-time,,,Entry level,FULL_TIME
Registered Nurse,,80.0,,Contract,,,,CONTRACT
Part-Time Server,,15.0,,Part-time,,,Mid-Senior level,PART_TIME
"Coordinator, Parts",,21.46,,Full-time,,,Entry level,FULL_TIME
Administrative Assistant,,25.0,,Full-time,,,Entry level,FULL_TIME
"Room Attendant, Part Time - DoubleTree by Hilton Hotel Chicago - Magnificent Mile",,18.75,,Part-time,,,Entry level,PART_TIME
"Coordinator, Parts",,23.51,,Full-time,,,Entry level,FULL_TIME
Lead Machine Learning Engineer,,200000.0,,Full-time,3.0,1.0,Mid-Senior level,FULL_TIME
"Senior Associate, Finance & Customer Success (Denver, CO)",,62500.0,,Full-time,,,,FULL_TIME
Steward (Full-Time) - Waldorf Astoria Monarch Beach Resort and Club,,20.0,,Full-time,,,Entry level,FULL_TIME
Lead Accountant,,84972.0,,Full-time,1.0,,,FULL_TIME
"TECHNICIAN, I TRAILER",,24.11,,Full-time,,,Entry level,FULL_TIME
Supplier Administrator,,20.0,,Contract,,,Associate,CONTRACT
"Senior Associate, Finance & Customer Success (Philadelphia, PA)",,62500.0,,Full-time,,,,FULL_TIME
Auto Collector,,20.0,,Full-time,,,Entry level,FULL_TIME
Capacitor Assembler - 3rd Shift,,15.11,,Full-time,,,,FULL_TIME
"Customer Service Representative – After Hours (NOT OVERNIGHTS) - Remote, AZ",,15.35,,Full-time,,1.0,Mid-Senior level,FULL_TIME
Lab Support Specialist,,18.0,,Full-time,,,Entry level,FULL_TIME
Restaurant Host - Hostess,,15.0,,Full-time,,,Mid-Senior level,FULL_TIME
P/T Player Housing Assistant,,17.0,,Part-time,,,,PART_TIME
Capacitor Assembler - 2nd Shift,,15.11,,Full-time,,,,FULL_TIME
Rack Assembler - 1st Shift,,15.11,,Full-time,,,,FULL_TIME
Client Service - NAV Specialist,,51.0,,Full-time,,,Entry level,FULL_TIME
Automotive Service Advisor,,17.75,,Full-time,,,,FULL_TIME
"Detention Counselor ($1,000 Sign on Bonus)",,20.0,,Full-time,,,Mid-Senior level,FULL_TIME
Technical Services Administrator (Onsite In Anaheim),,30.0,,Contract,,,Entry level,CONTRACT
Azure Data Architect - Remote_Fulltime,,140000.0,,Full-time,,1.0,Mid-Senior level,FULL_TIME
Azure Security Architect,,80.0,,Full-time,,,Mid-Senior level,FULL_TIME
"Pharmacist, Investigational Drug Service",,60.93,,Full-time,,,,FULL_TIME
1st Shift Assembler - MVCA,,19.5,,Full-time,,,,FULL_TIME
9th Grade Science-Summer Teacher,,6800.0,,Full-time,,,,FULL_TIME
"Forklift Operator/Warehouse Worker - 2nd Shift, S, M, W, Th ($26.94 Per Hour)",,26.94,,Full-time,,,Entry level,FULL_TIME
Senior HR Generalist,,77249.0,,Full-time,,,,FULL_TIME
Associate Acquisition Client Executive,,100000.0,,Full-time,,,Mid-Senior level,FULL_TIME
Automotive Service Technician 3,,21.25,,Full-time,,,,FULL_TIME
"Customer Service Representative – After Hours (NOT OVERNIGHT)- Remote, GA",,15.0,,Full-time,,1.0,Mid-Senior level,FULL_TIME
Utility Worker II - Transitional TEMP,,21.59,,Full-time,,,Entry level,FULL_TIME
TRX Training Center Front Desk Associate,,19.0,,Full-time,,,,FULL_TIME
Employment Specialist ,,59886.0,,Full-time,,1.0,Associate,FULL_TIME
Information Developer-Technical Writer - Remote,,55.0,,Full-time,,1.0,Entry level,FULL_TIME
Sanitation Associate - 2nd Shift,,24.45,,Full-time,,,Entry level,FULL_TIME
Physical Therapist (PT) - Home Health - PRN,,60.0,,Other,,,Entry level,OTHER
Technical Analyst Mid.,,47.0,,Full-time,,,Entry level,FULL_TIME
Plant Maintenance Mechanic - Ground Service Equipment,,53.63,,Full-time,,,,FULL_TIME
Nurse Educator - Level I - For Certified Home Health Agency (CHHA),,131006.0,,Full-time,,,Director,FULL_TIME
Kit Production Technician,,18.0,,Full-time,,,Entry level,FULL_TIME
Licensed Nursing Assistants (Raymond),,24.5,,Part-time,,,Entry level,PART_TIME
LDAR-OGI Field Specialist,,85000.0,,Full-time,,1.0,,FULL_TIME
Residential Support Counselor,,19.0,,Full-time,,,Mid-Senior level,FULL_TIME
SAP Technical Lead,,90.0,,Full-time,,,Mid-Senior level,FULL_TIME
Business Development Manager,,50000.0,,Full-time,,,Mid-Senior level,FULL_TIME
Ramp Service Agent Part Time,,16.48,,Part-time,,,,PART_TIME
Merchandiser,,21.5,,Full-time,,,,FULL_TIME
Teller,,17.5,,Full-time,,,Entry level,FULL_TIME
Merchandiser - Seasonal,,22.55,,Full-time,,,,FULL_TIME
Lead Student Account Representative,,27.47,,Full-time,,,Associate,FULL_TIME
Editorial Intern,,18.0,,Internship,,1.0,Internship,INTERNSHIP
Front Desk Evening Supervisor - Hotel,,20.0,,Full-time,,,,FULL_TIME
Virtual ESL/EFL Global Projects for the U.S. Department of State in 2024/2025,,35.0,,Part-time,,1.0,,PART_TIME
"Personal Care Service Provider- (Part-time, Exeter Area)",,20.0,,Part-time,,,Entry level,PART_TIME
Volunteer: Long Distance Driver,,50000.0,,Volunteer,,,Associate,VOLUNTEER
Volunteer: Short Distance Driver,,50000.0,,Volunteer,,,Associate,VOLUNTEER
Physician Assistant,,165000.0,,Full-time,,,Entry level,FULL_TIME
Wound Care Nurse Practitioner,,165000.0,,Part-time,,,Mid-Senior level,PART_TIME
Clerical Assistant,,26.5,,Contract,,,,CONTRACT
Proposal & Technical Marketing Analyst – 100% REMOTE,,50.0,,Contract,,1.0,Mid-Senior level,CONTRACT
Bookkeeper,,50000.0,,Full-time,,,Entry level,FULL_TIME
Compliance Intern – New York,,25.0,,Full-time,,,Internship,FULL_TIME
Training & Quality Assurance Specialist,,22.0,,Full-time,,,Internship,FULL_TIME
Maintenance Technician - Parc at 21st and Rock,,22.0,,Full-time,,,Entry level,FULL_TIME
Physician Assistant,,165000.0,,Full-time,,,Entry level,FULL_TIME
Front Desk Hospitality - Temecula KOA at Vail Lake Resort,,16.0,,Full-time,,,Entry level,FULL_TIME
Business Intelligence Specialist,,100000.0,,Full-time,,1.0,,FULL_TIME
Leasing Professional - The Julian,,17.31,,Full-time,,,Entry level,FULL_TIME
Bilingual Medical Assistant ($28/hour),,28.0,,Full-time,,,Entry level,FULL_TIME
Laboratory Technician,,18.0,,Contract,,,Associate,CONTRACT
RN Care Managment Coordinator,,40.0,,Contract,,1.0,Associate,CONTRACT
Solutions Engineer,,100000.0,,Full-time,7.0,,Mid-Senior level,FULL_TIME
Warehouse Worker - Full Time Shifts,,21.0,,Full-time,,,Entry level,FULL_TIME
Compliance Manager,,60000.0,,Full-time,1.0,,Mid-Senior level,FULL_TIME
Certified Nursing Assistant (CNA)-WOW,,16.57,,Full-time,,,,FULL_TIME
Ecommerce Operations Intern,,16.0,,Internship,,,,INTERNSHIP
Roll Grab Operator,,27.03,,Full-time,,,Entry level,FULL_TIME
Medical Laboratory Technologist/Scientist (MLT/MLS),,87000.0,,Full-time,,,Mid-Senior level,FULL_TIME
Sheeter Operator,,20.0,,Full-time,,,Entry level,FULL_TIME
Lead DevOps Engineer,,130000.0,,Full-time,22.0,1.0,Mid-Senior level,FULL_TIME
Bilingual Customer Service Representative,,19.0,,Contract,1.0,,Associate,CONTRACT
Organic Harvesting Supervisor,,70000.0,,Full-time,,,Mid-Senior level,FULL_TIME
Fabricator (1st Shift),,23.07,,Full-time,,,Entry level,FULL_TIME
Deboning Production 1st Shift,,21.73,,Full-time,,,Mid-Senior level,FULL_TIME
Accounts Payable Support,,15.0,,Part-time,17.0,1.0,,PART_TIME
Legal Research Librarian,,42.46,,Full-time,1.0,1.0,Associate,FULL_TIME
Desktop Support Technician,,46000.0,,Full-time,,,Associate,FULL_TIME
Technical Project Analyst,,45000.0,,Full-time,1.0,,Associate,FULL_TIME
Recruiting Manager III,,46018.0,,Full-time,,,Mid-Senior level,FULL_TIME
Environmental Health Safety Specialist,,41.95,,Contract,1.0,,Mid-Senior level,CONTRACT
Store Manager (Branch/Gas),,52926.0,,Full-time,,,Mid-Senior level,FULL_TIME
Director of Pharmacy,,180000.0,,Full-time,1.0,,Director,FULL_TIME
FORKLIFT OPERATOR,,17.0,,Full-time,,,Entry level,FULL_TIME
Clinical Supervisor - Deaf Services,,25000.0,,Full-time,,,Mid-Senior level,FULL_TIME
Compliance Associate - Monitoring and Testing,,71000.0,,Full-time,7.0,1.0,Entry level,FULL_TIME
Account Executive,,50000.0,,Full-time,,,Entry level,FULL_TIME
Desktop Support Technician,,41000.0,,Full-time,1.0,,Associate,FULL_TIME
CMA,,18.15,,Full-time,,,,FULL_TIME
SAP System Analyst,,110.0,,Contract,4.0,,Mid-Senior level,CONTRACT
General Manager,,30.0,,Full-time,,,Executive,FULL_TIME
Recruitment Coordinator,,27.14,,Contract,10.0,1.0,Associate,CONTRACT
Supervising Maintenance Worker - Manhattan,,25.65,,Full-time,,,Mid-Senior level,FULL_TIME
Client Services Specialist - Parrish House,,23.94,,Full-time,,,Entry level,FULL_TIME
Part-time Editorial/Advertising Assistant,,15.0,,Part-time,,,,PART_TIME
FORKLIFT OPERATOR,,17.0,,Full-time,,,Entry level,FULL_TIME
Assistant Commercial Manager,,23.0,,Full-time,,,Entry level,FULL_TIME
EDI Specialist,,40000.0,,Full-time,2.0,,Associate,FULL_TIME
Staff Accountant,,56000.0,,Full-time,,,Entry level,FULL_TIME
Supervising Maintenance Worker - Manhattan,,25.65,,Full-time,,,Mid-Senior level,FULL_TIME
Desktop Support Technician,,42000.0,,Full-time,,,Associate,FULL_TIME
FORKLIFT OPERATOR,,17.0,,Full-time,,,Entry level,FULL_TIME
"WAREHOUSE SELECTOR IV, FULL CASE",,24.0,,Full-time,,,Mid-Senior level,FULL_TIME
"Director, Science and Research",,166042.0,,Full-time,,,,FULL_TIME
MECHANIC I,,18.71,,Full-time,,,Entry level,FULL_TIME
Network Engineer,,70.0,,Contract,9.0,,Mid-Senior level,CONTRACT
Project Manager,,75000.0,,Full-time,3.0,,Associate,FULL_TIME
"Life Sciences and Biopharma Analyst, Event-Driven Investment Fund (Hybrid Suburban NY)",,175000.0,,Full-time,,,Associate,FULL_TIME
Administrative Assistant,,36000.0,,Full-time,26.0,1.0,Associate,FULL_TIME
Video Editor,,65.0,,Contract,2.0,,Mid-Senior level,CONTRACT
Copywriter,,18.0,,Contract,18.0,1.0,Entry level,CONTRACT
Grain Merchandiser,,60000.0,,Full-time,,,Entry level,FULL_TIME
Bilingual Scheduler,,15.0,,Full-time,,,Entry level,FULL_TIME
Seasonal Runner,,18.0,,Temporary,,,Entry level,TEMPORARY
Seasonal Housekeeper,,25.0,,Temporary,,,Mid-Senior level,TEMPORARY
Warehouse Associate - 1st Shift,,18.5,,Full-time,,,,FULL_TIME
Facility Technician I - Ash & Trucks,,25.0,,Full-time,,,Entry level,FULL_TIME
Large Animal Attendant - 3rd Shift,,15.0,,Temporary,,,Entry level,TEMPORARY
Facilities Maintenance - Must have an Ohio Boilers License,,34.97,,Full-time,,,,FULL_TIME
Robotics/Assembly Maintenance Technician,,29.14,,Full-time,,,Entry level,FULL_TIME
Chief Line Mechanic - SSWU,,61.33,,Full-time,,,Entry level,FULL_TIME
Hiring Coordinator,,38000.0,,Full-time,,,Mid-Senior level,FULL_TIME
Business Development Manager,,90000.0,,Full-time,,1.0,Mid-Senior level,FULL_TIME
Sales Associate,,15.0,,Full-time,,,,FULL_TIME
Aseptic Prep Operator II,,21.5,,Full-time,,,Entry level,FULL_TIME
Seasonal Housekeeper,,19.0,,Temporary,,,Mid-Senior level,TEMPORARY
Passenger Service Agent,,18.54,,Full-time,,,Entry level,FULL_TIME
Licensed Practical Nurse -LPN,,26.4,,Full-time,,,Entry level,FULL_TIME
APR Assembler II - 1st shift,,14.16,,Full-time,,,Associate,FULL_TIME
Assistant Store Manager - Colorado Mills,,18.0,,Full-time,,,Mid-Senior level,FULL_TIME
"The Marcy Lab School, Director of Operations",,118168.0,,Full-time,,,Director,FULL_TIME
Cashier,,14.25,,Part-time,,,,PART_TIME
Retail Manager Trainee,,20.0,,Full-time,,,,FULL_TIME
Human Resources Assistant,,20.97,,Full-time,,,Entry level,FULL_TIME
SPECIALTY FOLDER GLUER ASSISTANT - 3RD SHIFT,,24.65,,Full-time,,,Entry level,FULL_TIME
Specialty Pharmaceutical Sales Representative,,150000.0,,Full-time,,1.0,Mid-Senior level,FULL_TIME
Escalations Representative,,21.0,,Full-time,,,Associate,FULL_TIME
Sales Rep - Relief Large Grocery/Mass Merch,,23.75,,Full-time,,,,FULL_TIME
Warehouse Person (Loader) * EVENINGS * SEASONAL,,18.15,,Full-time,,,,FULL_TIME
Warehouse Person (Loader) - Evenings,,22.1,,Full-time,,,,FULL_TIME
Customs Trade Agent - 1st Shift,,15.5,,Full-time,,,,FULL_TIME
Collection Cash Posting Accountant - 24338,,30.0,,Contract,,,Entry level,CONTRACT
Shipping Clerk,,25.0,,Full-time,,,Entry level,FULL_TIME
Registered Respiratory Therapist,,19.0,,Full-time,,,Mid-Senior level,FULL_TIME
SHUTTLE DRIVER,,15.75,,Full-time,,,Entry level,FULL_TIME
FLEXO FOLDER GLUER ASSISTANT,,24.91,,Full-time,,,Entry level,FULL_TIME
Journeyman Garage Mechanic,,51.28,,Full-time,,,Mid-Senior level,FULL_TIME
Journeyman Garage Mechanic - Gresham,,51.28,,Full-time,,,Mid-Senior level,FULL_TIME
Journeyman Garage Mechanic - Beaverton,,51.28,,Full-time,,,Mid-Senior level,FULL_TIME
Ruby Developer,,52.0,,Full-time,,,Entry level,FULL_TIME
Field Service Technician (MEM),,27.25,,Full-time,,,,FULL_TIME
Warehouse Person,,24.3,,Full-time,,,,FULL_TIME
Customs Trade Agent - 1st Shift,,15.5,,Full-time,,,,FULL_TIME
Production Associate - Garment/Linen/Bulk Product Folder - 3rd Shift - $19/Hour,,19.0,,Full-time,,,,FULL_TIME
Registered Nurse RN,,33.75,,Full-time,,,Mid-Senior level,FULL_TIME
Material Handler,,18.75,,Full-time,,,Entry level,FULL_TIME
Maintenance Technician,,24.0,,Full-time,,,Entry level,FULL_TIME
Journeyman Garage Mechanic - Wilsonville,,51.28,,Full-time,,,Mid-Senior level,FULL_TIME
Customer Service Representative - Onsite- Jackson/ Ridgeland Area,,15.0,,Full-time,,,Mid-Senior level,FULL_TIME
Group Social Strategy Director,,175000.0,,Full-time,,,Director,FULL_TIME
Test Engineer,,62.0,,Full-time,,,Entry level,FULL_TIME
District Engineering Clerk,,37.27,,Full-time,,,Entry level,FULL_TIME
Physical Therapist,,80000.0,,Full-time,,,Entry level,FULL_TIME
Full Charge Bookkeeper,,31.0,,Full-time,,,Mid-Senior level,FULL_TIME
Container Driver Commercial,,32.24,,Full-time,,,Entry level,FULL_TIME
Warehouse Person (Loader) * EVENINGS * SEASONAL,,20.85,,Full-time,,,,FULL_TIME
Warehouse Person (Loader) (Evenings),,20.7,,Full-time,,,,FULL_TIME
Warehouse Person (Loader) - Nights,,22.2,,Full-time,,,,FULL_TIME
"AirMed Pilot King Air BE200PL21 - PIC San Antonio, TX",,120341.23,,Full-time,,,,FULL_TIME
Customs Trade Agent - 1st Shift,,15.5,,Full-time,,,,FULL_TIME
"Associate Marketing Manager, Consumer Products",,120000.0,,Full-time,,,,FULL_TIME
"Service Advisor - North Charleston, SC",,29120.0,,Full-time,,,Mid-Senior level,FULL_TIME
Shipper,,21.65,,Full-time,,,Entry level,FULL_TIME
Warehouse Lead,,26.9,,Full-time,,,Mid-Senior level,FULL_TIME
Office Coordinator,,53000.0,,Full-time,,,Entry level,FULL_TIME
Retail Manager Trainee,,20.0,,Full-time,,,,FULL_TIME
Seasonal Runner,,23.0,,Temporary,,,Entry level,TEMPORARY
Seasonal Housekeeper,,25.0,,Temporary,,,Mid-Senior level,TEMPORARY
Warehouse Bulk Full Time 2nd Shift,,20.25,,Full-time,,,Entry level,FULL_TIME
"Customer Service Representative - Remote, OK",,14.0,,Full-time,,1.0,Mid-Senior level,FULL_TIME
Program Manager,,80.0,,Full-time,,,Entry level,FULL_TIME
Registered Nurse (RN) - Per Diem- Night Shift,,40.0,,Part-time,,,Mid-Senior level,PART_TIME
Electro-Mechanical Technician (Gatorade),,34.36,,Full-time,,,,FULL_TIME
Merchandiser,,21.75,,Full-time,,,,FULL_TIME
Fountain Installer (MEM),,22.85,,Full-time,,,,FULL_TIME
Staff Accountant - 24335,,35.0,,Full-time,,,Entry level,FULL_TIME
Assistant Controller - 24334,,130000.0,,Full-time,,,Mid-Senior level,FULL_TIME
Peer Support Specialist,,18.0,,Full-time,,,Entry level,FULL_TIME
Diversity and Inclusion Manager-3867,,70000.0,,Full-time,,,Mid-Senior level,FULL_TIME
CT Technologist - Starting $30+ /hr (DOE) Plus $15k Sign On Bonus,,30.0,,Full-time,,,Mid-Senior level,FULL_TIME
Human Resources Assistant,,20.62,,Full-time,,,Entry level,FULL_TIME
Seasonal Housekeeper,,23.0,,Temporary,,,Mid-Senior level,TEMPORARY
Seasonal Housekeeper,,25.0,,Temporary,,,Mid-Senior level,TEMPORARY
"Customer Service Representative, Full or Part Time",,16.0,,Part-time,,,Entry level,PART_TIME
Customer Assistance Representative Full Time,,15.17,,Full-time,,,,FULL_TIME
Admissions Counselor I-UNADM,,36000.0,,Full-time,,,Mid-Senior level,FULL_TIME
Buildings Equipment Mechanic,,50.0,,Full-time,,,Entry level,FULL_TIME
Veteran Care Coordinator/Case Manager,,54000.0,,Full-time,,,Entry level,FULL_TIME
Center Manager Physical Therapist,,83000.0,,Full-time,,,Entry level,FULL_TIME
Programa De Oportunidades Técnicas /Technical Opportunity Trainee,,17.5,,Full-time,,,Internship,FULL_TIME
Warehouse Person (Loader) - Nights,,24.1,,Full-time,,,,FULL_TIME
Delivery Driver - Colby KS,,66450.0,,Full-time,,,,FULL_TIME
In-Home Designer,,70000.0,,Full-time,,,Entry level,FULL_TIME
Customs Trade Agent - 1st Shift,,15.5,,Full-time,,,,FULL_TIME
Team Member - Pewaukee- Full Time AM/Weekends,,14.0,,Part-time,,,Entry level,PART_TIME
Grant Accountant,,60000.0,,Full-time,,,Entry level,FULL_TIME
Digital Sales Specialist,,75000.0,,Full-time,,,Associate,FULL_TIME
"Digital Strategy (Marketing) Associate (NXL-002) // Onsite Bethesda, MD // $60K",,30.0,,Full-time,,,Associate,FULL_TIME
Store Leader,,30.0,,Temporary,,,,TEMPORARY
Warehouse Loader Rotating Shifts,,19.38,,Full-time,,,,FULL_TIME
In-Home Designer,,70000.0,,Full-time,,,Entry level,FULL_TIME
Buildings Equipment Mechanic,,50.0,,Full-time,,,Entry level,FULL_TIME
Field Applications Engineer,,100000.0,,Full-time,,,Mid-Senior level,FULL_TIME
Associate Implementation Consultant,,17.0,,Full-time,,1.0,Mid-Senior level,FULL_TIME
Vocational Rehabilitation Counselor,,24.72,,Full-time,,,Mid-Senior level,FULL_TIME
In-Home Designer,,70000.0,,Full-time,,,Entry level,FULL_TIME
LGA Fueling Lead Agent,,28.0,,Full-time,,,,FULL_TIME
Team Member - Fond Du Lac,,14.0,,Part-time,,,Entry level,PART_TIME
Global Security Intern,,16.2,,Internship,,,Internship,INTERNSHIP
Bilingual Door-to-Door Sales Specialist (Fluent in English & Spanish),,54000.0,,Full-time,,,,FULL_TIME
District Sales Manager,,75000.0,,Full-time,,,Mid-Senior level,FULL_TIME
Peer Support Specialist,,18.0,,Full-time,,,Entry level,FULL_TIME
Section Editor - Rheumatology,,250000.0,,Part-time,,,Mid-Senior level,PART_TIME
Shipping and Receiving Clerk,,30.0,,Contract,,,,CONTRACT
Warehouse Associate,,18.0,,Full-time,,,Entry level,FULL_TIME
"Research Assistant, Education Systems",,25.5,,Full-time,,1.0,,FULL_TIME
Fabric Order Puller Second Shift,,20.5,,Full-time,,,Entry level,FULL_TIME
PC Netwk Tech II,,24.0,,Full-time,,,Entry level,FULL_TIME
Maintenance Technician,,30.68,,Full-time,,,Entry level,FULL_TIME
General Manager,,24.0,,Full-time,,,Executive,FULL_TIME
DOCK OPERATIONS COORDINATOR I TACOMA SHIPYARD,,21.0,,Full-time,,,Entry level,FULL_TIME
Miner 5 - New Hire (East Tennessee Mines),,22.0,,Full-time,,,Entry level,FULL_TIME
Associate Client Support Rep. (Remote),,19.0,,Full-time,,,,FULL_TIME
Machine Operator 2nd Shift,,22.75,,Full-time,,,Entry level,FULL_TIME
"Senior AWS Cloud Ops Engineer (CLDOPS-03) // 100% On-Site Bethesda, MD",,110.0,,Contract,,,Mid-Senior level,CONTRACT
Digital Imaging technician / Color Grading Expert ,,26.0,,Contract,,1.0,Associate,CONTRACT
Junior AI/ML Software Engineer,,112000.0,,Full-time,,1.0,Mid-Senior level,FULL_TIME
Ticonderoga Mill Invitation Only HIRING EVENT 4/26,,24.65,,Full-time,,1.0,,FULL_TIME
Shipping and Receiving Specialist,,30.0,,Contract,,,,CONTRACT
Marketing Manager,,60000.0,,Full-time,,,,FULL_TIME
Behavior Technician (BT) / Registered Behavior Technician (RBT),,15.5,,Full-time,,,,FULL_TIME
Director of Emergency Services,,34.38,,Full-time,,,Director,FULL_TIME
Home Health Aide (CNA) - Hospice Float - Up to $31/hour,,31.0,,Full-time,,,,FULL_TIME
Customer Service Representative,,17.54,,Full-time,,1.0,Mid-Senior level,FULL_TIME
"Data Visualization Analyst, Dell Medical School",,62128.0,,Full-time,,,,FULL_TIME
Degree Plan Evaluator II,,44000.0,,Full-time,,,,FULL_TIME
Laboratory Research Assistant,,42000.0,,Full-time,,,,FULL_TIME
"Driver CDL - Jackson, MS 1st Shift",,28.5,,Full-time,,,Entry level,FULL_TIME
Inventory Control Clerk,,18.75,,Full-time,,,Entry level,FULL_TIME
Maintenance Technician,,30.59,,Full-time,,,Entry level,FULL_TIME
"Development Associate, Development & Alumni Relations, Cockrell School of Engineering",,45000.0,,Full-time,,,,FULL_TIME
MAINTENANCE TECH B - Nights (D Crew),,30.12,,Full-time,,,Entry level,FULL_TIME
"Summer Only Material Handler  - All Shifts - Lebanon, IN",,18.0,,Full-time,,,Entry level,FULL_TIME
Assistant Store Leader,,18.0,,Full-time,,,Mid-Senior level,FULL_TIME
Traffic Clerk,,20.0,,Full-time,,,Entry level,FULL_TIME
Sales Representative - Electrical,,75000.0,,Full-time,,,Entry level,FULL_TIME
Senior Administrative Associate - Office of the Registrar,,47500.0,,Full-time,,,,FULL_TIME
Outbound Member Engagement Scheduling Coordinator - OKC - Remote,,15.0,,Full-time,,1.0,Associate,FULL_TIME
"Assistant Supervisor, Animal Resources Center",,55000.0,,Full-time,,,,FULL_TIME
"Lead PR04 - 3rd shift Temperanceville, VA",,18.05,,Full-time,,,,FULL_TIME
"Janitor Opr PR03 - 2nd Shift; Enid, OK",,17.15,,Full-time,,,,FULL_TIME
Plant Sanitation Specialist Weekend/Part Time - Swing - $19.65,,19.65,,Part-time,,,Entry level,PART_TIME
Front Desk Agent,,18.9,,Full-time,,,Entry level,FULL_TIME
Law Enforcement Officer,,32.57,,Full-time,,,Mid-Senior level,FULL_TIME
Pest Control Technician,,75000.0,,Full-time,,,Entry level,FULL_TIME
No Experience Required - Entry-level Behavior Technician - Help Kids with Autism!,,15.5,,Full-time,,,,FULL_TIME
Hybrid Customer Service Representative,,17.54,,Full-time,,,Mid-Senior level,FULL_TIME
"Student Program Coordinator, Texas McCombs",,49500.0,,Full-time,,,,FULL_TIME
Grants and Contracts Specialist,,33000.0,,Part-time,,,,PART_TIME
Outbound Member Engagement Scheduling Coordinator - OKC - Remote,,15.0,,Full-time,,1.0,Associate,FULL_TIME
Cobb - Pedigree House Worker,,15.45,,Full-time,,,,FULL_TIME
Customer Care Representative I - $19 per hour - Hybrid,,19.0,,Full-time,,,Entry level,FULL_TIME
Retail Stocking Associate,,17.28,,Part-time,,,Entry level,PART_TIME
Associate Director of Development,,65000.0,,Full-time,,,,FULL_TIME
"Intern, Digital",,18.0,,Full-time,,,Internship,FULL_TIME
Outbound Member Engagement Scheduling Coordinator - OKC - Remote,,15.0,,Full-time,,1.0,Associate,FULL_TIME
Maintenance Technician - 2nd Shift,,28.0,,Full-time,,,Entry level,FULL_TIME
STANDBY OPERATOR-LF,,21.68,,Full-time,,,Entry level,FULL_TIME
STANDBY OPERATOR-LF,,21.68,,Full-time,,,Entry level,FULL_TIME
WAREHOUSE WORKER-AK 2nd Shift,,25.41,,Full-time,,,Entry level,FULL_TIME
Personal Injury Litigator,,150000.0,,Full-time,,,Mid-Senior level,FULL_TIME
Registered Dental Hygienist,,55.0,,Full-time,,,,FULL_TIME
Associate Campaign Coordinator (temporary) - French-speaking,,15.0,,Part-time,,,Entry level,PART_TIME
"Physician Assistant/Advanced Practice Nurse, Clinic, Institute for Cardiovascular Health, UT Health Austin",,120000.0,,Full-time,,,,FULL_TIME
JSG - Research Engineering Scientist Assistant,,25.0,,Part-time,,,,PART_TIME
Outbound Call Center Rep - Remote,,15.0,,Full-time,,1.0,Associate,FULL_TIME
Trainer,,21.0,,Full-time,,,Mid-Senior level,FULL_TIME
Recreation Attendant,,18.85,,Full-time,,,Entry level,FULL_TIME
Personal Injury Litigator,,150000.0,,Full-time,,,Mid-Senior level,FULL_TIME
"Teller I - 30 hrs - Westbrook, Maine",,20.5,,Part-time,,,Entry level,PART_TIME
Senior Accountant,,108000.0,,Full-time,,,Mid-Senior level,FULL_TIME
Service Technician 2,,3500.0,,Full-time,,,Entry level,FULL_TIME
Lead Security - Driver's License required $20,,20.0,,Full-time,,,Mid-Senior level,FULL_TIME
Customer Sales Guide,,50000.0,,Full-time,,,Associate,FULL_TIME
Associate Campaign Coordinator (temporary) - Korean-speaking,,15.0,,Part-time,,,Entry level,PART_TIME
Hybrid Customer Service Representative,,17.54,,Full-time,,,Mid-Senior level,FULL_TIME
Plant Sanitation Specialist Weekday/Part Time - Graveyard - $19.65,,19.65,,Part-time,,,Entry level,PART_TIME
Senior Account Executive,,40000.0,,Full-time,,1.0,Associate,FULL_TIME
Teller I (Whitestone) 20 Hours,,28.5,,Part-time,,,Entry level,PART_TIME
Teller I (Chinatown) Preferred Bilingual Mandarin- 20 Hours,,28.5,,Part-time,,,Entry level,PART_TIME
Overnight Security Professional,,20.0,,Full-time,,,Entry level,FULL_TIME
Senior Director – East Coast Acquisitions,,225000.0,,Full-time,,,Director,FULL_TIME
Cycle Counter,,18.75,,Full-time,,,Entry level,FULL_TIME
Assembler,,17.3,,Full-time,,,Entry level,FULL_TIME
Machine Operator,,16.0,,Full-time,,,Entry level,FULL_TIME
Warehouse Worker,,18.0,,Full-time,,,Entry level,FULL_TIME
Forklift Operator / Wrapper,,17.0,,Full-time,,,Entry level,FULL_TIME
Plant Maintenance Mechanic,,25.0,,Full-time,,,Entry level,FULL_TIME
Plant Maintenance Mechanic,,25.0,,Full-time,,,Entry level,FULL_TIME
Supervisor - Driving,,18.0,,Full-time,,,Mid-Senior level,FULL_TIME
Building Attendant II - Weekend Night,,18720.0,,Part-time,,,,PART_TIME
Student Programs Assistant,,50000.0,,Full-time,,,,FULL_TIME
"General Labor - 2nd & 3rd Shift - Rome, GA 30161",,20.28,,Full-time,,,,FULL_TIME
Smokeless Helper - Legacy NC,,26.91,,Full-time,,,Entry level,FULL_TIME
Service Technician 2,,3500.0,,Full-time,,,Entry level,FULL_TIME
Document Agent,,18.0,,Full-time,,,Mid-Senior level,FULL_TIME
Youth Specialist,,15.0,,Full-time,,,Entry level,FULL_TIME
Customer Care Advocate,,20.75,,Full-time,,,,FULL_TIME
Assistant Facility Manager,,19.0,,Full-time,,,Mid-Senior level,FULL_TIME
Valet,,17.1,,Part-time,,,Entry level,PART_TIME
Student Radiology Technologist LPT,,19.04,,Part-time,,,Internship,PART_TIME
Account Executive,,35000.0,,Full-time,,1.0,Associate,FULL_TIME
Housekeeper,,17.05,,Full-time,,,Entry level,FULL_TIME
Senior Personal Injury Litigator,,150000.0,,Full-time,,,Mid-Senior level,FULL_TIME
Donor Center Phlebotomist/Customer Service - Training Provided,,18.0,,Full-time,,,,FULL_TIME
Pest Control Technician,,16.67,,Full-time,,,Entry level,FULL_TIME
Dealership Operations Advisor,,18.0,,Full-time,,,Associate,FULL_TIME
Mail Processor,,17.0,,Full-time,,,Entry level,FULL_TIME
Youth Specialist,,15.0,,Full-time,,,Entry level,FULL_TIME
Entry Level Insurance Sales (1457),,4800.0,,Full-time,,,Entry level,FULL_TIME
"Track Laborer-Driver Eligible - Portland, OR",,29.64,,Full-time,,,Entry level,FULL_TIME
Carol Fabrics- Tabler,,15.0,,Full-time,,,,FULL_TIME
Security Officer (Construction),,19.0,,Full-time,,,Entry level,FULL_TIME
Physical Therapist - 13 Week Assignment - $75/hour | Miamisburg Rehab,,75.0,,Full-time,,,Entry level,FULL_TIME
"Underwriting Technician, National Accounts Casualty",,500000.0,,Full-time,,1.0,,FULL_TIME
Assembler,,18.0,,Full-time,,,Entry level,FULL_TIME
"Community Support Professional III - Intensive - REACH (NRV Area) ($2,500 Sign on Bonus)",,42214.0,,Full-time,,,Entry level,FULL_TIME
Personal Injury Litigator,,150000.0,,Full-time,,,Mid-Senior level,FULL_TIME
Retail Banker I (14th & 5th) Preferred Bilingual French- 30 Hours,,31.5,,Part-time,,,Mid-Senior level,PART_TIME
Blood Collection Staff/Customer Service - Driver,,18.85,,Full-time,,,,FULL_TIME
Transportation Officer,,17.0,,Full-time,,,Entry level,FULL_TIME
Tasker,,19.0,,Full-time,,,,FULL_TIME
Bilingual Administrative Clerk,,20.0,,Full-time,,,Entry level,FULL_TIME
Licensed Practical Nurse (LPN) Nights - 13 Week Assignment $50/hr. | Greeley Rehab,,50.0,,Part-time,,,Entry level,PART_TIME
Part Time Retail Merchandiser - Topeka KS 66604,,13.0,,Part-time,,,Entry level,PART_TIME
Executive Director (Administrator),,160000.0,,Full-time,,,Executive,FULL_TIME
Carole Fabrics- Inspector,,13.0,,Full-time,,,Entry level,FULL_TIME
PT Patrol Officer,,19.0,,Part-time,,,Mid-Senior level,PART_TIME
Armed Security Officer,,25.0,,Full-time,,,Entry level,FULL_TIME
Seasonal Sales Associates,,17.5,,Full-time,,,Entry level,FULL_TIME
Assembly Operator,,17.5,,Full-time,,,Associate,FULL_TIME
Loan and Collection Specialist,,17.5,,Full-time,,,Entry level,FULL_TIME
Mechanical Designer- Auto CAD,,29.0,,Contract,,,Entry level,CONTRACT
Section Editor - Rheumatology,,250000.0,,Part-time,,1.0,Mid-Senior level,PART_TIME
Youth Specialist,,15.0,,Full-time,,,Entry level,FULL_TIME
License Plate Inventory (LPI) Agent - Driving,,14.0,,Part-time,,,Entry level,PART_TIME
Cashier,,11.0,,Part-time,,,Entry level,PART_TIME
Entry Level Insurance Sales (2756),,4800.0,,Full-time,,,Entry level,FULL_TIME
Quality Technician II,,19.5,,Full-time,,,Entry level,FULL_TIME
MUSC Health Regional CRNA Director,,250000.0,,Full-time,,,Director,FULL_TIME
Teller I (Whitestone) 30 Hours,,28.5,,Part-time,,,Entry level,PART_TIME
Banking Associate (19th & 1st) 30 Hours,,30.0,,Part-time,,,Entry level,PART_TIME
Data Center Flex Officer - Open Availability,,22.0,,Full-time,,,Entry level,FULL_TIME
"Security Officer - Amsterdam, NY",,17.0,,Full-time,,,Entry level,FULL_TIME
Corporate Office Security,,20.0,,Full-time,,,Entry level,FULL_TIME
Warehouse Lead,,21.0,,Temporary,,,Mid-Senior level,TEMPORARY
CDL A Driver,,20.0,,Full-time,,,Entry level,FULL_TIME
Machine Operator,,18.0,,Full-time,,,Entry level,FULL_TIME
Forklift Operator,,18.0,,Full-time,,,Entry level,FULL_TIME
Yard Driver NON DOT,,20.65,,Full-time,,,Entry level,FULL_TIME
Order Filler Picker,,19.0,,Full-time,,,Entry level,FULL_TIME
Material Coordinator (electronics),,35.0,,Temporary,,,Entry level,TEMPORARY
Plant Associate Lead,,22.0,,Full-time,,,Mid-Senior level,FULL_TIME
Entry Level Insurance Sales (2764),,4800.0,,Full-time,,,Entry level,FULL_TIME
"Test Administrator - Santa Maria, CA (Part-Time)",,17.5,,Part-time,,,Entry level,PART_TIME
Pest Control Technician,,75000.0,,Full-time,,,Entry level,FULL_TIME
Program Coordinator I,,19.64,,Full-time,,,Entry level,FULL_TIME
Carole Fabrics - Machine Operator,,13.0,,Full-time,,,Entry level,FULL_TIME
Xfinity Retail Sales Consultant,,16.3,,Full-time,,,Associate,FULL_TIME
Assembler,,18.0,,Full-time,,,Entry level,FULL_TIME
Assembler,,18.0,,Full-time,,,Entry level,FULL_TIME
